"성별","연도","교육","지역","월급"
2,1945,4,1,NA
1,1948,3,1,172
1,1942,7,1,100
1,1962,6,1,268
2,1963,5,1,140
2,2003,5,1,NA
1,1927,4,1,NA
2,1934,4,1,NA
2,1940,3,2,27
2,1970,5,1,NA
2,1992,4,1,NA
1,1940,4,1,NA
2,1941,2,1,NA
1,1962,6,1,NA
1,1978,7,1,267
2,1975,7,1,217
2,2004,5,1,NA
2,2008,4,1,NA
1,1941,5,1,NA
2,1942,3,1,100
1,1964,3,1,NA
1,1975,7,1,NA
2,1961,4,1,117
1,1961,4,1,383
2,1986,6,1,283
2,1962,5,1,150
2,1985,7,1,NA
1,1992,5,1,220
1,1952,5,1,310
2,1961,4,2,NA
2,1982,6,1,NA
1,1984,7,1,NA
2,2020,1,1,NA
1,1971,7,7,350
2,1945,5,7,NA
1,1943,3,1,NA
1,1972,7,1,NA
2,1974,6,1,655
2,2006,4,1,NA
2,2006,4,1,NA
2,1954,4,1,272
2,1941,3,1,NA
1,1972,7,1,387
2,1973,7,1,417
1,2004,5,1,NA
2,1936,3,1,NA
1,1968,5,2,260
2,1940,2,2,NA
2,1982,5,2,40
1,1976,5,2,310
1,2010,3,2,NA
2,2012,3,2,NA
2,1937,3,1,NA
1,1959,4,1,290
2,1967,5,1,160
2,1995,5,1,NA
2,1998,5,1,180
1,1955,4,1,165
2,1958,5,1,NA
1,1982,6,2,244
1,1968,5,1,760
2,1970,5,1,250
1,1994,5,1,NA
1,1999,7,1,NA
1,1973,8,1,910
2,1975,7,1,NA
1,2004,5,1,NA
2,2007,4,1,NA
1,1950,5,5,249
2,1956,5,5,214
1,1930,4,1,NA
2,1938,3,1,NA
2,1962,4,1,NA
2,1991,6,1,220
2,1959,7,1,NA
2,1989,8,1,220
2,1995,6,1,220
2,1997,7,1,90
2,1982,5,5,281
2,1985,5,5,281
2,1957,5,5,25
1,1975,5,5,386
1,1947,7,1,NA
2,1956,5,1,NA
1,1980,7,1,667
2,1984,7,1,850
1,1954,4,1,NA
2,1960,4,1,NA
1,1978,6,1,530
2,1983,6,1,NA
1,1981,6,1,300
2,1946,5,2,NA
1,1965,5,1,NA
2,1968,5,1,NA
2,1998,5,1,130
2,2001,5,1,NA
1,1958,5,1,300
2,1959,5,1,NA
1,1988,6,1,NA
1,1960,4,1,250
2,1960,3,1,NA
2,1989,6,1,180
1,1987,7,2,310
2,1986,5,2,180
1,2013,3,2,NA
2,2017,1,2,NA
1,1961,3,2,NA
2,1992,7,2,30
2,1996,7,2,142
2,1933,3,2,NA
1,1967,5,1,190
2,1994,7,1,120
2,1941,3,1,NA
1,1936,4,1,NA
2,1940,3,1,NA
1,1957,4,1,310
2,1960,3,1,NA
1,1983,6,2,250
1,1950,3,2,60
2,1953,3,2,60
1,1959,5,1,NA
2,1961,5,1,NA
2,1990,7,1,273
1,1954,6,1,250
2,1955,5,1,20
2,1981,7,1,542
2,1989,6,1,285
1,1971,4,1,NA
2,1977,5,1,NA
2,2000,6,1,130
1,2002,6,1,NA
1,2004,5,1,NA
2,2014,3,1,NA
2,1939,2,1,NA
2,1954,4,1,72
1,1978,6,2,505
2,1982,6,2,NA
2,2014,3,2,NA
1,2016,1,2,NA
1,1942,4,1,NA
2,1949,3,1,NA
1,1995,5,1,175
2,1980,7,1,NA
1,1980,7,1,520
2,2016,1,1,NA
2,1943,4,1,NA
1,1973,5,1,292
1,1960,5,1,NA
2,1966,5,1,110
1,1994,7,1,240
2,1943,2,1,35
2,1971,7,1,NA
2,1998,7,1,200
2,1999,7,1,30
1,1958,5,1,208
2,1958,4,1,90
1,1966,5,1,414
2,1968,7,1,189
1,1959,5,1,220
2,1959,5,1,180
1,1960,7,1,267
2,1960,5,1,140
1,1988,6,1,292
2,1960,3,1,NA
1,1957,3,1,70
1,1987,6,1,230
2,1943,5,1,109
2,1971,5,1,NA
1,1959,4,1,NA
2,1965,3,1,NA
1,1987,7,1,185
2,1988,7,1,253
1,1938,5,1,NA
2,1939,3,1,NA
1,1964,4,1,248
1,1969,7,1,293
2,1977,7,1,218
2,2006,4,1,NA
1,2010,3,1,NA
2,1971,7,2,383
1,1966,9,2,196
1,2012,3,2,NA
1,1965,2,1,NA
2,1958,5,1,NA
1,1987,7,1,271
2,1942,3,1,27
1,1925,3,1,NA
2,1936,3,1,NA
2,1953,5,1,NA
1,1978,7,1,675
2,1979,7,1,NA
1,2009,3,1,NA
1,2011,3,1,NA
1,1979,7,2,775
2,1983,7,2,NA
2,1946,3,1,NA
1,1957,3,1,NA
2,1934,3,1,27
2,1958,4,1,150
2,1983,7,1,1000
1,1975,7,1,492
1,2014,3,1,NA
2,2015,1,1,NA
1,1984,5,2,590
2,1984,5,2,NA
2,2013,3,2,NA
1,2019,1,2,NA
1,1945,7,2,NA
2,1982,7,2,NA
2,1957,5,1,NA
1,1982,7,1,298
2,1979,7,1,190
1,1975,8,1,605
1,2012,3,1,NA
1,2015,1,1,NA
1,1932,4,1,NA
2,1940,3,1,NA
1,1959,7,2,787
2,1964,6,2,NA
2,1990,7,2,262
2,1989,7,1,250
1,1987,7,1,300
1,1952,3,1,NA
1,1952,5,1,NA
2,1950,5,1,NA
2,1980,8,1,NA
1,1967,5,1,NA
2,1968,5,1,NA
2,1995,6,1,292
1,2000,5,1,180
1,1973,8,1,NA
2,1976,7,1,260
1,2006,4,1,NA
1,1973,6,1,618
2,1973,5,1,250
2,2000,7,1,90
1,2002,5,1,230
1,1964,7,1,250
2,1962,8,1,NA
1,1947,6,1,NA
2,1958,5,1,NA
1,1976,6,2,NA
2,1981,6,2,125
1,2008,4,2,NA
2,1951,3,1,NA
2,1933,2,1,NA
1,1958,5,1,NA
2,1962,5,1,NA
1,1988,6,1,333
1,1977,6,7,NA
2,1977,6,7,NA
2,2007,4,7,NA
2,2009,3,7,NA
1,2011,3,7,NA
1,1979,6,2,330
2,1979,6,2,268
1,2007,4,2,NA
2,2013,3,2,NA
2,1946,3,2,NA
1,1944,4,1,NA
2,1952,4,1,60
1,1972,5,1,50
1,1944,5,2,NA
2,1952,4,2,NA
1,1946,5,1,NA
2,1948,5,1,27
2,1936,5,1,NA
2,1942,4,1,NA
1,1977,7,2,600
2,1979,5,2,200
1,2006,4,2,NA
2,2008,4,2,NA
2,1930,3,1,NA
1,1965,5,1,NA
2,1970,5,1,NA
2,1995,6,1,213
2,2001,6,1,NA
2,1940,4,1,NA
2,1943,2,1,27
1,1938,4,1,NA
2,1946,3,1,NA
1,1954,7,1,NA
2,1958,5,1,NA
1,1984,7,1,266
2,1937,3,1,27
2,1962,4,1,179
2,1941,3,1,108
1,1968,4,1,135
2,1953,3,1,80
1,1974,7,1,851
2,1979,7,1,424
2,2007,4,1,NA
2,1954,3,7,NA
1,1944,3,1,NA
2,1944,3,1,NA
1,1952,3,1,196
2,1956,3,1,NA
2,1948,5,1,NA
2,1942,5,1,NA
2,1965,5,1,NA
2,1994,7,1,270
1,1959,5,1,427
2,1989,8,1,250
1,1984,7,1,640
2,1941,3,1,NA
1,1940,3,1,NA
1,1932,4,1,NA
2,1936,3,1,NA
1,1960,5,1,200
2,1963,5,1,NA
2,1990,7,1,317
1,1963,5,6,NA
2,1990,5,6,NA
2,2011,3,6,NA
2,2013,3,6,NA
1,1977,7,1,725
2,1978,8,1,670
2,2006,4,1,NA
2,1950,3,1,NA
1,2008,4,1,NA
1,2016,1,1,NA
2,1980,6,7,NA
1,1980,6,7,NA
1,2010,3,7,NA
1,2013,3,7,NA
2,2016,1,7,NA
1,1948,5,1,NA
2,1950,3,1,35
1,1977,6,1,395
2,1976,6,2,NA
1,1973,7,2,514
1,2008,4,2,NA
1,1968,5,1,NA
2,1966,5,1,380
1,1998,7,1,80
2,2000,7,1,64
1,1959,3,1,191
2,1964,3,1,NA
2,1986,7,1,284
2,1988,5,1,300
1,1939,4,2,NA
2,1940,3,2,NA
1,1945,7,1,NA
2,1949,5,1,NA
1,1973,7,1,250
2,1969,7,1,458
2,2007,4,1,NA
1,2009,3,1,NA
1,1936,5,1,NA
2,1946,5,1,NA
2,1957,4,1,158
2,1987,7,1,170
1,1991,7,1,388
1,1955,8,1,80
2,1960,7,1,236
1,1989,7,1,268
1,1957,5,2,NA
1,1989,6,2,293
1,1952,4,1,NA
1,1960,4,1,363
2,1960,4,1,NA
2,1988,6,2,NA
1,1984,7,2,341
2,2018,1,2,NA
2,2020,1,2,NA
2,1993,5,1,NA
1,1992,5,1,NA
2,1971,8,1,100
2,1976,7,2,689
1,1973,8,2,1151
1,1950,5,1,NA
2,1953,4,1,NA
1,1982,8,1,504
2,1987,7,1,498
1,2016,1,1,NA
1,2019,1,1,NA
2,1937,3,2,NA
1,1938,4,1,NA
1,1997,5,1,145
2,1994,5,2,150
1,1994,7,2,NA
2,2016,1,2,NA
2,2018,1,2,NA
1,1965,5,1,514
2,1969,5,1,231
2,1993,6,1,244
2,2000,6,1,NA
2,1992,7,1,NA
1,1986,6,1,292
1,1970,5,1,375
2,1971,5,1,254
2,2001,6,1,NA
2,2003,5,1,NA
2,1944,5,1,NA
2,1950,3,2,NA
1,1971,5,2,300
1,1997,6,2,NA
2,1936,7,1,NA
1,1957,5,2,NA
2,1958,5,2,NA
1,1983,6,2,NA
2,1979,6,2,NA
1,1975,7,2,368
2,2009,3,2,NA
1,2012,3,2,NA
1,1962,5,1,210
2,1964,5,1,NA
1,1990,7,1,368
1,1994,6,1,330
1,1952,5,1,NA
2,1957,5,1,100
1,1981,6,1,683
2,1986,7,1,510
1,2015,1,1,NA
1,2019,1,1,NA
2,1984,7,1,583
1,1982,7,1,1250
2,2017,1,1,NA
1,2020,1,1,NA
1,1952,2,7,NA
2,1936,2,1,NA
1,1960,5,1,NA
1,1966,6,1,NA
2,1966,5,1,NA
2,2004,5,1,NA
2,2004,5,1,NA
2,1939,5,1,NA
1,1960,5,1,590
2,1962,5,1,NA
1,1961,6,1,NA
2,1968,6,1,280
1,1998,5,1,215
2,1999,6,1,NA
1,1964,8,5,368
2,1975,5,5,NA
2,1997,7,5,NA
1,1999,7,5,220
2,2008,4,5,NA
2,2011,3,5,NA
2,1942,4,1,NA
1,1974,5,2,370
2,1981,6,2,150
2,2007,4,2,NA
1,1940,7,1,NA
2,1943,5,1,NA
1,1968,7,1,NA
1,1955,5,1,NA
2,1961,5,1,NA
1,1993,7,1,NA
1,1961,4,1,185
2,1961,4,1,70
2,1943,5,1,NA
1,1979,8,2,467
2,1983,8,2,NA
1,2010,3,2,NA
2,2019,1,2,NA
1,1945,8,2,NA
2,1953,5,2,NA
2,1946,3,1,NA
2,1947,5,1,NA
1,2001,7,1,NA
2,1935,5,1,NA
2,1950,7,1,NA
1,1978,7,1,700
2,1979,6,1,NA
1,1981,5,1,500
2,1927,3,2,NA
2,1960,5,2,NA
1,1953,5,2,NA
2,1987,7,2,252
1,1973,7,1,NA
1,1970,5,1,380
2,1969,5,1,415
1,1999,6,1,NA
2,1943,4,1,NA
1,1979,7,1,NA
2,1983,7,1,NA
1,2017,1,1,NA
1,1947,5,4,NA
2,1948,4,4,NA
2,1980,6,1,360
1,1937,5,2,NA
2,1943,4,2,NA
1,1936,8,1,NA
2,1939,7,1,NA
1,1969,4,1,290
2,1971,5,1,NA
2,2000,5,1,215
2,2002,5,1,235
2,1972,7,2,378
1,1979,5,2,140
2,2010,3,2,NA
1,2012,3,2,NA
2,1956,5,1,NA
1,1945,5,1,NA
2,1948,3,1,NA
2,1954,3,2,NA
1,1974,5,1,700
2,1974,6,1,NA
2,2005,5,1,NA
1,1963,5,1,NA
2,1964,4,1,NA
2,1990,6,1,284
1,1991,7,1,380
1,1950,7,1,NA
2,1953,5,1,NA
2,1958,3,1,102
1,1984,5,1,231
1,1950,4,6,NA
1,1977,7,2,1533
2,1979,7,2,NA
1,2010,3,2,NA
1,2014,3,2,NA
2,2015,1,2,NA
2,1979,7,1,430
1,1980,7,1,599
2,2014,3,1,NA
2,2014,3,1,NA
1,2016,1,1,NA
2,1969,7,2,167
1,1970,6,2,720
2,1946,3,1,160
2,1943,3,7,27
1,1917,2,7,NA
2,1930,2,1,NA
2,1953,5,6,NA
2,1983,6,6,202
2,2013,3,6,NA
1,1978,6,6,451
1,2010,3,6,NA
1,1969,7,2,625
2,1973,7,2,655
2,2000,7,2,NA
1,2003,5,2,NA
2,1943,3,1,NA
1,1969,7,1,675
2,1972,6,1,229
2,2000,6,1,NA
2,2002,6,1,NA
1,1975,6,1,NA
2,1976,5,1,NA
1,2004,5,1,NA
1,2009,3,1,NA
1,1969,6,1,NA
1,1956,7,1,NA
2,1958,6,1,NA
2,1963,7,3,NA
1,1948,5,1,30
2,1954,3,1,NA
2,1979,7,1,39
1,1979,6,1,490
2,2011,3,1,NA
1,2013,3,1,NA
1,1957,5,1,NA
2,1955,5,1,NA
1,1968,7,1,720
2,1971,7,1,244
1,1999,7,1,NA
1,1958,5,1,NA
2,1990,7,1,1083
2,1962,6,1,270
2,1986,7,1,NA
1,1990,7,1,NA
2,1950,7,1,NA
1,1933,5,1,NA
2,1939,3,1,NA
1,1965,7,1,NA
2,1940,3,1,NA
1,1942,3,1,NA
1,1975,5,1,NA
2,1980,5,1,470
1,2007,4,1,NA
2,2009,3,1,NA
1,1935,5,1,NA
2,1942,4,1,NA
1,1973,5,2,NA
2,1976,5,2,NA
2,1941,2,2,NA
1,1926,7,1,NA
1,1949,4,1,NA
2,1955,3,1,NA
2,1990,6,1,201
2,1990,5,2,NA
2,1992,6,2,252
1,1954,5,2,400
2,1960,5,2,135
1,1995,7,2,NA
1,1968,5,1,378
2,1934,3,1,NA
1,1963,7,1,NA
1,1993,6,1,223
2,1968,6,1,NA
2,2005,5,1,NA
2,2007,4,1,NA
2,1971,8,1,NA
1,1946,3,1,NA
2,1951,3,1,NA
2,1979,7,1,550
1,1978,7,1,533
2,2007,4,1,NA
1,2010,3,1,NA
1,1945,3,2,55
2,1951,7,2,NA
2,1970,5,1,212
2,1999,5,1,224
1,1995,5,1,184
1,1947,7,1,NA
2,1942,3,1,NA
1,1961,7,1,NA
1,1993,5,1,270
2,1995,7,1,227
1,1932,7,1,NA
2,1939,5,1,NA
2,1978,6,1,200
1,1983,5,1,NA
1,1945,4,1,NA
2,1951,4,1,NA
2,1965,5,1,343
2,1986,5,1,200
1,1945,7,1,NA
2,1949,7,1,NA
1,1968,7,2,NA
2,1969,7,2,NA
1,1997,7,2,NA
1,1959,3,2,277
2,1960,3,2,100
1,1988,5,2,364
2,1986,5,2,NA
1,1980,5,2,NA
2,2015,1,2,NA
2,2017,1,2,NA
1,1962,7,1,141
2,1965,7,1,192
2,1991,7,1,NA
1,1994,7,1,200
1,1965,5,1,NA
2,1965,5,1,NA
2,1992,7,1,NA
2,1996,7,3,392
1,1964,6,2,400
2,1966,5,2,170
1,1990,5,2,105
2,1953,5,1,27
1,1975,7,1,200
1,1950,4,1,NA
2,1954,4,1,NA
2,1984,5,1,NA
1,1978,6,1,1353
2,2014,3,1,NA
1,2017,1,1,NA
2,1987,6,2,394
1,1980,7,2,516
2,1960,5,1,210
2,1992,6,1,194
2,1995,6,1,220
2,1974,5,2,NA
1,1975,7,2,200
1,1958,6,1,249
2,1958,4,1,NA
2,1988,8,1,524
1,1981,8,1,614
2,2020,1,1,NA
1,1957,5,5,NA
2,1960,4,5,NA
2,1995,7,5,555
2,1995,5,1,NA
1,1968,5,1,125
2,1971,5,1,100
1,1998,8,1,NA
1,1952,6,1,460
2,1952,5,1,NA
2,1983,7,1,NA
2,1978,7,1,579
1,2008,4,1,NA
2,2010,3,1,NA
2,1983,7,1,NA
2,1980,7,1,NA
1,1979,7,1,581
2,2010,3,1,NA
1,1958,4,1,250
2,1965,5,1,NA
2,1993,6,1,230
1,1963,6,1,NA
1,1939,4,1,NA
2,1947,3,1,191
2,1945,4,1,27
2,1949,5,1,NA
2,1945,2,1,NA
2,1930,7,1,NA
2,1937,3,1,NA
2,1956,4,1,NA
1,1932,3,1,NA
2,1942,3,1,NA
2,1957,4,1,NA
1,1980,7,2,NA
2,1982,7,2,NA
1,1982,8,1,508
2,1970,6,1,206
1,2001,6,1,NA
1,1966,7,1,891
2,1970,5,1,65
2,1998,5,1,250
2,2000,7,1,NA
1,1940,3,1,NA
2,1944,3,1,NA
1,1972,5,1,338
2,1940,4,1,NA
2,1958,4,1,280
2,1984,5,1,286
2,1982,6,1,NA
1,1946,8,1,NA
2,1950,7,1,NA
1,1969,6,1,315
2,1972,5,1,220
2,2001,6,1,NA
2,2003,5,1,NA
1,1960,3,1,NA
2,1962,3,1,NA
1,1942,4,1,71
2,1941,4,1,NA
1,1952,3,1,NA
2,1956,3,1,100
2,1982,6,1,NA
1,1976,5,1,385
1,2009,3,1,NA
2,2015,1,1,NA
1,1939,3,1,NA
2,1943,3,1,27
2,1932,2,2,NA
1,1963,7,2,330
2,1962,5,2,NA
2,1990,6,2,NA
1,1986,7,2,415
2,2015,1,2,NA
2,2018,1,2,NA
1,2020,1,2,NA
1,1948,4,2,NA
2,1952,4,2,NA
1,1945,7,1,NA
2,1947,7,1,NA
1,1957,5,1,NA
2,1962,5,1,NA
1,1983,5,1,NA
2,1954,3,2,NA
2,1975,5,2,352
2,1981,8,2,NA
1,1980,5,2,350
2,2021,1,2,NA
2,1946,4,1,27
1,1968,7,1,375
2,1969,7,1,NA
2,1997,7,1,240
1,1964,6,1,400
2,1972,5,1,300
2,2001,6,1,NA
1,2002,5,1,NA
1,1962,7,1,675
2,1961,7,1,NA
2,1986,7,1,NA
1,1980,7,1,517
1,1992,7,2,512
1,1943,5,1,NA
2,1946,5,1,NA
1,1940,6,1,NA
2,1942,3,1,NA
2,1947,4,7,NA
1,1958,5,7,NA
2,1954,3,1,NA
1,1942,5,1,NA
2,1947,5,1,NA
1,1975,5,1,343
2,1981,7,1,161
1,2011,3,1,NA
1,2013,3,1,NA
1,2017,1,1,NA
2,1944,3,1,27
2,1935,2,2,NA
2,1936,4,1,NA
2,1959,5,7,91
1,1945,3,1,NA
2,1947,3,1,NA
1,1963,5,1,297
2,1960,4,1,280
1,1955,7,1,105
2,1956,5,1,NA
2,1987,7,1,NA
1,1981,7,1,1417
2,2016,1,1,NA
2,1989,7,1,NA
1,1989,7,1,345
1,1956,4,5,NA
2,1940,3,1,NA
1,1971,5,1,37
2,1939,2,7,NA
2,1964,4,7,NA
1,1952,5,7,NA
1,1956,5,1,NA
2,1964,5,1,159
2,1992,6,1,242
2,1995,5,1,80
1,1963,5,1,1200
2,1967,5,1,200
2,1992,7,1,300
2,1994,6,1,310
1,2003,5,1,NA
1,1939,5,1,NA
2,1946,4,1,NA
1,1967,7,1,735
2,1966,5,1,NA
1,1993,6,1,260
1,1996,7,1,180
1,1970,5,7,NA
2,1942,3,7,NA
1,1948,3,1,NA
2,1953,4,1,68
1,1981,6,1,800
2,1985,7,1,NA
2,2019,1,1,NA
1,1969,7,2,678
2,1971,7,2,167
1,1998,6,2,143
2,2001,6,2,228
1,1974,5,1,606
2,1976,5,1,NA
1,2005,5,1,NA
2,2007,4,1,NA
1,1971,7,7,750
2,1979,7,7,558
1,2005,4,7,NA
1,2007,4,7,NA
1,2013,3,7,NA
1,1969,5,2,NA
2,1969,5,2,232
2,2001,6,2,210
2,2002,7,2,NA
1,1970,9,1,2017
2,1971,7,1,NA
1,1997,7,1,NA
2,2003,5,1,NA
2,1960,9,2,167
2,1957,4,1,210
2,1985,7,1,225
2,1982,7,1,323
1,1982,7,1,638
2,2014,3,1,NA
2,2017,1,1,NA
1,1949,5,1,NA
2,1952,4,1,NA
1,1972,6,1,NA
1,1974,7,2,634
2,1977,6,2,NA
2,2013,3,2,NA
2,1940,5,1,NA
1,1941,7,1,NA
2,1942,5,1,NA
1,1953,7,1,395
2,1956,7,1,NA
1,1952,5,1,NA
2,1956,5,1,NA
1,1983,7,1,NA
1,1952,7,1,NA
2,1950,6,1,NA
1,1982,7,1,452
2,1986,5,1,192
2,1938,7,1,NA
2,1936,4,1,NA
1,1967,7,1,1250
2,1971,7,1,NA
2,2003,5,1,NA
2,2006,4,1,NA
1,1956,4,1,295
2,1956,4,1,NA
1,1947,4,2,NA
2,1953,3,2,NA
1,1963,8,2,570
2,1966,7,2,NA
2,1999,7,2,210
1,2001,7,2,NA
1,2005,5,2,NA
1,1944,7,1,NA
2,1946,3,1,NA
2,1940,3,1,NA
2,1972,7,1,NA
2,1951,2,1,NA
2,1972,7,1,667
1,1971,6,1,380
1,1974,6,2,509
2,1978,6,2,426
2,1952,6,1,208
2,1952,3,2,27
1,1979,5,2,NA
2,1979,7,2,215
1,2017,1,2,NA
1,1977,8,1,672
2,1975,9,1,NA
1,2010,3,1,NA
1,2016,1,1,NA
2,1963,5,2,NA
2,1990,7,2,230
2,1992,7,2,320
2,1979,7,1,300
1,1979,7,1,717
2,2012,3,1,NA
2,1944,4,1,27
2,1942,3,1,NA
1,1974,5,1,NA
2,1974,5,1,NA
2,2006,4,1,NA
1,2010,3,1,NA
1,1964,6,1,358
2,1968,6,1,330
2,2001,6,1,NA
2,2003,5,1,NA
1,2005,5,1,NA
1,1977,5,2,411
2,1977,6,2,196
2,2001,6,2,NA
1,1961,5,1,344
2,1963,5,1,100
1,1990,6,1,312
1,1995,5,1,233
1,1959,5,1,383
2,1963,5,1,NA
1,1990,6,1,313
2,1989,6,2,390
1,1985,7,2,327
1,1973,6,2,673
2,1971,5,2,220
1,2003,5,2,NA
2,2007,4,2,NA
1,1975,7,2,277
2,1977,6,2,202
1,2003,5,2,NA
1,2006,4,2,NA
1,1962,7,1,667
2,1968,7,1,192
2,1995,7,1,230
1,1997,7,1,NA
1,1973,5,1,290
2,1974,5,1,206
2,2008,4,1,NA
1,1975,6,1,NA
2,1975,5,1,NA
2,2003,5,1,NA
2,2008,4,1,NA
1,1978,5,2,463
2,1978,6,2,NA
2,2007,4,2,NA
2,2010,3,2,NA
1,1961,5,1,NA
2,1963,5,1,62
1,1993,6,1,315
1,1974,5,1,302
1,1942,4,1,200
2,1945,4,1,NA
2,1975,5,1,196
2,1998,5,1,NA
1,2000,5,1,220
1,2003,5,1,NA
2,2006,4,1,NA
1,1953,5,1,NA
2,1959,4,1,NA
2,1981,6,1,210
2,1983,6,1,NA
1,1979,7,1,592
2,2019,1,1,NA
1,1952,5,1,NA
2,1957,6,1,NA
1,1993,7,1,300
2,1990,7,2,275
1,1938,4,2,NA
2,1941,4,2,NA
2,1989,7,2,345
1,1946,4,1,NA
2,1949,4,1,NA
1,1978,5,1,243
1,1975,5,2,267
2,1981,5,2,60
2,2014,3,2,NA
1,2016,1,2,NA
1,1974,7,2,593
2,1976,6,2,NA
2,2005,5,2,NA
1,1947,5,1,120
2,1952,5,1,NA
1,1982,7,1,342
1,1943,8,2,NA
2,1946,7,2,NA
1,1973,7,1,NA
2,1975,7,1,275
2,1942,2,1,NA
2,1950,2,1,27
1,1941,2,1,27
2,1981,7,1,250
2,1934,2,1,NA
2,1937,2,1,NA
2,1935,4,2,NA
1,1942,3,1,6
2,1938,2,5,NA
1,1971,4,5,310
2,2004,5,5,NA
1,2008,4,5,NA
1,1944,3,1,NA
1,1958,3,1,NA
1,1992,5,1,210
1,1932,4,1,NA
2,1943,3,1,NA
2,1941,2,1,NA
1,1951,5,1,NA
2,1994,7,2,708
1,1946,7,2,NA
2,1948,5,2,NA
1,1962,7,1,NA
2,1963,7,1,714
1,1996,6,1,NA
2,1947,5,1,NA
1,1967,6,2,294
2,1973,5,2,337
2,2000,6,2,NA
1,2002,6,2,NA
1,1945,4,1,NA
1,1939,3,1,NA
2,1943,2,1,NA
1,1946,3,6,NA
2,1952,3,6,NA
2,1982,5,2,NA
1,1979,5,2,335
1,2015,1,2,NA
2,2015,1,2,NA
1,2015,1,2,NA
2,1940,3,1,NA
2,1939,2,1,NA
2,1965,5,1,517
1,1991,7,1,200
1,1989,5,1,385
2,1990,7,1,350
2,1950,4,1,NA
2,1963,5,1,NA
2,1992,6,1,275
1,1994,7,1,363
2,1985,5,6,130
1,1980,6,6,650
1,2010,3,6,NA
2,2012,3,6,NA
1,1974,6,1,NA
2,1976,6,1,235
1,2002,6,1,NA
1,2006,4,1,NA
1,2011,3,1,NA
1,1941,5,1,NA
2,1942,3,1,NA
1,1942,5,1,NA
2,1948,4,1,NA
1,1970,6,1,NA
1,1972,5,1,198
2,1967,5,2,165
2,2001,7,2,35
2,1991,5,2,NA
1,1992,7,2,593
1,2014,3,2,NA
2,2014,3,2,NA
2,2019,1,2,NA
1,1970,5,2,285
2,1971,5,2,200
1,1996,5,2,210
1,1941,3,1,NA
2,1941,2,1,NA
2,1944,4,1,NA
1,1953,3,1,NA
2,1952,3,1,190
1,1977,8,2,727
2,1977,6,2,70
1,2006,4,2,NA
1,2008,4,2,NA
1,1973,5,2,765
2,1978,5,2,82
1,2003,5,2,NA
2,2005,5,2,NA
1,2014,3,2,NA
1,1971,5,1,NA
2,1973,5,1,NA
2,1995,6,1,NA
1,1999,6,1,NA
2,1964,6,2,NA
1,1959,5,2,889
2,1940,5,1,27
2,1929,2,1,27
1,1976,6,2,NA
2,1980,6,2,NA
2,2007,4,2,NA
2,2014,3,2,NA
1,1968,7,2,751
2,1970,5,2,200
2,1998,7,2,120
2,2001,5,2,NA
1,2007,4,2,NA
1,1954,7,1,NA
2,1956,5,1,NA
1,1983,5,1,0
1,1984,6,1,NA
1,1957,4,1,NA
2,1962,4,1,NA
2,1987,7,1,415
1,1984,6,2,386
2,1985,6,2,193
1,2012,3,2,NA
2,2014,3,2,NA
1,1940,7,2,NA
1,1953,7,1,97
2,1956,7,1,NA
1,1988,7,1,528
1,1991,7,1,290
1,1936,7,1,NA
1,1963,7,1,NA
2,1972,7,1,140
1,1994,7,1,678
2,1998,7,1,NA
1,1967,7,1,330
2,1968,7,1,646
1,1998,7,1,NA
2,2001,7,1,NA
1,1951,5,1,NA
2,1958,5,1,264
2,1991,7,1,318
2,1949,3,1,NA
1,1965,5,1,360
2,1966,5,1,102
2,1997,7,1,282
1,1957,5,1,NA
2,1962,5,2,NA
1,2002,7,2,NA
1,1974,7,7,NA
2,1977,8,7,NA
2,2005,5,7,NA
1,2011,3,7,NA
2,1935,3,1,NA
1,1957,7,1,234
2,1964,5,1,224
1,1990,6,1,NA
2,1992,7,1,376
1,1961,9,1,1527
2,1965,7,1,NA
2,2001,5,1,NA
2,1990,8,1,270
1,1988,8,1,1000
2,1949,4,6,27
2,1936,7,1,NA
1,1942,5,2,NA
2,1957,2,1,130
1,1980,5,1,392
2,1979,7,1,108
1,2008,4,1,NA
1,1965,5,2,NA
2,1966,5,2,NA
1,1999,6,2,NA
1,1972,7,2,1460
2,1975,7,2,192
2,2001,7,2,NA
1,2004,5,2,NA
2,2011,3,2,NA
2,1938,3,1,NA
1,1940,5,2,NA
2,1945,3,2,NA
2,1939,2,1,NA
1,1933,3,1,NA
2,1934,2,1,NA
1,1950,4,1,NA
2,1956,5,1,150
2,1983,7,1,350
2,1986,7,1,NA
1,1979,7,1,500
2,1978,8,1,NA
2,2012,3,1,NA
1,2014,3,1,NA
1,1930,7,1,NA
2,1939,3,1,NA
2,1940,2,1,NA
1,1942,5,2,27
2,1944,4,2,70
2,1949,3,1,NA
1,1981,6,1,435
2,1985,6,1,210
1,2011,3,1,NA
1,2014,3,1,NA
1,2016,1,1,NA
1,1948,4,1,195
2,1952,5,1,NA
1,1986,7,1,NA
1,1958,7,1,275
2,1958,7,1,188
1,1984,5,1,293
1,1936,4,1,NA
2,1938,4,1,NA
2,1971,7,1,235
1,1939,3,1,NA
2,1943,4,1,15
1,1938,4,1,NA
2,1946,4,1,NA
2,1976,5,1,274
2,2009,3,1,NA
1,1943,6,1,185
2,1943,5,1,NA
1,2008,4,1,NA
1,1968,6,1,214
2,1939,5,1,NA
1,1949,4,1,NA
2,1956,3,1,NA
1,1979,5,1,300
2,1980,5,1,NA
2,2009,3,1,NA
1,2012,3,1,NA
2,1963,4,1,80
1,1992,5,1,220
2,1993,6,1,180
2,1996,5,1,200
1,1997,5,1,NA
2,1940,2,1,NA
2,1975,6,1,NA
2,1983,7,2,220
1,1986,7,2,300
1,2020,1,2,NA
1,1985,7,1,583
2,1986,7,1,NA
1,2014,3,1,NA
1,2016,1,1,NA
2,1968,5,2,65
1,1999,7,2,25
2,2002,7,2,NA
2,1947,2,1,NA
1,1966,5,1,NA
2,1996,7,1,230
2,1942,3,1,NA
1,1997,7,1,180
1,1965,7,1,200
1,1973,5,1,260
1,1937,3,2,NA
2,1939,3,2,NA
1,1954,6,1,419
2,1958,5,1,NA
2,1985,7,1,583
1,1983,7,1,583
1,2018,1,1,NA
1,1982,7,1,608
1,1961,5,1,248
1,1991,5,1,340
1,1948,2,5,NA
2,1952,2,5,71
1,1938,4,5,NA
1,1966,7,5,815
2,1970,5,5,730
1,1975,7,1,300
2,1979,6,1,550
1,2015,1,1,NA
2,1982,7,1,NA
1,1978,7,1,517
1,2014,3,1,NA
1,2016,1,1,NA
2,1981,8,1,410
2,1971,5,1,150
1,1974,5,1,180
2,1956,4,1,NA
1,1984,7,1,200
1,1985,7,1,NA
2,1959,4,1,100
1,1964,5,1,NA
2,1963,5,1,250
1,1989,5,1,200
2,1991,7,1,200
2,1956,5,2,48
1,1986,7,7,NA
2,1985,7,7,NA
1,2015,1,7,NA
2,2016,1,7,NA
1,2019,1,7,NA
1,1947,5,1,NA
2,1949,4,1,NA
1,1974,5,1,NA
2,1970,7,2,NA
1,1971,7,2,615
1,2009,3,2,NA
2,2011,3,2,NA
1,1947,5,1,NA
1,1970,5,1,700
2,1971,5,1,NA
2,1997,6,1,NA
1,2001,6,1,NA
2,1936,4,1,NA
1,1957,5,1,NA
2,1963,5,1,NA
2,1966,4,1,NA
2,1999,5,1,210
1,1945,4,1,NA
2,1949,3,1,NA
1,1953,8,2,NA
2,1956,7,2,NA
2,1987,7,2,305
1,1946,7,2,27
2,1954,7,2,27
2,1948,4,1,NA
1,1946,4,1,NA
2,1957,4,1,NA
2,1960,7,1,140
1,1960,5,1,450
2,1987,7,1,348
1,1983,7,1,833
1,2020,1,1,NA
1,1939,5,1,NA
2,1959,5,1,200
1,1950,4,1,190
1,1937,5,1,27
2,1973,5,1,200
1,1966,5,1,NA
2,1998,7,1,180
1,1999,7,1,NA
1,1967,6,1,300
2,1970,7,1,190
2,1998,7,1,NA
1,2002,5,1,NA
1,1963,5,1,320
2,1966,4,1,NA
2,1989,5,1,230
2,1991,6,1,170
1,2003,5,1,NA
1,1949,3,1,NA
2,1957,3,1,NA
1,1989,6,1,388
2,1991,8,1,NA
1,1955,5,1,NA
2,1942,2,1,NA
2,1957,5,1,NA
2,1963,5,1,80
2,2001,6,1,NA
2,1956,4,6,NA
1,1957,4,6,230
1,1981,6,1,NA
1,1959,3,1,160
2,1962,4,1,NA
1,1993,7,1,NA
1,1963,5,1,NA
2,1964,4,1,NA
2,1989,5,1,208
2,1996,5,1,186
1,2019,1,1,NA
2,1971,5,1,NA
2,1961,5,1,NA
2,1998,7,1,40
1,1964,5,1,120
1,1957,8,1,NA
2,1961,5,1,NA
1,1988,7,1,200
1,1942,5,1,NA
2,1942,4,1,NA
2,1982,5,1,NA
1,1980,5,1,NA
1,2017,1,1,NA
1,2019,1,1,NA
2,1959,3,1,110
1,1980,6,1,436
1,1973,5,1,330
2,1970,5,1,60
2,2000,6,1,NA
2,2010,3,1,NA
1,1977,8,1,550
1,1973,7,1,710
2,1973,7,1,NA
2,2000,5,1,NA
1,2002,5,1,NA
2,1960,2,7,NA
1,2000,7,7,NA
1,1943,5,2,NA
2,1948,6,2,NA
1,1947,3,1,NA
2,1952,3,1,NA
1,1967,5,1,NA
2,1974,5,1,NA
1,2002,5,1,60
2,2004,5,1,NA
1,2011,3,1,NA
1,1968,5,1,393
2,1972,6,1,375
2,2000,7,1,72
1,2001,7,1,NA
1,1975,6,1,NA
2,1978,6,1,97
2,2005,5,1,NA
1,2007,4,1,NA
1,1943,3,1,120
2,1947,3,1,170
1,1951,3,1,NA
2,1931,2,7,NA
1,1939,3,7,NA
2,1948,2,7,NA
1,1949,3,1,36
2,1955,3,1,NA
1,1981,7,5,404
2,1982,7,5,203
2,2019,1,5,NA
1,2021,1,5,NA
1,1943,3,2,NA
2,1956,3,2,NA
1,1972,5,2,310
2,1942,3,1,27
1,1971,5,1,NA
2,2003,5,1,80
1,1944,3,7,27
1,1940,5,1,NA
2,1950,5,1,NA
1,1943,4,1,82
2,1950,4,1,NA
2,1938,4,1,NA
1,1959,5,1,NA
2,1960,5,1,NA
2,1957,3,1,170
1,1952,4,1,240
1,1981,6,1,225
2,1988,6,1,NA
1,2016,1,1,NA
1,2018,1,1,NA
1,1962,3,1,NA
2,1970,3,1,214
1,1992,7,1,321
1,1994,5,1,350
2,1943,2,1,NA
2,1978,5,1,NA
2,1998,6,1,200
2,2005,5,1,NA
1,1936,2,1,NA
2,1941,2,1,NA
2,1948,3,2,27
1,1976,7,3,552
2,1980,7,3,NA
2,2016,1,3,NA
1,2019,1,3,NA
1,1950,4,1,NA
2,1952,3,1,27
2,1943,3,1,27
2,1967,6,1,186
2,1944,5,1,NA
1,1942,5,1,NA
2,1942,3,1,NA
2,1961,5,1,242
2,1988,6,1,NA
2,1994,7,1,302
1,1958,5,1,NA
2,1965,5,1,200
2,1989,7,1,NA
2,1995,5,1,283
1,1999,6,1,43
1,1949,7,1,27
2,1955,7,1,130
1,1970,7,1,770
2,1971,7,1,235
1,2003,5,1,NA
2,1942,9,1,NA
1,1954,7,1,84
2,1955,7,1,NA
2,1986,7,1,190
1,1973,7,2,NA
2,1937,3,2,NA
1,1966,7,1,NA
1,1971,7,2,542
1,1943,2,1,NA
2,1946,2,1,NA
2,1960,5,1,NA
2,1988,5,1,150
1,1986,7,6,NA
2,1951,4,1,NA
1,1961,5,1,NA
2,1989,6,1,300
2,1991,6,1,100
2,1934,3,1,NA
2,1988,6,1,268
1,1954,5,1,180
2,1958,5,1,NA
1,1988,7,1,227
1,1958,3,1,230
1,1983,4,1,230
1,1941,9,1,NA
2,1956,7,1,NA
1,1977,6,1,667
2,1973,7,1,NA
1,2013,3,1,NA
1,1954,8,1,NA
2,1958,8,1,110
1,1963,7,1,250
2,1961,5,1,250
1,1940,7,1,NA
2,1947,5,1,79
2,1971,7,1,450
1,1976,7,1,702
2,1976,7,1,NA
1,2011,3,1,NA
2,2014,3,1,NA
2,1943,4,6,NA
2,1948,5,1,NA
1,1942,5,1,NA
2,1942,3,1,NA
2,1982,5,1,272
1,1975,5,1,290
2,2007,4,1,NA
1,2012,3,1,NA
1,1939,7,1,NA
1,1963,7,1,NA
2,1965,7,1,90
2,1991,7,1,583
1,1993,7,1,NA
1,1977,7,1,667
2,1980,7,1,NA
1,2011,3,1,NA
1,1972,7,1,621
2,1974,7,1,641
2,2003,5,1,NA
1,2008,4,1,NA
2,2010,3,1,NA
2,1944,4,1,NA
2,1947,3,1,27
1,1940,4,1,NA
2,1942,3,1,NA
2,1969,7,7,70
2,1932,3,7,NA
1,1961,8,1,NA
2,1976,7,7,NA
2,1952,5,7,NA
2,1951,3,2,75
1,1972,8,1,1189
2,1976,7,1,NA
2,2007,4,1,NA
1,2009,3,1,NA
1,1970,7,2,767
2,1974,5,2,90
1,2000,7,2,NA
2,2001,7,2,NA
1,1950,7,1,NA
2,1952,5,1,NA
1,1942,8,1,NA
2,1947,8,1,NA
1,1965,7,1,695
2,1969,7,1,710
1,1950,5,1,NA
2,1954,5,1,NA
1,1953,8,1,NA
2,1953,6,1,NA
2,1960,7,1,233
2,1990,6,1,267
2,1957,7,1,NA
1,1952,8,1,NA
1,1959,5,1,627
2,1961,5,1,NA
1,1988,7,1,458
2,1992,8,1,333
1,1936,4,1,NA
2,1940,3,1,NA
1,1976,7,1,1196
2,1978,7,1,200
2,2010,3,1,NA
1,2015,1,1,NA
2,1940,4,1,NA
1,1959,7,1,NA
2,1961,7,1,268
1,1959,5,1,476
1,1989,5,1,542
2,1962,5,1,NA
1,2009,3,1,NA
1,1946,4,1,NA
2,1949,3,1,71
1,1949,5,1,75
2,1957,3,1,178
2,1958,3,1,193
1,1958,6,1,244
1,1989,5,1,424
1,1985,6,1,NA
2,1985,5,1,40
2,1959,4,1,NA
2,1983,5,1,NA
2,1961,6,1,153
1,1953,5,1,NA
2,1958,3,1,136
1,1983,7,1,NA
1,1956,5,1,170
2,1945,4,1,NA
1,1942,3,1,NA
2,1947,3,1,NA
2,1954,5,1,NA
1,1988,7,1,270
2,1940,3,1,NA
1,1935,3,1,NA
2,1939,3,1,NA
1,2003,5,1,NA
1,1936,7,1,NA
2,1948,3,1,NA
2,1993,5,2,230
1,1985,6,2,364
1,2014,3,2,NA
2,1948,4,1,NA
1,1980,6,1,276
2,1938,3,1,NA
1,1955,3,1,196
2,1954,3,1,48
1,1977,7,1,333
1,1959,5,1,NA
2,1966,6,1,241
1,1992,6,1,500
2,1994,7,1,230
1,1999,7,1,NA
2,1948,3,1,NA
2,1953,3,1,NA
1,1979,5,1,270
2,1938,2,1,NA
2,1956,5,1,NA
1,1940,2,1,27
2,1947,3,1,NA
1,1952,5,1,500
2,1961,5,1,NA
2,1933,2,1,NA
2,1983,8,1,646
1,1980,7,1,588
1,2010,3,1,NA
2,2013,3,1,NA
1,1963,7,1,181
2,1939,3,1,NA
1,1950,7,2,NA
2,1956,7,2,NA
1,1963,5,1,NA
2,1964,5,1,283
1,1988,6,2,NA
2,1983,7,2,NA
1,2021,1,2,NA
1,1993,6,1,304
2,1991,7,1,NA
2,2015,1,1,NA
1,2017,1,1,NA
1,1963,6,1,990
2,1967,5,1,87
1,1992,7,1,267
2,1995,7,1,315
1,1963,5,1,266
2,1968,5,1,111
2,1991,7,1,280
1,1997,5,1,233
2,1994,6,2,NA
1,1991,7,2,200
2,1947,3,5,27
1,1976,8,7,NA
2,1985,8,7,270
2,2015,1,7,NA
2,1955,4,1,219
1,1979,6,1,NA
2,1982,7,1,308
2,1951,5,1,161
1,1962,7,1,350
2,1966,7,1,160
2,1993,7,1,250
1,1996,7,1,NA
2,1959,4,2,NA
1,1961,4,1,270
2,1963,5,1,83
1,1985,6,1,305
1,2015,1,1,NA
1,1963,7,1,280
2,1964,5,1,167
2,1995,6,1,NA
2,1933,4,1,NA
1,1935,5,1,NA
2,1942,3,1,27
2,1947,4,1,NA
2,1947,3,1,134
1,1973,5,1,NA
1,1964,5,7,NA
2,1968,7,7,190
1,1997,5,7,NA
1,1992,7,1,278
1,1971,6,1,1112
2,1975,7,1,508
1,2002,7,1,NA
2,2005,5,1,NA
1,1959,5,1,512
2,1962,5,1,NA
1,1933,3,1,NA
2,1939,3,1,NA
2,1943,2,1,NA
1,1947,4,1,27
2,1948,4,1,27
2,1938,3,1,NA
1,1960,5,1,356
2,1965,5,1,17
2,1989,7,1,258
1,2000,7,1,NA
2,1926,2,1,NA
1,1991,6,1,215
2,1971,7,1,NA
1,1972,7,1,454
2,2007,4,1,NA
1,1965,5,1,NA
2,1941,3,1,NA
2,1957,6,2,350
1,1942,8,1,NA
2,1950,5,1,NA
1,1963,5,1,563
2,1964,7,1,NA
1,1997,7,1,NA
1,1999,7,1,23
1,1935,5,1,NA
2,1942,3,2,NA
2,1946,5,3,27
1,1951,4,3,27
2,1948,3,3,NA
2,2003,5,3,NA
2,1997,6,3,NA
2,1955,3,3,NA
1,1941,5,3,27
2,1944,4,3,NA
2,2001,6,3,NA
1,1970,5,3,210
1,1934,7,3,NA
2,1937,5,3,NA
2,1965,6,3,NA
1,1955,5,3,NA
2,1960,5,3,NA
1,1992,7,3,210
2,1955,5,3,NA
1,1971,6,3,NA
2,1972,7,3,310
1,2001,7,3,NA
2,2003,5,3,NA
2,2006,4,3,NA
1,1943,4,3,150
2,1953,5,3,NA
1,1963,5,3,NA
2,1972,5,3,NA
2,1996,7,3,NA
2,1945,7,1,400
2,1974,7,1,530
1,1959,5,3,NA
2,1963,5,3,NA
2,1991,7,3,NA
1,1989,7,5,504
2,1991,7,5,504
2,1947,2,3,NA
1,1952,3,3,NA
2,1968,4,3,NA
1,1990,7,3,NA
2,1993,7,3,NA
2,2020,1,3,NA
2,1993,7,1,317
1,1974,7,3,506
2,1977,7,3,460
2,2009,3,3,NA
1,2011,3,3,NA
2,1951,4,3,NA
2,1934,2,3,NA
2,1938,3,3,NA
2,1950,4,3,27
1,1962,4,3,350
2,1959,5,3,NA
2,1982,6,3,NA
1,1981,6,3,623
2,2012,3,3,NA
2,2014,3,3,NA
2,1941,4,3,NA
2,1965,7,3,NA
1,1960,6,3,NA
2,1970,5,3,343
2,1936,4,3,NA
2,1960,7,3,NA
2,1984,7,3,NA
2,1938,2,3,NA
2,1965,5,3,125
1,1988,6,3,250
1,1991,6,3,250
2,1954,4,3,NA
2,1975,5,3,NA
1,1999,6,3,120
1,2001,7,3,NA
1,1940,3,3,NA
2,1944,3,3,NA
1,1967,7,3,290
2,1946,3,3,27
1,1952,5,3,NA
2,1954,4,3,170
1,1948,4,3,NA
2,1950,4,3,27
1,1979,6,3,240
1,1936,5,3,NA
2,1941,3,3,27
1,1974,5,3,277
1,1972,5,3,NA
1,1971,5,3,NA
2,1971,7,3,NA
1,1962,7,3,269
2,1984,5,3,289
2,2008,4,3,NA
1,2010,3,3,NA
2,2015,1,3,NA
1,2015,1,3,NA
1,1942,5,3,NA
2,1946,4,3,NA
1,1969,6,3,NA
2,1948,3,4,NA
2,1933,3,3,NA
1,1929,3,3,NA
2,1936,3,3,NA
1,1940,5,3,NA
2,1938,3,3,NA
1,1951,4,3,NA
1,1979,5,3,NA
1,1940,4,3,NA
2,1945,3,3,NA
1,1956,5,3,NA
2,1964,5,3,200
2,1991,7,3,200
2,1994,7,3,230
1,1947,3,3,NA
1,1955,4,3,NA
2,1964,4,3,NA
2,1957,3,3,NA
2,1958,4,3,NA
2,1950,3,3,27
2,1935,3,3,NA
2,1957,3,3,NA
1,1979,5,3,185
2,1949,4,3,NA
1,1939,5,3,NA
2,1952,3,3,27
2,1947,4,3,NA
2,1935,3,3,NA
1,1940,3,4,NA
2,1943,2,4,NA
1,1969,5,4,NA
1,1940,4,3,NA
2,1943,3,3,NA
1,1943,5,3,NA
2,1948,5,3,NA
2,1937,3,3,NA
1,1935,4,3,NA
1,1953,3,6,NA
2,1957,3,6,NA
2,1977,5,6,NA
1,1977,6,6,NA
2,1983,7,3,NA
2,1967,5,3,307
2,2001,6,3,30
2,1944,3,3,NA
1,1961,5,3,NA
2,1962,5,3,NA
1,1945,5,3,NA
1,1946,5,3,27
2,1949,3,3,NA
2,1978,5,3,130
1,1979,7,3,360
2,2012,3,3,NA
1,2014,3,3,NA
1,1952,5,3,200
2,1952,5,3,NA
1,1990,7,3,390
2,1980,6,3,NA
1,1975,6,3,639
2,2011,3,3,NA
2,1984,8,3,120
1,1981,8,3,593
1,2014,3,3,NA
2,2018,1,3,NA
1,1935,5,3,NA
2,1941,4,3,NA
1,1941,4,1,NA
2,1943,3,1,NA
1,1965,6,3,NA
2,1969,7,3,NA
1,1997,7,3,NA
2,1996,7,6,292
1,1955,5,3,52
2,1955,5,3,NA
2,1979,7,3,NA
1,1972,7,3,696
1,2008,4,3,NA
1,1959,6,3,281
2,1963,5,3,NA
1,1988,7,3,183
2,1967,5,3,NA
2,1939,4,3,NA
2,1940,3,3,27
1,1952,5,3,229
2,1953,5,3,100
2,1983,7,2,408
1,1980,7,2,350
1,2018,1,2,NA
1,1968,4,3,NA
2,1947,3,3,NA
1,1968,5,3,220
2,1954,3,3,NA
2,1988,7,3,313
1,1982,6,7,922
2,1982,6,7,271
2,2009,3,7,NA
2,2011,3,7,NA
2,1958,5,3,72
1,1967,7,3,838
2,1968,6,3,NA
1,1994,7,3,210
1,1996,5,3,NA
1,1996,5,3,NA
2,1951,3,3,NA
1,1942,4,3,NA
1,1940,3,3,NA
2,1949,3,3,NA
2,1937,3,3,NA
1,1959,5,3,NA
2,1958,5,3,NA
2,1986,7,3,410
2,1949,4,3,NA
2,1943,2,3,NA
1,1947,5,3,NA
2,1951,5,3,NA
2,1948,2,3,NA
2,1964,4,3,NA
2,1989,6,3,NA
1,1983,5,3,NA
1,2015,1,3,NA
1,2018,1,3,NA
2,1934,3,3,27
2,1956,4,3,NA
1,1992,6,3,318
1,1941,3,3,NA
2,1950,4,3,NA
2,1974,5,3,120
2,2001,7,3,NA
1,1998,7,3,180
1,1956,5,3,NA
2,1959,3,3,NA
2,1970,5,3,NA
2,1993,5,3,NA
2,1998,5,3,NA
1,1934,3,3,NA
2,1940,3,3,150
1,1963,7,3,280
2,1968,6,3,NA
2,1992,7,3,367
1,1947,5,3,170
2,1947,4,3,NA
2,1979,6,3,194
1,1995,6,3,NA
1,1948,3,3,NA
2,1948,3,3,NA
1,2002,7,3,NA
1,1953,5,3,NA
2,1948,4,3,NA
1,1982,6,3,427
1,1971,7,3,666
2,1976,7,3,312
1,1998,5,3,NA
1,2000,5,3,210
1,1949,5,3,NA
2,1952,4,3,NA
2,1977,5,3,NA
1,1973,5,3,600
1,2008,4,3,NA
2,2012,3,3,NA
2,1981,6,3,NA
1,1978,8,3,530
1,2010,3,3,NA
1,2013,3,3,NA
1,1955,4,7,NA
1,1979,5,3,NA
1,1961,5,3,NA
2,1962,5,3,82
2,1985,6,3,NA
1,1981,6,3,293
1,2018,1,3,NA
1,1965,7,3,NA
1,2001,7,3,63
2,2006,4,3,NA
1,1966,5,3,513
2,1959,5,3,NA
1,2001,5,3,NA
2,1996,6,3,282
2,1934,2,3,NA
1,1962,4,3,251
1,1938,5,3,NA
2,1944,3,3,27
2,1934,2,3,NA
2,1995,7,3,195
2,1936,2,3,NA
2,1996,7,3,NA
1,1993,6,3,390
1,2017,1,3,NA
1,1945,3,3,NA
2,1926,2,3,NA
1,1950,4,3,160
2,1961,4,3,176
2,1983,6,3,NA
2,1998,8,3,NA
2,1980,6,3,124
1,1979,6,3,360
2,2010,3,3,NA
2,2012,3,3,NA
1,1954,3,3,NA
2,1955,4,3,NA
2,1981,6,3,244
2,1949,3,3,27
1,1974,5,3,NA
2,1943,3,3,NA
1,1941,4,3,NA
2,1945,3,3,NA
1,1941,4,3,NA
2,1946,4,3,NA
1,1973,7,3,NA
2,1978,7,3,512
2,2012,3,3,NA
2,2014,3,3,NA
2,1972,5,3,173
2,2000,6,3,111
1,1998,6,4,250
2,1935,3,3,NA
2,1953,4,3,74
2,1944,2,3,NA
1,1970,4,3,NA
2,1996,7,3,NA
1,1959,4,3,NA
2,1963,5,3,NA
1,1996,7,3,NA
1,1948,5,3,NA
2,1967,5,3,NA
1,1992,5,3,280
1,1978,7,3,NA
2,1979,7,3,567
2,2007,4,3,NA
1,2011,3,3,NA
1,1952,5,3,NA
2,1957,4,3,233
1,1969,5,3,NA
2,1971,5,3,NA
1,1970,6,3,NA
2,1975,5,3,NA
1,1996,7,3,NA
1,2005,5,3,NA
1,1965,7,3,NA
2,1968,7,3,NA
1,2000,7,3,NA
1,2005,5,3,NA
1,1949,7,3,NA
2,1954,7,3,NA
1,1962,7,3,630
2,1964,5,3,30
2,1997,7,3,NA
1,1961,9,3,833
2,1965,7,3,NA
2,2000,7,3,40
2,1994,7,2,292
2,1939,4,3,NA
2,1949,5,3,NA
1,1941,7,3,NA
2,1950,7,3,NA
2,1985,7,3,190
1,1946,5,3,NA
2,1953,3,3,NA
1,1972,6,3,NA
2,1975,6,3,100
2,2002,7,3,NA
1,2006,4,3,NA
1,1973,5,3,446
1,1952,5,3,NA
2,1950,5,3,NA
2,1945,5,3,NA
1,1964,5,3,157
2,1967,4,3,190
1,1993,6,3,NA
2,1994,6,3,250
1,1966,5,3,236
2,1968,5,3,NA
1,1996,7,3,44
1,1998,7,3,NA
1,1978,7,3,707
2,1978,6,3,131
2,2006,4,3,NA
2,2009,3,3,NA
1,2011,3,3,NA
1,1948,7,3,NA
2,1980,7,3,NA
1,1978,7,3,571
1,2011,3,3,NA
2,2013,3,3,NA
1,2018,1,3,NA
1,1961,5,3,474
2,1998,7,3,NA
2,1965,4,3,NA
2,1991,6,3,220
1,1987,7,3,371
1,2015,1,3,NA
1,2018,1,3,NA
1,1973,6,3,584
2,2003,5,3,NA
1,2006,4,3,NA
1,1940,5,3,NA
1,1952,5,3,131
2,1954,5,3,NA
1,1951,7,3,NA
2,1952,5,3,256
2,1947,4,3,NA
1,1972,5,3,268
1,1968,5,3,NA
1,1938,5,3,NA
2,1942,3,3,NA
2,1940,2,3,75
1,1989,7,3,NA
1,1943,5,3,27
2,1950,4,3,27
1,1981,6,3,687
2,1984,7,3,NA
2,2013,3,3,NA
1,2017,1,3,NA
1,1935,7,3,NA
2,1937,4,3,NA
2,1949,3,3,NA
2,1971,7,1,1037
1,1952,5,3,27
2,1956,4,3,NA
2,1981,6,3,293
1,2008,4,3,NA
1,2013,3,3,NA
2,1983,6,3,NA
1,1983,6,3,210
1,2012,3,3,NA
1,2017,1,3,NA
1,1947,5,5,NA
2,1946,5,5,NA
2,1974,6,3,NA
1,1975,8,3,557
1,2006,4,3,NA
2,2008,4,3,NA
1,1981,5,3,NA
2,1983,7,3,300
1,1979,7,3,NA
2,1987,7,3,NA
2,2014,3,3,NA
1,2016,1,3,NA
2,1941,5,3,NA
1,1972,7,3,260
1,1943,4,3,27
2,1945,4,3,NA
1,1973,6,3,NA
2,1973,6,3,NA
2,2002,7,3,NA
2,2003,5,3,NA
1,1975,6,3,NA
2,1979,7,3,NA
1,2004,5,3,NA
1,2012,3,3,NA
2,1947,3,3,27
2,1955,5,3,NA
2,1983,6,3,NA
1,1981,7,3,343
1,2013,3,3,NA
2,2018,1,3,NA
2,1972,5,3,210
2,1995,6,3,370
2,1997,6,3,360
2,1945,5,3,NA
1,1959,5,3,250
2,1963,5,3,NA
1,1986,6,2,594
2,1984,7,2,NA
1,2015,1,2,NA
2,2017,1,2,NA
1,1989,7,3,310
1,1941,5,3,NA
2,1943,5,3,NA
1,1975,5,3,NA
1,1973,7,3,928
2,1974,6,3,NA
1,2007,4,3,NA
1,2013,3,3,NA
2,1946,3,3,NA
1,1955,3,3,NA
2,1955,3,3,NA
2,1977,7,3,252
1,1964,5,3,NA
2,1963,5,3,220
1,1991,6,3,NA
2,1941,2,3,NA
2,1941,3,3,NA
1,1955,5,2,NA
2,1955,6,2,332
2,1990,7,3,303
1,1948,5,3,NA
2,1961,6,3,NA
2,1992,6,3,NA
1,1971,5,3,210
2,1967,5,3,NA
2,2003,5,3,NA
1,2005,5,3,NA
1,1971,7,7,437
2,1972,5,7,110
2,2005,5,7,NA
1,2007,4,7,NA
1,1971,5,3,302
2,1970,5,3,208
2,2006,4,3,NA
1,1971,6,3,NA
2,1974,6,3,NA
2,2001,5,3,NA
2,2006,4,3,NA
2,1978,6,3,220
1,2006,4,3,NA
1,2008,4,3,NA
1,1973,5,3,536
2,1973,5,3,210
2,2001,7,3,NA
1,1996,6,2,NA
1,1970,5,3,710
2,1973,6,3,235
2,2001,7,3,NA
1,2003,5,3,NA
1,1970,5,3,365
2,1972,6,3,270
1,2007,4,3,NA
1,1936,4,3,NA
2,1942,4,3,NA
2,1978,6,3,NA
1,2002,5,3,NA
1,1970,7,3,583
2,1999,7,3,NA
2,2003,5,3,NA
2,1934,2,3,NA
1,1934,5,3,NA
2,1937,4,3,NA
1,1972,5,3,546
1,1954,4,3,NA
2,1986,6,3,NA
1,1984,5,3,NA
2,2011,3,3,NA
2,2015,1,3,NA
2,1990,7,7,NA
1,1989,6,7,442
1,2016,1,7,NA
2,1967,5,3,210
1,1954,7,3,240
1,1993,7,3,320
2,1992,7,3,NA
1,1971,5,6,NA
2,1971,5,6,225
1,1999,5,6,358
1,2000,5,6,98
1,1974,5,3,270
2,1974,5,3,349
2,2000,7,3,NA
2,2004,5,3,NA
1,1969,7,3,385
2,1974,7,3,NA
2,2001,7,3,NA
2,2003,5,3,NA
1,2010,3,3,NA
1,1968,5,3,161
2,1976,5,3,131
1,1957,5,3,NA
2,1961,5,3,NA
1,1986,6,3,80
2,1939,3,3,NA
1,1962,5,3,NA
2,1962,7,3,310
2,1993,7,3,30
1,1971,5,3,565
2,1974,7,3,NA
2,2001,6,3,NA
2,1971,7,3,220
1,1964,5,3,320
2,1940,3,3,NA
1,1977,6,3,310
2,1981,5,3,179
1,2015,1,3,NA
2,2017,1,3,NA
1,1976,5,3,257
2,1964,7,3,360
1,1960,7,3,NA
1,1950,3,7,27
2,1957,3,7,NA
2,1930,2,3,NA
2,1974,5,3,67
1,2005,5,3,NA
2,1931,2,3,NA
1,1954,5,3,105
2,1958,5,3,NA
1,1964,3,3,NA
2,1963,4,3,66
2,2004,5,3,NA
2,1965,7,3,166
2,1997,7,3,NA
2,2001,7,3,NA
2,1968,6,3,135
2,1994,5,3,200
2,1996,5,3,NA
2,1996,5,3,NA
1,1957,5,3,107
2,1961,5,3,230
1,1984,7,3,NA
2,1932,3,3,NA
1,1969,7,3,720
2,1974,7,3,NA
2,2003,5,3,NA
2,2005,5,3,NA
2,1947,7,3,NA
2,1944,3,3,85
2,1966,4,3,NA
2,1951,5,3,NA
1,1974,5,3,NA
2,1973,5,3,162
2,1938,2,3,NA
1,1951,5,3,NA
2,1954,5,3,27
1,1983,5,3,NA
2,1983,5,3,NA
2,2009,3,3,NA
2,2011,3,3,NA
2,1981,8,3,NA
1,1980,6,3,892
1,2017,1,3,NA
2,2020,1,3,NA
1,1943,7,3,NA
2,1949,5,3,NA
1,1953,3,3,200
2,1955,3,3,NA
1,2001,5,3,NA
1,1952,4,3,NA
2,1952,3,3,27
2,1991,7,3,NA
2,1989,7,1,471
1,1989,7,1,433
2,1993,7,1,300
2,1953,6,3,NA
2,1956,5,3,NA
2,1974,7,3,150
2,2002,7,3,NA
1,2007,4,3,NA
2,1951,5,3,NA
2,1967,7,3,NA
2,1939,3,3,NA
2,1983,5,3,NA
1,1980,6,3,NA
2,2019,1,3,NA
1,1937,5,3,NA
2,1946,4,3,NA
2,1978,6,2,190
1,1978,7,2,613
1,2007,4,2,NA
2,1955,4,3,200
1,1937,2,3,NA
2,1950,5,3,NA
1,1956,4,3,NA
2,1947,5,3,27
2,1945,3,3,NA
2,2000,6,3,140
1,1950,5,3,NA
1,1989,6,3,228
2,1943,4,3,NA
1,1947,3,3,NA
2,1935,3,3,NA
2,1962,3,3,NA
2,1969,5,3,70
2,1961,5,3,NA
2,1991,7,3,210
2,1993,6,3,220
1,1952,4,3,NA
2,1959,3,3,NA
2,1986,6,3,NA
1,1986,7,3,430
2,2020,1,3,NA
2,1962,4,3,NA
1,1963,5,3,343
2,1983,7,3,491
1,1955,4,3,NA
2,1962,5,3,180
1,1994,6,3,233
1,1961,7,3,NA
2,1964,5,3,NA
1,1967,7,3,420
1,1951,3,3,27
2,1954,4,3,NA
2,1981,5,3,NA
1,1979,5,2,460
2,1980,5,2,211
1,2009,3,2,NA
1,1938,2,3,NA
1,1940,3,3,NA
1,1961,4,3,NA
2,1991,6,3,NA
1,1989,6,3,327
1,1955,5,3,270
2,1960,5,3,210
1,2019,1,3,NA
1,1993,5,3,280
2,1940,2,3,NA
1,1941,3,3,NA
2,1940,3,3,NA
2,1941,2,3,27
2,1935,3,3,NA
2,1970,6,3,120
1,2004,5,3,NA
1,1941,3,3,NA
2,1947,3,3,NA
2,1956,4,3,88
2,1993,7,1,267
1,1950,5,3,1100
2,1956,5,3,NA
2,1978,5,3,NA
1,1978,5,3,NA
2,2012,3,3,NA
2,2015,1,3,NA
2,1980,7,3,NA
1,1980,9,3,467
2,2015,1,3,NA
1,1938,5,3,NA
2,1946,4,3,NA
1,1971,9,3,NA
2,1985,6,3,NA
2,2018,1,3,NA
1,1949,5,3,173
2,1956,4,3,117
2,1963,5,2,NA
2,1978,5,2,130
1,1976,4,2,293
2,2008,4,2,NA
1,2013,3,2,NA
2,2018,1,2,NA
2,1949,3,3,NA
1,1943,3,3,NA
1,1962,4,3,NA
2,1969,5,3,NA
2,1999,7,3,120
2,2004,5,3,NA
1,1956,5,3,NA
2,1956,5,3,209
1,1972,5,3,423
2,1977,5,3,225
2,2005,5,3,NA
1,1969,7,3,432
2,1974,7,3,NA
2,1999,7,3,80
2,1941,3,3,NA
1,1972,5,3,460
2,1975,5,3,166
2,1999,7,3,50
1,2003,5,3,NA
1,1943,4,3,27
2,1949,4,3,NA
1,1968,8,3,428
2,1968,6,3,NA
2,2001,7,3,92
2,2003,5,3,NA
1,2009,3,3,NA
2,1957,3,3,NA
2,1949,5,3,27
1,1955,6,3,NA
2,1954,5,3,NA
2,1925,2,3,NA
1,1945,5,3,NA
2,1951,4,3,NA
2,1977,7,3,190
1,1949,4,3,NA
2,1952,3,3,NA
1,1981,4,3,NA
2,1938,5,3,NA
1,1936,4,3,NA
2,1941,4,3,NA
2,1957,3,3,NA
2,1942,2,3,NA
1,1937,3,3,NA
2,1938,3,3,NA
2,1946,3,3,NA
1,1943,3,3,NA
2,1948,3,3,NA
1,1941,5,3,NA
1,1938,3,3,NA
2,1944,2,3,NA
2,1932,2,3,NA
2,1959,5,4,138
1,2007,4,4,NA
1,1965,5,4,340
2,1968,5,4,190
1,1995,6,4,NA
2,1990,6,4,218
1,1988,7,4,343
2,1957,5,4,NA
2,1934,3,4,NA
1,1939,3,4,NA
2,1969,5,4,NA
2,1998,5,4,190
2,1955,3,4,NA
1,1947,3,4,NA
2,1954,3,4,NA
1,1979,5,4,443
2,1979,6,4,NA
1,2007,4,4,NA
2,2013,3,4,NA
1,1955,4,4,NA
2,1960,3,4,NA
2,1985,6,4,NA
2,1982,5,4,NA
1,1981,5,4,389
1,1959,4,4,370
2,1961,3,4,NA
2,1984,7,1,450
1,1984,7,1,425
2,2019,1,1,NA
2,1968,5,4,310
2,1997,7,4,NA
2,2001,6,4,87
2,2001,7,4,NA
2,1946,3,4,27
2,1939,3,4,NA
2,1935,4,7,NA
1,1958,7,4,NA
2,1968,5,4,181
1,1936,5,4,NA
2,1948,3,4,NA
1,1953,5,4,216
2,1956,5,4,NA
1,1963,7,4,713
2,1969,7,4,654
1,1995,7,4,NA
2,1997,7,4,164
1,1930,5,4,NA
1,1984,7,4,NA
1,1956,7,4,145
2,1935,5,4,NA
2,1952,5,4,NA
1,1933,7,4,NA
2,1939,7,4,NA
1,1942,5,4,NA
1,1971,6,5,655
2,1973,7,5,60
2,2010,3,5,NA
1,1967,5,4,NA
2,1971,5,4,NA
2,2003,5,4,NA
1,1975,6,4,503
1,2006,4,4,NA
2,1981,7,4,170
1,2007,4,4,NA
1,2019,1,4,NA
2,1958,5,4,72
1,1980,7,3,525
2,1981,7,3,NA
1,2012,3,3,NA
1,2016,1,3,NA
2,1941,3,4,NA
2,1933,2,4,NA
1,1934,3,4,NA
2,1937,2,4,NA
2,1972,7,4,100
2,1998,6,4,216
2,1939,3,4,NA
2,1933,3,4,NA
1,1958,5,4,NA
2,1964,5,4,NA
1,1990,7,4,NA
2,1993,6,4,96
2,1955,3,4,NA
1,1952,5,4,27
2,1953,4,4,NA
1,1979,7,4,NA
2,1980,6,4,NA
2,2008,4,4,NA
1,2013,3,4,NA
2,2015,1,4,NA
1,1945,4,4,NA
2,1947,3,4,NA
1,1958,5,4,225
2,1961,5,4,NA
2,1992,7,4,210
1,1940,4,4,NA
2,1942,2,4,NA
1,1938,6,4,NA
2,1941,5,4,NA
1,1955,6,4,NA
2,1958,6,4,NA
1,1986,7,4,NA
1,1992,7,1,175
2,1943,3,4,27
1,1935,8,4,NA
1,1936,3,4,NA
2,1939,3,4,27
2,1954,3,4,NA
2,1984,5,4,160
2,1986,7,4,NA
1,1986,7,4,448
1,2016,1,4,NA
1,2020,1,4,NA
1,1952,4,4,NA
2,1961,4,4,135
1,1949,5,4,NA
2,1949,5,4,27
2,1945,4,1,NA
1,1932,4,4,27
2,1938,3,4,NA
2,1940,2,4,NA
1,1947,3,4,27
2,1953,2,4,NA
1,1956,2,4,NA
1,1969,4,4,60
1,2003,5,4,NA
2,1935,2,4,NA
1,1974,7,4,NA
2,1977,6,4,354
2,2008,4,4,NA
1,1951,5,4,NA
2,1956,4,4,125
1,1986,6,4,NA
2,1982,6,4,NA
1,1980,7,4,529
1,2019,1,4,NA
1,1966,7,4,300
2,1972,7,4,NA
1,1995,6,4,250
1,1953,4,4,NA
2,1954,7,4,63
2,1980,6,4,313
2,1983,6,4,191
1,1936,2,4,27
2,1941,3,4,27
1,1972,3,4,NA
2,1969,5,4,NA
2,1998,7,4,NA
2,1999,7,4,NA
1,1968,4,4,NA
1,1965,3,4,NA
2,1966,5,4,NA
2,1992,7,4,243
1,1989,7,5,240
1,1941,3,4,27
2,1945,3,4,NA
1,1946,5,4,NA
2,1950,4,4,27
1,1971,8,4,510
1,1973,7,4,443
2,1982,7,4,NA
1,2011,3,4,NA
2,2013,3,4,NA
2,1930,2,4,NA
2,1933,2,4,NA
1,1972,5,4,282
2,1954,3,4,NA
1,1953,3,4,NA
2,1947,3,4,NA
1,1954,5,4,NA
2,1960,5,4,NA
2,1987,7,4,210
1,1967,5,4,NA
2,1969,6,4,NA
2,1998,7,4,NA
1,2004,5,4,NA
1,1960,5,4,220
1,1987,6,4,120
2,1939,3,4,27
1,1961,5,2,270
2,1967,7,2,190
1,1993,6,2,120
1,1956,5,4,NA
2,1956,5,4,NA
2,1991,7,4,358
1,1966,6,4,NA
2,1939,3,4,NA
2,1929,4,4,NA
1,1943,7,4,NA
2,1975,7,1,372
1,1955,5,4,NA
2,1984,7,4,NA
1,1981,7,4,615
2,2014,3,4,NA
1,2016,1,4,NA
2,1955,5,4,317
1,1993,5,4,NA
1,1957,4,4,NA
2,1962,4,4,NA
2,1952,5,4,NA
1,1942,3,4,NA
2,1933,2,4,NA
1,1960,4,4,192
1,1962,5,4,NA
2,1966,5,4,NA
1,1990,7,4,523
1,1972,5,4,NA
2,1973,5,4,NA
2,2003,5,4,NA
2,2005,5,4,NA
2,2007,4,4,NA
2,2008,4,4,NA
2,2011,3,4,NA
1,1955,3,4,NA
1,1954,3,4,NA
2,1948,2,4,NA
1,1943,3,4,NA
2,1950,4,4,NA
1,1945,2,4,NA
2,1941,3,4,NA
1,1949,4,4,30
2,1953,3,4,NA
2,1921,2,4,NA
1,1969,6,4,NA
2,2003,5,4,221
1,1967,3,2,NA
1,1947,4,4,NA
2,1955,4,4,NA
1,1937,8,4,NA
2,1939,4,4,NA
1,1970,7,4,417
2,1973,7,4,NA
2,2001,7,4,26
2,2008,4,4,NA
1,1976,5,4,262
2,1977,6,4,NA
2,2004,5,4,NA
2,2007,4,4,NA
1,2009,3,4,NA
1,1940,7,4,NA
2,1956,4,4,NA
2,1984,7,4,364
1,1981,7,4,380
1,2016,1,4,NA
1,1963,4,4,462
2,1966,5,4,NA
1,1989,7,4,318
2,1991,7,4,306
2,1952,7,4,27
1,1946,5,4,144
1,1937,8,4,NA
2,1940,5,4,NA
2,1935,2,4,NA
2,1952,3,4,NA
2,1946,7,4,NA
1,1949,7,4,NA
2,1956,7,4,314
2,1983,7,4,464
1,1976,7,4,NA
1,2012,3,4,NA
2,2014,3,4,NA
2,1981,7,4,NA
1,1981,6,4,NA
1,2011,3,4,NA
2,2013,3,4,NA
2,1959,3,4,39
2,1964,5,4,290
1,1988,6,4,292
1,1989,6,4,277
1,1939,3,4,NA
2,1943,3,4,NA
1,1942,5,4,NA
2,1943,3,4,27
2,1940,4,4,NA
2,1951,4,4,NA
1,1945,4,4,NA
1,1979,7,4,1833
2,1984,7,4,NA
1,1940,2,4,NA
2,1945,3,4,NA
2,1933,4,4,NA
1,1942,4,4,NA
1,1948,5,4,NA
2,1950,4,4,NA
1,1981,6,4,NA
1,1930,5,4,NA
2,1938,4,4,NA
2,1962,7,2,NA
1,1989,6,2,303
1,1988,6,1,192
2,1991,8,1,192
2,1936,3,4,NA
1,1944,4,4,NA
2,1951,3,4,NA
1,1942,4,4,NA
2,1951,3,4,NA
2,1937,3,4,NA
1,1965,7,4,NA
2,1968,5,4,583
1,1967,7,4,NA
2,1960,4,4,NA
1,1943,8,4,NA
1,1954,5,6,NA
1,1940,3,4,NA
2,1944,3,4,NA
1,1936,5,4,NA
2,1942,4,4,NA
2,1956,3,4,NA
1,1951,3,4,NA
2,1962,3,4,140
1,1961,3,4,NA
2,1965,4,4,NA
1,1963,4,4,NA
2,1989,5,4,NA
1,1990,5,4,NA
1,2019,1,4,NA
2,1978,4,4,NA
1,1974,5,4,NA
2,1977,5,4,NA
1,2005,5,4,NA
1,1957,3,4,NA
2,1961,3,4,NA
2,1944,3,4,NA
2,1940,2,4,NA
2,1939,4,4,NA
1,1937,3,4,NA
2,1943,4,4,NA
1,1969,6,4,684
1,1999,5,4,NA
1,1943,4,4,NA
2,1951,3,4,NA
2,1935,3,4,NA
1,1944,5,4,NA
2,1955,3,4,NA
1,1937,5,4,NA
2,1937,3,4,NA
1,1951,3,4,NA
2,1961,3,4,NA
1,1948,5,4,NA
2,1949,5,4,NA
1,1939,3,4,NA
2,1942,3,4,NA
2,1935,3,4,NA
1,1959,5,4,NA
2,1964,5,4,NA
1,1988,6,4,258
1,1972,6,4,360
2,1986,6,4,NA
1,1984,5,4,359
1,2019,1,4,NA
1,2020,1,4,NA
2,1943,3,4,NA
2,1978,5,4,NA
1,1963,4,4,NA
2,1970,4,4,NA
1,1996,6,4,NA
1,1997,6,4,NA
1,1960,3,4,406
1,1991,5,4,NA
2,1977,4,4,192
1,2007,4,4,NA
2,1938,3,2,NA
1,1967,7,2,201
2,1965,5,2,NA
2,1993,7,2,300
1,1999,7,2,NA
1,1937,3,4,NA
2,1943,3,4,NA
1,1968,6,4,698
2,1969,7,4,100
1,1997,7,4,NA
2,2002,7,4,NA
1,1961,5,4,NA
2,1965,5,4,NA
1,1993,7,2,400
1,1964,6,4,NA
2,1967,5,4,NA
2,1991,7,4,363
1,1996,5,4,NA
1,1967,9,4,1280
2,1967,7,4,NA
1,1997,7,4,NA
2,1949,5,4,NA
2,1951,3,4,27
1,1977,6,4,257
2,1978,6,4,227
2,2003,5,4,NA
2,2009,3,4,NA
2,1939,4,4,NA
1,1965,7,4,NA
1,1959,4,4,NA
2,1961,4,4,NA
2,1986,7,4,248
1,1987,6,4,589
2,1992,7,4,220
1,1963,7,4,NA
2,1968,6,4,NA
1,1993,7,4,NA
1,1995,7,4,350
1,1971,5,4,NA
2,1971,5,4,NA
2,1996,7,4,NA
2,2000,5,4,174
2,2011,3,4,NA
2,1947,4,4,NA
1,1955,4,4,NA
2,1960,4,4,NA
2,1980,6,4,240
1,1974,6,4,467
2,2009,3,4,NA
2,2014,3,4,NA
2,1983,6,4,120
1,1979,6,4,470
2,2015,1,4,NA
2,1936,2,4,NA
2,1967,6,4,NA
2,1995,6,4,247
1,1949,4,4,NA
2,1952,3,4,NA
1,1997,4,4,290
2,1981,6,3,NA
1,1980,5,3,285
1,2014,3,3,NA
2,1962,3,4,NA
2,1988,5,4,NA
2,1995,5,4,NA
2,2004,5,4,NA
1,2015,1,4,NA
2,1963,4,4,NA
2,1989,7,4,230
1,1991,7,4,270
2,1986,7,4,NA
1,1985,7,4,282
2,2017,1,4,NA
2,1935,3,4,27
2,1937,3,4,27
1,1943,7,4,NA
2,1949,5,4,27
1,1976,6,4,275
1,1959,6,4,320
2,1964,5,4,NA
2,1991,7,4,240
1,1973,5,4,365
2,1993,5,4,75
1,2015,1,4,NA
2,1931,2,3,NA
1,1982,8,3,NA
2,1982,8,3,NA
2,2010,3,3,NA
1,2011,3,3,NA
2,2014,3,3,NA
1,1960,5,4,NA
2,1967,5,4,NA
1,1995,6,4,302
1,1947,4,4,27
2,1954,4,4,NA
1,1978,7,4,385
2,1980,7,4,110
1,1980,6,4,367
2,2011,3,4,NA
1,2014,3,4,NA
1,2018,1,4,NA
1,1967,7,4,267
2,1976,6,4,185
2,2004,5,4,NA
1,1965,4,4,300
2,1965,5,4,220
1,1994,6,4,NA
2,1993,5,4,240
1,1953,2,4,NA
2,1960,6,4,71
1,1991,5,4,NA
1,1960,5,4,300
2,1964,3,4,96
1,1986,6,4,280
2,1988,6,4,190
1,1960,3,4,235
2,1967,3,4,285
2,1986,7,2,803
1,1985,7,2,811
2,2018,1,2,NA
2,1957,3,4,100
1,1983,4,4,150
2,1982,7,4,200
1,1979,7,4,240
2,2013,3,4,NA
1,1971,7,4,NA
2,1973,7,4,250
1,2004,5,4,NA
2,2006,5,4,NA
2,1965,7,4,300
1,1992,5,4,300
1,1991,7,1,420
1,1952,4,4,115
2,1954,4,4,NA
1,1978,7,2,590
2,1978,6,2,110
2,2010,3,2,NA
2,2011,3,2,NA
1,2014,3,2,NA
2,1981,7,4,NA
1,1980,7,4,1610
1,2012,3,4,NA
2,1940,5,4,NA
1,1951,5,4,190
2,1959,3,4,66
2,1946,2,4,NA
1,1975,7,4,543
2,1958,3,4,NA
1,1960,5,4,368
2,1959,5,4,200
2,1989,7,4,192
1,1938,3,4,NA
2,1943,3,4,NA
2,1996,5,4,200
1,1997,4,4,NA
1,1944,3,4,NA
2,1949,3,4,27
2,1943,3,4,NA
2,1950,3,4,NA
1,1973,5,4,NA
2,1979,6,4,300
2,2003,5,4,NA
2,1948,3,4,NA
1,2009,3,4,NA
1,1922,3,4,NA
1,1935,3,4,NA
2,1939,3,4,NA
2,1932,3,4,NA
1,1960,3,4,180
2,1935,3,4,27
2,1935,2,4,27
2,1950,5,2,NA
1,1958,5,4,NA
2,1961,5,4,NA
2,1990,7,4,258
1,1989,7,4,358
2,1992,7,4,194
1,1986,8,4,362
1,1967,6,4,596
2,1965,6,4,79
1,1989,7,4,357
2,1980,7,4,323
1,1992,7,4,284
2,1989,7,4,285
1,1942,3,4,27
2,1944,2,4,NA
1,1958,5,4,358
2,1961,4,4,NA
2,2001,7,4,NA
2,1953,3,4,NA
2,1951,3,4,27
1,1942,7,4,NA
2,1947,5,4,NA
1,1973,7,4,333
2,1946,5,4,68
1,1944,3,4,NA
2,1949,3,4,NA
1,1954,3,4,NA
2,1959,3,4,NA
1,1947,4,4,NA
2,1949,4,4,NA
1,1963,8,4,800
1,1993,7,4,300
1,1961,5,4,NA
2,1983,7,4,NA
2,1961,5,4,100
2,1989,6,4,NA
1,1989,7,4,350
1,2021,1,4,NA
1,1994,7,4,262
2,1966,5,4,NA
1,1969,4,4,NA
2,2005,5,4,NA
1,2008,4,4,NA
2,1935,3,4,NA
2,1979,5,5,NA
2,2007,4,5,NA
1,1962,8,2,750
2,1967,5,2,83
1,1989,7,2,333
2,1997,7,2,NA
1,1987,7,1,425
2,1985,7,1,410
1,1943,3,2,NA
2,1950,3,2,182
1,1953,7,2,27
1,1970,5,2,677
2,1973,6,2,NA
1,2000,7,2,NA
1,2002,5,2,NA
2,2010,3,2,NA
1,1968,7,2,702
2,1970,7,2,250
1,1998,7,2,NA
2,2004,5,2,NA
1,1970,7,2,734
2,1972,7,2,NA
1,1998,7,2,NA
2,2000,7,2,NA
1,1961,7,2,568
2,1966,7,2,NA
1,1991,7,2,NA
2,1994,7,2,292
2,1997,7,2,18
1,1957,4,2,NA
2,1963,4,2,NA
2,1980,5,2,180
1,1979,7,2,450
1,1949,5,2,NA
1,1966,8,2,NA
2,1972,5,2,567
1,1996,7,2,NA
2,1997,7,2,NA
2,2001,6,2,NA
1,1973,5,2,NA
2,2004,5,2,NA
1,1974,3,2,NA
1,1970,5,2,NA
2,2001,7,2,NA
2,2003,5,2,NA
1,2004,5,2,NA
2,1934,3,2,NA
2,1936,2,2,NA
1,1959,4,2,NA
1,1996,5,2,270
2,1998,5,2,170
2,1941,4,2,27
2,1973,6,2,257
1,1942,3,2,27
2,1949,4,2,NA
2,1967,5,2,200
1,1995,7,2,210
2,1997,6,2,NA
1,1955,4,2,NA
2,1956,4,2,NA
1,1961,5,2,NA
2,1961,5,2,120
1,1991,7,2,292
1,1932,5,2,NA
2,1939,4,2,27
2,1938,2,2,NA
1,1956,3,2,NA
2,1939,2,2,NA
1,1975,5,2,417
1,1943,4,2,NA
2,1947,4,2,63
1,1937,3,2,27
2,1942,3,2,NA
1,1970,5,2,NA
2,1978,5,2,NA
1,1996,5,2,287
1,1999,5,2,NA
1,2016,1,2,NA
1,1957,3,2,NA
2,1964,3,2,NA
1,1988,6,2,NA
1,1991,6,2,220
2,1990,6,2,NA
2,2013,3,2,NA
1,2014,3,2,NA
1,1958,5,5,NA
2,1966,5,5,143
2,1991,7,1,423
1,1989,7,2,572
2,1991,7,2,0
1,1939,5,2,NA
2,1941,3,2,NA
2,1938,3,2,27
1,1939,8,2,NA
2,1940,7,2,NA
1,1976,6,2,457
2,1979,6,2,140
1,1952,4,2,NA
2,1982,7,6,373
1,1979,7,6,424
2,2010,3,6,NA
2,2013,3,6,NA
1,2016,1,6,NA
1,1964,5,2,265
2,1964,7,2,509
2,1991,6,2,245
1,1934,5,2,27
2,1936,4,2,NA
2,1941,5,2,NA
1,1961,7,2,310
2,1956,5,2,NA
2,1983,5,2,NA
1,1989,6,2,333
1,1942,5,2,NA
2,1947,5,2,27
1,1947,3,2,NA
2,1951,3,2,NA
1,1942,5,2,NA
2,1951,4,2,80
2,1982,6,2,397
2,1980,7,2,397
1,1976,7,2,1027
1,2010,3,2,NA
2,2014,3,2,NA
1,1974,5,2,289
2,1982,6,2,NA
2,2012,3,2,NA
2,2016,1,2,NA
2,1935,3,2,NA
2,1943,3,2,NA
1,1960,8,2,748
2,1965,7,2,NA
2,1996,7,2,NA
1,1952,7,5,183
2,1956,5,5,NA
1,1966,9,2,600
2,1967,8,2,250
1,1997,7,2,NA
1,1953,5,2,147
2,1958,5,2,48
2,1981,7,2,NA
1,1979,7,2,744
2,2011,3,2,NA
2,2014,3,2,NA
1,1983,7,6,503
2,1981,7,6,NA
1,1963,6,2,480
2,1965,5,2,NA
1,1994,8,2,100
2,1989,7,1,417
2,1939,4,2,NA
1,1946,3,2,27
2,1948,3,2,27
1,1943,7,2,27
2,1946,5,2,NA
1,1974,7,2,467
2,1971,6,2,214
1,1973,5,2,NA
2,1978,5,2,60
1,2004,5,2,NA
1,2006,4,2,NA
1,1969,5,2,827
2,1976,5,2,86
2,2010,3,2,NA
2,2012,3,2,NA
2,2016,1,2,NA
2,1954,3,2,NA
1,1941,6,2,NA
2,1946,5,2,NA
1,1963,5,2,309
2,1967,5,2,217
2,1990,8,2,NA
2,2016,1,2,NA
2,2018,1,2,NA
1,1965,4,5,NA
2,1986,3,5,149
1,2013,3,5,NA
1,1942,4,2,NA
2,1950,3,2,NA
1,1940,3,2,NA
2,1943,3,2,27
1,1958,5,2,NA
2,1962,5,2,100
2,1987,6,2,317
1,1985,7,2,295
2,2019,1,2,NA
1,1991,7,2,347
1,1957,4,7,NA
2,1957,4,7,173
2,1996,5,2,83
1,1989,7,2,299
2,2018,1,2,NA
2,1968,5,2,189
1,1997,5,2,100
1,1963,4,3,NA
2,1939,3,2,NA
1,1970,5,2,NA
2,1969,5,2,300
1,1995,5,2,400
2,1998,7,2,208
2,1971,5,2,NA
1,1995,6,2,210
1,1967,5,2,350
2,1992,5,2,NA
1,1985,6,2,300
2,2016,1,2,NA
1,2019,1,2,NA
1,1941,3,2,NA
2,1940,3,2,NA
1,1970,5,2,351
2,1972,5,2,468
1,1975,5,5,NA
2,1981,5,5,NA
2,2011,3,5,NA
2,2012,3,5,NA
2,2019,1,5,NA
1,1966,5,2,NA
2,1969,5,2,253
2,1995,6,2,278
1,1996,5,2,NA
2,1943,2,2,27
1,1930,4,2,NA
2,1937,4,2,NA
2,1964,5,2,200
1,1945,3,2,NA
2,1939,3,2,NA
1,1943,4,2,NA
2,1948,4,2,NA
2,1960,4,2,NA
1,1947,4,2,NA
2,1951,4,2,120
1,1957,3,2,310
2,1943,3,2,NA
2,1943,4,7,NA
1,1960,5,2,NA
1,1940,4,2,NA
1,1964,5,2,300
2,1968,5,2,70
2,1999,7,2,NA
1,1956,8,2,270
2,1960,7,2,NA
2,1994,7,2,NA
2,1987,6,1,170
2,1949,3,2,80
2,1959,3,5,NA
1,1954,3,5,NA
1,1951,2,2,NA
2,1948,3,2,NA
2,1937,2,2,NA
2,1992,7,2,260
1,1992,7,2,375
2,1955,3,2,230
1,1943,3,2,NA
2,1948,4,2,NA
2,1929,3,2,NA
1,1956,5,2,NA
2,1938,3,2,NA
1,1964,5,2,NA
1,1991,5,2,270
2,1965,6,2,200
1,1977,5,2,NA
2,1976,5,2,NA
2,2002,7,2,NA
2,2005,5,2,NA
1,2007,4,2,NA
2,1968,6,2,NA
1,1995,6,2,265
1,1943,7,2,NA
2,1946,5,2,NA
2,1946,5,2,NA
1,1975,7,2,726
2,1975,6,2,217
1,2008,4,2,NA
2,2010,3,2,NA
1,1971,7,2,777
2,1974,7,2,NA
1,2014,3,2,NA
2,2016,1,2,NA
1,1936,4,2,NA
2,1936,4,2,27
1,1977,5,2,416
2,1981,7,2,350
2,2011,3,2,NA
2,2014,3,2,NA
1,1939,5,2,NA
2,1943,3,2,NA
2,1974,5,2,NA
1,1949,5,2,NA
2,1950,5,2,68
1,1976,3,2,NA
1,1960,7,2,NA
2,1963,5,2,200
2,1991,7,2,290
1,1993,7,2,300
2,1989,6,6,NA
1,1989,7,6,392
1,2019,1,6,NA
1,1971,7,2,1174
2,1977,5,2,NA
2,2002,6,2,NA
2,2009,3,2,NA
1,1940,5,2,NA
1,1961,7,2,250
2,1968,7,2,250
1,1993,7,2,NA
2,1996,7,2,220
1,1960,7,2,NA
2,1965,7,2,NA
1,1991,7,2,210
2,1994,7,2,100
1,1967,7,2,300
2,1968,5,2,NA
2,1998,7,2,NA
1,2001,7,2,NA
2,1942,3,2,27
1,1971,5,2,NA
1,1947,5,2,NA
2,1953,3,2,115
2,1984,6,2,NA
1,1961,5,2,210
2,1966,6,2,NA
2,1993,7,2,29
1,1977,5,2,381
1,1938,3,2,NA
2,1937,3,2,NA
1,1989,6,2,NA
1,1974,5,2,535
2,1969,5,2,232
2,2005,5,2,NA
1,1967,5,2,NA
2,1976,4,2,NA
1,2005,5,2,NA
1,1972,8,2,500
2,1978,7,2,200
2,2006,4,2,NA
1,2009,3,2,NA
1,1961,7,2,NA
2,1962,7,2,NA
1,2000,7,2,NA
1,1970,6,2,736
2,1973,6,2,NA
1,2002,6,2,NA
1,2005,5,2,NA
2,2012,3,2,NA
1,1977,7,2,750
2,1980,6,2,NA
1,2006,4,2,NA
2,2011,3,2,NA
1,1971,5,2,593
2,1975,5,2,250
2,1996,7,2,343
1,2000,6,2,NA
2,1939,3,2,NA
1,1978,6,2,310
1,1942,4,2,NA
2,1949,4,2,NA
1,1955,5,2,210
2,1964,5,2,NA
2,1950,5,2,100
1,1974,5,2,510
2,1975,5,2,228
1,1998,5,2,NA
2,1967,4,2,NA
2,1944,3,2,NA
1,1973,5,2,427
2,1957,5,2,80
2,1982,9,2,NA
1,1976,8,2,500
2,2013,3,2,NA
2,2015,1,2,NA
1,1968,5,2,417
2,1964,4,2,220
2,1999,7,2,NA
2,1960,3,2,NA
2,1938,3,2,NA
2,1937,3,2,NA
2,1959,5,2,39
1,1967,5,2,NA
2,1995,7,2,173
1,1944,5,2,NA
2,1951,3,2,50
2,1937,3,5,NA
1,1960,4,5,265
2,1965,7,2,NA
1,1939,3,2,NA
1,1976,6,2,614
2,1977,5,2,69
2,2004,5,2,NA
2,2006,4,2,NA
1,2011,3,2,NA
2,1979,5,2,347
1,2003,5,2,NA
1,1946,2,2,NA
2,1943,3,2,15
2,1958,4,2,NA
1,1988,6,2,270
2,1994,5,2,NA
1,2020,1,2,NA
2,1950,3,2,NA
1,1935,5,2,NA
2,1940,3,2,NA
1,1958,4,2,286
2,1961,4,2,67
1,1998,6,2,307
1,1970,5,2,813
2,1979,7,2,NA
1,2002,7,2,40
2,2005,5,2,NA
2,1939,3,2,NA
1,1945,5,4,NA
2,1945,4,4,NA
1,1967,4,7,NA
2,1934,2,2,NA
1,1944,7,2,NA
2,1945,4,2,NA
2,1959,3,2,153
2,1993,7,2,NA
2,1955,4,2,NA
1,1989,6,2,310
2,1939,3,2,NA
1,1976,6,2,248
1,1940,3,2,NA
2,1948,3,2,NA
1,1976,5,2,407
2,1975,5,2,63
1,2006,4,2,NA
2,2008,4,2,NA
1,1967,5,2,509
2,1961,3,2,80
1,1974,7,2,250
2,1977,5,1,NA
2,1999,5,1,NA
1,1966,5,1,NA
2,1938,5,2,NA
1,1961,5,2,NA
2,1964,5,2,110
1,1999,7,2,80
1,2002,5,2,60
1,1954,7,2,NA
2,1963,5,2,220
1,1993,6,2,533
1,1976,7,2,548
2,1980,7,2,NA
1,2007,4,2,NA
1,2010,3,2,NA
2,1959,4,2,NA
2,1991,6,2,220
2,1949,3,2,NA
2,1978,7,2,250
1,1977,6,2,NA
2,2008,4,2,NA
1,1961,5,2,240
1,1996,7,2,100
2,1940,3,2,NA
2,1970,7,2,255
1,1968,5,2,250
1,1978,6,2,433
2,1980,7,2,NA
2,2006,4,2,NA
2,2011,3,2,NA
1,2014,3,2,NA
2,1947,3,6,NA
1,1949,5,6,NA
2,1948,3,2,27
1,1968,7,2,NA
2,1969,7,2,500
1,1994,6,2,NA
2,1999,7,2,NA
2,1944,5,2,27
1,1975,5,2,539
2,1981,5,2,NA
1,2005,5,2,NA
1,2007,4,2,NA
1,1972,6,2,NA
2,1975,5,2,250
2,2004,5,2,NA
2,2006,4,2,NA
2,1957,5,2,65
1,1960,5,2,NA
2,1968,5,2,NA
2,1995,7,2,225
1,1998,7,2,NA
1,1965,8,2,780
2,1966,7,2,NA
2,1963,4,2,NA
1,1987,5,2,NA
2,1976,7,2,220
2,2002,6,2,NA
1,2006,4,2,NA
1,1953,4,2,150
2,1955,4,2,NA
2,1953,2,2,150
1,1957,4,2,NA
2,1963,4,2,200
2,2002,7,2,NA
1,1967,5,2,433
1,1999,7,2,NA
2,1947,2,2,NA
1,1961,5,2,NA
2,1943,5,2,NA
1,1967,5,2,380
1,2006,4,2,NA
2,1935,2,2,27
1,1960,5,2,NA
2,1963,5,2,NA
2,1952,3,2,27
1,1974,5,2,NA
2,1976,5,2,NA
1,2004,5,2,NA
2,2007,4,2,NA
2,1940,3,2,27
1,1955,4,2,NA
2,1966,4,2,NA
2,1985,6,2,0
1,1983,7,2,517
2,2011,3,2,NA
2,2017,1,2,NA
2,2021,1,2,NA
1,1964,5,2,83
2,1938,3,2,NA
2,1946,3,2,NA
1,1969,6,2,333
1,1940,4,2,NA
2,1946,4,2,NA
2,1942,2,2,27
2,1933,2,2,NA
1,1961,3,2,NA
1,1940,4,2,NA
2,1942,3,2,NA
1,1946,3,2,NA
2,1953,3,2,NA
2,1942,3,2,27
1,1956,7,1,NA
2,1956,7,1,35
1,1987,7,1,212
1,1990,7,1,167
1,1936,5,2,NA
2,1938,3,2,NA
1,1949,2,2,NA
2,1946,2,2,NA
1,1984,5,2,NA
2,1980,5,2,400
1,1937,4,2,NA
2,1942,3,2,NA
1,1959,7,2,427
2,1965,6,2,258
2,1948,3,2,NA
1,1938,2,2,NA
2,1935,2,2,NA
2,1928,3,2,NA
2,1981,6,7,NA
1,1982,6,7,420
2,2015,1,7,NA
2,1985,6,7,NA
1,1983,5,7,340
1,2019,1,7,NA
1,1953,5,7,NA
2,1960,4,7,NA
1,1953,7,7,350
2,1936,4,7,NA
2,1973,5,7,NA
1,1940,5,7,NA
2,1939,3,7,NA
1,1946,5,7,NA
2,1952,3,7,NA
2,1949,3,7,27
2,1964,5,7,80
2,1996,7,5,308
1,1979,7,7,500
2,1983,5,7,NA
2,2004,5,7,NA
1,2006,4,7,NA
2,1942,3,7,NA
1,1962,7,7,NA
1,1998,6,7,NA
1,1951,3,7,NA
2,1954,5,7,NA
1,1952,5,7,NA
2,1955,5,7,53
2,1932,3,7,NA
2,2002,7,7,NA
1,1943,4,7,NA
2,1947,4,7,27
2,1942,2,7,NA
1,1946,8,7,NA
2,1951,6,7,NA
1,1980,8,7,NA
2,1974,7,7,NA
2,1957,3,7,NA
2,1939,3,7,NA
1,1936,3,7,27
2,1940,3,7,27
1,1942,5,7,NA
2,1946,3,7,NA
1,1971,5,7,NA
2,1976,5,7,NA
2,2003,5,7,NA
2,1960,3,7,NA
1,1991,6,7,230
2,1987,7,7,NA
1,1982,5,7,NA
1,2018,1,7,NA
2,1936,2,7,NA
1,1960,4,7,NA
1,1943,7,7,NA
1,1980,7,7,200
2,1980,5,7,192
2,2008,4,7,NA
2,2015,1,7,NA
2,1955,4,7,NA
2,1942,3,7,27
2,1956,4,7,NA
2,1952,5,7,NA
2,1938,2,7,NA
1,1949,4,7,NA
1,1976,5,7,NA
2,1978,5,7,NA
1,2012,3,7,NA
1,2014,3,7,NA
2,1940,3,7,NA
2,1956,3,7,NA
2,1946,2,7,NA
1,1973,5,7,NA
1,1942,5,7,180
2,1946,3,7,NA
2,1928,2,7,NA
1,1954,2,7,NA
2,1944,5,7,NA
1,1959,4,7,160
1,1990,5,7,302
1,1945,3,7,NA
2,1949,3,7,NA
1,1977,4,7,27
1,1978,4,7,229
1,1980,5,7,87
1,1974,7,7,250
2,1975,7,7,NA
2,2007,4,7,NA
1,1967,7,7,775
2,1969,6,7,243
2,1999,7,7,NA
2,2002,7,7,NA
1,1955,7,7,NA
2,1957,5,7,NA
1,1972,5,7,NA
2,1970,5,7,NA
2,1997,7,7,NA
1,1998,7,7,NA
1,1967,5,7,191
1,1967,6,7,NA
2,1970,6,7,NA
2,1997,7,7,220
2,1999,7,7,NA
1,2004,5,7,NA
1,1975,7,7,635
2,1978,7,7,300
2,2009,3,7,NA
1,1956,4,7,NA
2,1958,4,7,NA
2,1985,7,7,120
1,1986,7,7,244
1,2017,1,7,NA
1,1941,4,7,NA
2,1952,4,7,NA
2,1980,8,7,NA
1,2004,5,7,NA
1,2005,5,7,NA
2,2008,4,7,NA
1,1972,6,7,333
2,1971,7,7,NA
2,2004,5,7,NA
1,2006,4,7,NA
1,1965,5,7,350
1,1994,5,7,NA
1,1997,7,7,NA
2,1967,7,7,300
2,1991,7,7,NA
1,2001,7,7,NA
1,1971,5,7,194
2,1976,4,7,NA
2,2005,5,7,NA
2,1948,4,7,27
2,1973,5,7,NA
1,1994,7,2,317
1,1964,6,7,200
2,1972,5,7,NA
2,1997,7,7,272
1,1999,7,7,NA
2,2001,7,7,NA
1,1942,4,5,NA
2,1945,3,5,NA
1,1963,7,7,667
2,1964,5,7,261
1,1989,7,7,278
1,1991,7,7,NA
1,1935,5,7,NA
1,1957,8,7,NA
2,1959,7,7,NA
1,1990,7,7,210
1,1963,7,7,696
2,1967,5,7,NA
1,1995,7,7,275
2,1998,7,5,248
1,1965,7,7,NA
2,1969,7,7,NA
2,1999,7,7,NA
2,2001,6,7,NA
1,1944,9,7,NA
2,1957,8,7,NA
2,1948,4,7,NA
2,1944,3,7,27
2,1974,7,7,NA
1,1976,7,7,357
2,2011,3,7,NA
2,1962,5,7,250
1,1992,5,7,NA
1,1993,7,7,375
2,1983,5,7,NA
1,1975,6,7,NA
2,2014,3,7,NA
2,2018,1,7,NA
1,1939,3,7,NA
1,1968,7,7,90
1,1970,5,7,359
2,1983,4,7,221
1,2011,3,7,NA
2,1940,2,7,27
1,1943,4,7,NA
2,1949,3,7,NA
1,1976,7,7,583
2,1982,8,7,508
2,2011,3,7,NA
1,2013,3,7,NA
2,1942,3,7,NA
2,1937,2,7,NA
1,1977,7,5,NA
2,1978,5,5,NA
1,2006,4,5,NA
2,2008,4,5,NA
1,1968,7,7,NA
1,1974,7,7,NA
1,1955,7,1,NA
2,1958,5,1,103
2,1997,7,1,45
2,1922,3,1,NA
1,1946,4,7,27
1,1957,5,7,NA
2,1959,5,7,NA
1,1982,7,7,270
1,1948,3,7,NA
2,1958,4,7,NA
1,1980,5,6,NA
2,1944,3,7,27
1,1952,7,7,NA
2,1956,5,7,75
1,1944,5,7,NA
2,1953,5,7,NA
1,1980,7,2,200
1,1942,5,7,100
2,1954,5,7,NA
1,1962,5,7,NA
2,1967,5,7,NA
1,1994,6,7,200
1,1935,5,7,NA
2,1941,3,7,NA
1,1958,5,7,NA
2,1960,5,7,57
1,1988,6,7,130
1,1991,7,7,200
2,1950,4,7,NA
1,1982,6,7,NA
1,1974,8,7,300
2,1974,9,7,558
2,2006,4,7,NA
1,2008,4,7,NA
2,1962,5,7,120
2,2000,7,7,NA
1,1983,5,3,532
2,1983,6,3,NA
1,2008,3,3,NA
1,2016,1,3,NA
1,1954,5,7,NA
2,1953,5,7,35
1,1979,5,7,330
2,1989,6,7,NA
2,2016,1,7,NA
1,2018,1,7,NA
2,1955,4,7,NA
2,1981,7,7,NA
1,1976,7,7,NA
1,2016,1,7,NA
1,2016,1,7,NA
2,1981,7,7,270
1,1978,7,7,630
2,2016,1,7,NA
1,2019,1,7,NA
2,1957,3,7,NA
2,1981,6,5,55
1,1978,7,5,815
1,2013,3,5,NA
2,2015,1,5,NA
1,1970,5,7,NA
1,1955,3,7,NA
2,1961,3,7,NA
1,1951,4,7,27
2,1956,4,7,NA
1,1979,6,7,542
2,1979,6,7,NA
2,2009,3,7,NA
1,2011,3,7,NA
1,1977,6,7,417
2,1983,6,7,NA
1,2010,3,7,NA
1,2012,3,7,NA
2,1982,6,7,NA
1,1977,6,7,NA
2,1947,4,7,NA
1,1952,3,7,NA
2,1956,3,7,NA
2,1981,5,7,230
1,1966,5,7,NA
2,1972,5,7,250
1,1998,7,7,NA
2,2001,7,7,NA
1,2006,4,7,NA
1,1942,4,7,NA
2,1948,3,7,NA
2,1964,5,6,180
1,1994,7,6,216
1,2007,4,6,NA
1,1952,5,7,NA
1,1955,5,7,NA
2,1967,5,7,NA
1,1981,7,7,325
1,1993,5,7,250
1,1979,5,7,510
2,1979,6,7,220
2,2005,5,7,NA
2,2007,4,7,NA
1,2010,3,7,NA
2,1959,4,7,200
2,1998,7,7,100
2,1982,6,7,180
1,1980,6,7,350
2,2013,3,7,NA
2,1988,7,7,NA
2,1935,3,7,NA
1,1956,5,7,NA
1,1987,5,7,250
1,1987,7,7,267
2,1962,5,7,120
2,1956,5,7,NA
1,1984,8,7,85
2,1980,6,2,NA
1,1980,6,2,510
2,2014,3,2,NA
1,2017,1,2,NA
1,1966,4,7,NA
2,1939,3,7,NA
1,1952,3,7,NA
1,1978,6,7,NA
2,1951,3,7,NA
2,1961,3,7,NA
1,1987,5,7,193
2,1948,4,7,NA
2,1967,5,7,NA
1,1944,2,7,NA
1,1975,5,7,80
2,1953,3,7,NA
2,1964,4,7,NA
1,1990,7,7,330
2,1994,7,7,NA
1,1950,5,5,NA
2,1952,3,5,NA
2,1960,5,7,220
2,1988,7,2,500
1,1987,8,2,325
1,2019,1,2,NA
2,1988,7,2,NA
1,1988,7,2,296
1,1961,3,7,NA
2,1995,5,7,217
1,1994,5,7,NA
1,2018,1,7,NA
2,1931,2,7,NA
1,1952,5,7,NA
2,1961,4,7,NA
2,1987,6,7,NA
2,1933,4,7,NA
1,1970,7,5,508
2,1971,7,5,NA
1,2005,5,5,NA
1,2007,4,5,NA
1,1967,5,7,NA
2,1969,5,7,NA
1,1994,5,7,283
1,1953,7,7,600
2,1960,7,7,700
1,1986,7,7,350
1,1962,6,7,NA
2,1967,5,7,130
2,1993,7,7,NA
1,1995,7,7,NA
1,1955,5,7,833
2,1956,5,7,NA
2,1981,7,7,498
1,1979,7,7,456
2,2011,3,7,NA
1,2015,1,7,NA
2,1984,6,7,NA
1,1978,5,7,NA
1,2007,4,7,NA
1,2009,3,7,NA
1,1942,3,7,NA
2,1947,4,7,NA
2,1975,6,7,360
2,1973,6,7,180
1,1997,7,7,NA
2,2000,7,7,NA
1,1976,7,7,350
2,1979,7,7,430
2,2007,4,7,NA
2,2011,3,7,NA
2,2011,3,7,NA
1,2015,1,7,NA
1,1963,5,7,843
2,1964,7,7,NA
2,1993,7,7,318
1,1974,6,7,302
2,1977,6,7,375
2,2003,5,7,NA
2,2006,4,7,NA
2,1953,3,7,NA
1,1971,5,7,428
2,1977,6,7,200
2,2000,6,7,NA
2,2004,5,7,NA
1,2008,4,7,NA
2,1941,3,7,NA
1,1969,5,7,NA
1,1962,5,5,50
2,1966,6,5,50
2,1942,4,2,27
1,1954,4,5,160
2,1954,3,5,NA
2,1949,2,7,30
1,1973,5,7,260
1,2008,4,7,NA
1,1975,5,7,360
2,1980,6,7,130
1,2007,4,7,NA
1,2011,3,7,NA
2,1944,5,7,NA
1,1980,8,7,433
2,1935,2,7,NA
1,1954,7,7,NA
2,1960,5,7,191
2,1986,7,1,390
2,1988,7,1,NA
1,1982,8,1,673
1,2015,1,1,NA
2,2021,1,1,NA
1,1971,5,7,NA
1,1999,5,7,NA
2,1939,3,7,NA
1,1974,7,7,1052
2,1975,7,7,458
2,2004,5,7,NA
2,1934,3,7,NA
1,1956,7,7,NA
2,1957,5,7,400
1,1961,5,7,NA
2,1966,5,7,NA
1,1990,5,7,NA
2,1998,8,7,30
1,1939,3,7,27
2,1936,3,7,NA
2,1954,3,7,NA
1,1999,5,7,NA
1,1937,4,7,NA
2,1943,3,7,NA
1,1981,7,7,360
2,1981,5,7,272
2,2007,4,7,NA
2,2009,3,7,NA
1,1947,3,7,NA
2,1947,3,7,168
1,1969,7,7,833
2,1971,5,7,165
1,1998,7,7,270
1,1969,5,7,593
2,1968,5,7,NA
1,1998,6,7,NA
2,1996,6,7,200
2,1949,6,7,NA
1,1944,4,7,NA
2,1948,3,7,NA
2,1972,5,5,210
1,1995,7,6,300
2,1941,2,5,NA
2,1962,3,5,NA
2,1938,3,5,NA
1,1974,6,5,235
2,1929,2,5,NA
2,1975,8,5,123
2,2001,7,5,NA
2,1949,3,1,120
1,1945,3,1,NA
2,1947,3,5,NA
1,1934,7,5,NA
2,1944,3,5,NA
2,1964,5,5,NA
1,2006,4,5,NA
2,1988,5,5,NA
1,1984,6,5,475
1,2018,1,5,NA
2,1942,3,5,NA
1,1986,5,5,461
2,1986,5,5,71
2,2009,3,5,NA
2,2011,3,5,NA
1,1936,3,5,NA
1,1949,3,5,NA
2,1947,3,5,NA
2,1970,5,2,465
2,1996,7,2,NA
2,1953,3,5,NA
2,1942,2,5,NA
1,1979,5,5,NA
2,1979,5,5,311
2,1959,4,5,223
1,1949,4,5,300
2,1956,5,5,NA
2,1932,4,5,NA
1,1950,4,5,NA
2,1954,3,5,NA
2,1969,3,5,NA
2,1989,5,5,NA
1,1987,7,5,427
2,1987,6,5,403
2,1942,3,5,NA
1,1994,6,5,NA
1,1999,5,5,NA
1,1972,5,5,NA
2,1937,3,5,29
2,1946,3,5,NA
1,1967,7,5,1158
2,1971,7,5,211
1,1998,7,5,34
2,2000,7,5,NA
1,1944,8,5,NA
2,1950,7,5,NA
2,1975,7,5,NA
1,1973,7,5,NA
2,2008,4,5,NA
1,2008,4,5,NA
1,1955,7,5,NA
2,1961,5,5,NA
1,1963,5,5,NA
2,1966,5,5,125
1,1993,7,5,NA
1,1969,8,5,718
2,1971,7,5,197
1,2003,5,5,NA
1,2004,5,5,NA
1,1955,7,5,NA
2,1955,8,5,NA
1,1983,7,5,NA
2,1993,7,5,344
1,1940,5,5,NA
2,1946,4,5,NA
1,1948,5,5,95
2,1954,5,5,NA
1,1979,7,5,1038
2,1985,7,5,NA
2,2011,3,5,NA
2,1928,3,7,NA
1,1954,5,5,100
2,1961,5,5,NA
1,1994,7,5,NA
2,1932,2,5,NA
2,1966,5,5,230
2,1991,5,5,219
1,1967,4,5,NA
2,1964,3,5,NA
1,1997,6,5,205
2,1951,3,5,163
1,1968,6,5,455
2,1968,7,5,200
1,1996,7,5,173
2,1999,7,5,NA
2,1935,5,5,NA
2,1957,6,5,100
1,1952,8,5,911
2,1956,8,5,44
1,1964,8,5,667
2,1967,5,5,257
1,1998,5,5,NA
2,1991,7,5,336
1,1933,4,5,NA
2,1936,2,5,NA
1,1946,5,5,NA
2,1949,4,5,NA
1,1942,7,4,NA
2,1944,7,4,NA
1,1948,5,5,NA
2,1953,4,5,100
2,1938,5,5,NA
1,1967,6,5,NA
1,1971,8,5,500
2,1970,6,5,200
1,1997,7,5,200
2,1998,7,5,NA
1,1959,8,5,NA
2,1964,8,5,250
2,1999,7,5,NA
2,1992,7,6,412
1,1953,7,5,49
2,1956,5,5,50
2,1983,6,5,402
1,1980,6,5,534
1,2011,3,5,NA
2,2017,1,5,NA
1,1937,4,5,NA
2,1942,3,5,NA
1,1940,5,5,NA
2,1942,3,5,NA
1,1978,7,5,210
2,1981,6,5,190
1,2009,3,5,NA
1,2012,3,5,NA
1,1946,3,5,NA
2,1958,3,5,191
1,1976,5,5,NA
2,1977,5,5,60
2,2006,4,5,NA
2,2008,4,5,NA
2,2011,3,5,NA
1,2014,3,5,NA
1,1949,5,5,220
2,1951,4,5,NA
1,1973,7,5,NA
2,1932,2,5,NA
1,1970,7,5,792
2,1974,6,5,NA
1,2003,5,5,NA
2,2007,4,5,NA
1,1946,5,5,NA
2,1948,3,5,NA
1,1943,5,5,NA
2,1946,4,5,27
1,1935,7,4,NA
2,1938,4,4,NA
2,1953,3,5,105
1,1980,6,5,236
2,1994,5,5,251
1,1985,5,5,250
2,2013,3,5,NA
1,2015,1,5,NA
2,1967,4,5,215
2,1996,7,5,NA
1,1976,7,5,300
2,1976,6,5,459
2,2010,3,5,NA
1,1975,8,5,810
2,1974,7,5,500
1,2004,5,5,NA
1,2005,5,5,NA
1,1943,5,5,NA
1,1940,4,5,NA
2,1944,3,5,27
1,1972,7,5,315
2,1976,7,5,236
2,2006,4,5,NA
1,2009,3,5,NA
1,1973,8,5,335
2,1974,7,5,130
2,2005,5,5,NA
2,2007,4,5,NA
2,2009,3,5,NA
1,1972,7,6,532
2,1975,7,6,NA
2,2006,4,6,NA
2,1943,3,2,NA
2,1959,5,5,NA
1,1979,6,5,243
2,1979,6,5,235
1,2003,5,5,NA
2,2011,3,5,NA
1,1977,5,5,542
2,1979,6,5,250
2,2007,4,5,NA
2,2015,1,5,NA
1,1936,5,5,NA
2,1936,3,5,NA
1,1938,5,5,27
2,1939,4,5,27
1,1969,7,5,292
2,2003,5,5,NA
2,1978,7,5,228
1,2007,4,5,NA
2,1956,5,6,NA
1,1970,6,5,311
2,1944,2,5,27
2,2001,7,5,NA
1,1955,5,5,NA
2,1959,5,5,NA
1,1989,7,5,NA
2,1985,7,2,NA
1,1978,7,2,1010
2,2013,3,2,NA
1,2015,1,2,NA
2,1991,8,6,366
2,1943,2,5,NA
1,1971,5,5,300
2,1972,7,5,165
1,1998,7,5,NA
1,1953,5,5,NA
2,1958,5,5,NA
2,1982,8,5,300
1,1981,7,5,417
2,2018,1,5,NA
2,1984,7,5,305
1,1983,7,5,NA
2,2020,1,5,NA
1,1980,6,5,353
2,1977,6,5,197
2,2011,3,5,NA
2,2014,3,5,NA
2,1949,5,5,38
1,1937,3,5,NA
2,1942,3,5,NA
1,1960,5,5,100
2,1958,5,5,200
2,1982,7,5,NA
1,1978,7,5,615
1,2011,3,5,NA
2,2014,3,5,NA
2,2020,1,5,NA
1,1968,5,5,NA
2,1973,5,5,418
2,2003,5,5,NA
2,1932,2,5,NA
2,2006,4,5,NA
1,2010,3,5,NA
2,1961,7,5,111
2,2004,5,5,NA
2,1985,6,5,250
1,1983,5,5,271
2,2012,3,5,NA
2,2018,1,5,NA
1,1966,7,5,678
2,1969,6,5,210
1,1996,7,5,230
1,1960,4,5,NA
1,1992,7,5,NA
2,1939,3,5,NA
1,1973,5,5,353
2,1973,5,5,NA
2,2003,5,5,NA
1,2008,4,5,NA
1,1939,3,5,30
1,1939,2,5,NA
2,1944,2,5,27
1,1970,5,5,NA
2,2001,7,5,NA
1,1955,3,5,NA
2,1945,3,5,NA
1,1947,5,5,NA
2,1952,4,5,NA
1,1961,5,5,288
2,1989,6,5,230
1,1962,5,5,NA
2,1962,5,5,225
2,1995,8,5,182
1,1983,7,5,358
2,1985,7,5,489
2,2014,3,5,NA
1,2016,1,5,NA
1,1952,4,5,NA
2,1953,3,5,NA
1,1977,5,5,NA
2,1976,5,5,NA
1,2004,5,5,NA
1,2008,4,5,NA
1,2010,3,5,NA
2,1942,4,5,NA
1,1948,5,1,NA
1,1982,7,1,542
2,1991,6,1,195
1,2019,1,1,NA
2,1958,3,5,NA
1,1985,4,5,NA
1,1969,7,5,200
2,1968,5,5,NA
2,1995,9,5,NA
1,1997,8,5,170
1,1965,6,5,NA
2,1968,5,5,140
2,1992,6,5,442
1,2000,5,5,NA
2,1969,6,5,198
1,1971,7,5,1208
2,1973,6,5,300
1,1997,7,5,NA
2,2001,7,5,NA
1,1965,4,5,252
2,1967,5,5,NA
1,1996,6,5,NA
1,1974,7,3,649
2,1977,6,3,NA
2,2007,4,3,NA
1,2015,1,3,NA
2,2015,1,3,NA
1,1947,3,3,NA
2,1954,3,3,NA
2,1975,5,3,NA
1,1965,7,3,760
2,1967,7,3,NA
1,2013,3,3,NA
2,1992,7,3,0
1,1992,7,3,598
1,1994,7,1,285
2,1942,3,3,NA
1,1969,5,3,NA
2,1973,5,3,NA
1,1999,7,3,35
2,2007,4,3,NA
1,1951,5,3,NA
1,1989,5,3,558
1,1983,5,3,397
1,1955,5,3,NA
2,1954,7,3,NA
2,1981,7,3,NA
1,1979,5,3,410
2,1979,6,3,255
1,2007,4,3,NA
1,2011,3,3,NA
1,2014,3,3,NA
1,1976,5,3,1288
2,1980,7,3,NA
2,1962,6,3,NA
2,2000,7,3,55
2,1992,8,3,424
1,1991,8,3,411
2,1958,3,3,215
1,1974,5,3,NA
2,1979,7,3,NA
1,2008,4,3,NA
2,1959,5,3,70
2,1985,7,3,280
1,1960,5,3,NA
2,1965,4,3,101
1,1988,7,3,261
1,1949,4,3,NA
2,1954,4,3,NA
1,1987,6,3,250
1,1959,5,3,NA
2,1966,4,3,NA
2,1988,6,3,250
1,1960,4,3,NA
2,1964,4,3,265
1,1992,6,3,522
2,1936,3,3,NA
1,1937,3,4,NA
2,1943,2,4,NA
2,1958,5,3,175
1,1987,7,3,303
1,1985,7,3,386
1,1945,3,3,NA
2,1950,3,3,NA
1,1978,6,3,911
2,1978,6,3,192
1,2008,4,3,NA
1,2010,3,3,NA
2,2012,3,3,NA
2,1982,4,3,NA
1,2005,5,3,NA
2,1950,4,3,NA
1,1949,4,3,NA
1,1974,3,3,NA
1,1963,7,3,NA
2,1941,3,3,NA
2,1975,5,3,132
2,1971,5,3,NA
2,1967,5,3,NA
2,1994,7,3,NA
2,1937,3,3,NA
2,1957,3,3,114
2,1983,5,3,NA
1,1983,6,3,443
2,2012,3,3,NA
1,1985,7,4,447
1,1953,5,3,NA
2,1959,4,3,NA
1,1986,7,3,117
1,1986,7,3,NA
2,1984,7,1,200
2,1937,2,3,NA
2,1965,4,3,NA
2,1946,2,3,NA
1,1934,3,3,NA
1,1955,5,3,NA
1,1944,4,3,54
2,1945,4,3,NA
1,1989,6,3,NA
2,1972,5,3,NA
1,1970,5,3,583
2,1936,4,3,NA
2,1957,4,3,NA
1,1949,3,4,NA
2,1960,4,4,NA
1,1951,4,3,230
2,1954,3,3,NA
2,1939,2,3,NA
1,1961,4,3,NA
2,1935,2,3,NA
2,1934,3,3,NA
2,1950,5,3,198
1,1937,4,3,NA
1,1952,4,3,NA
2,1955,4,3,NA
1,1972,5,3,367
2,1974,5,3,153
1,2001,7,3,NA
1,1959,5,3,352
2,1962,5,3,NA
1,1994,5,3,NA
1,1963,7,3,NA
2,1962,7,3,529
1,1991,8,3,NA
2,1995,7,2,375
1,1961,5,3,1000
2,1965,5,3,NA
1,1992,7,3,NA
1,1959,3,3,273
2,1965,3,3,NA
2,1989,7,1,NA
2,1991,7,1,198
1,1953,3,4,200
2,1958,3,4,NA
1,1982,7,3,289
1,1955,5,3,NA
2,1957,4,3,NA
2,1982,6,3,417
1,1982,7,3,425
2,2011,3,3,NA
1,2014,3,3,NA
1,2016,1,3,NA
2,1954,3,3,NA
2,1949,3,4,70
1,1948,3,3,NA
2,1950,3,3,NA
1,1976,7,3,600
2,1978,8,3,222
2,2012,3,3,NA
2,2013,3,3,NA
2,2018,1,3,NA
2,1982,6,3,483
1,1980,7,3,375
2,2008,4,3,NA
1,2015,1,3,NA
1,1940,5,3,27
2,1944,4,3,27
1,1969,5,3,272
2,1972,5,3,NA
2,2000,7,3,80
1,2009,3,3,NA
1,1957,5,3,NA
1,1985,7,3,230
1,1976,7,3,608
2,1976,7,3,218
2,2004,5,3,NA
1,2012,3,3,NA
1,1972,5,3,593
2,1972,5,3,120
1,1999,7,3,NA
2,1949,4,3,NA
1,1975,7,3,778
2,1978,6,3,199
1,2006,4,3,NA
2,2007,4,3,NA
2,1966,4,3,NA
2,1987,7,3,NA
1,1989,7,3,655
2,2015,1,3,NA
2,2019,1,3,NA
1,1973,5,3,610
2,1974,5,3,NA
2,2001,7,3,NA
1,2004,5,3,NA
1,1955,5,3,NA
2,1961,5,3,NA
1,1997,6,3,191
1,1970,8,3,1026
2,1975,6,3,NA
2,2003,5,3,NA
1,2007,4,3,NA
1,1962,5,3,764
2,1964,5,3,NA
2,1989,7,2,316
1,1986,7,2,674
2,2017,1,2,NA
1,2019,1,2,NA
2,1994,7,1,280
1,1963,5,3,684
2,1967,5,3,75
1,1991,7,2,519
1,1967,7,3,1096
2,1970,7,3,210
1,1999,7,3,NA
2,2002,7,3,NA
1,1960,5,4,NA
2,1961,5,4,NA
2,1985,7,3,315
1,1980,7,3,0
2,2013,3,3,NA
2,2014,3,3,NA
1,1974,6,3,NA
2,1976,5,3,NA
1,2003,5,3,NA
1,2005,5,3,NA
1,2012,3,3,NA
1,1962,5,3,837
2,1964,5,3,235
1,1994,6,3,294
1,1963,5,3,623
2,1967,5,3,267
2,1995,7,3,250
1,1969,5,3,938
2,1971,5,3,50
2,1998,7,3,NA
1,1962,6,3,885
2,1962,5,3,NA
2,1988,7,3,NA
1,1991,8,5,281
2,1993,8,5,277
1,1974,5,3,928
2,1978,6,3,NA
2,2005,5,3,NA
1,2006,4,3,NA
1,1952,4,3,297
2,1957,4,3,NA
1,1963,6,3,977
2,1964,5,3,NA
2,1995,6,3,NA
1,1988,7,3,455
2,1988,7,3,811
2,2016,1,3,NA
2,2019,1,3,NA
2,1948,4,3,27
1,1961,4,2,676
2,1963,3,2,193
1,1990,7,2,299
2,1989,8,2,NA
2,2018,1,2,NA
2,1985,7,1,419
1,1961,5,3,663
2,1959,5,3,NA
2,1992,7,3,NA
1,1980,6,3,929
2,1981,6,3,50
1,2011,3,3,NA
1,2013,3,3,NA
1,1952,3,3,174
2,1956,4,3,NA
1,1983,6,3,233
2,1950,4,3,NA
1,1958,5,3,NA
2,1963,5,3,NA
1,1993,7,3,NA
1,1955,5,3,NA
2,1958,5,3,NA
1,1983,7,3,502
2,1987,6,3,NA
1,2017,1,3,NA
1,2019,1,3,NA
1,1939,2,3,NA
1,1945,4,3,NA
1,1962,5,3,1093
1,1989,7,3,NA
2,1964,5,3,200
2,1941,3,3,NA
2,1930,2,3,NA
1,1944,4,3,NA
2,1956,4,3,NA
2,1981,8,3,333
1,1948,4,3,NA
2,1953,3,3,NA
1,1975,6,4,352
2,1980,6,4,NA
1,2009,3,4,NA
1,2011,3,4,NA
1,2013,3,4,NA
1,1944,3,3,NA
2,1952,3,3,72
2,1963,4,3,NA
1,1957,5,3,NA
1,1989,6,3,210
1,1963,4,3,NA
2,1969,4,3,139
2,1990,6,3,NA
1,1954,5,3,NA
2,1955,4,3,NA
1,1980,6,3,50
2,1983,7,3,243
1,1940,2,3,NA
2,1949,2,3,NA
2,1980,6,3,NA
2,1928,2,3,NA
1,1974,5,3,NA
2,1981,5,3,325
2,2006,4,3,NA
1,2010,3,3,NA
1,1939,3,3,NA
2,1943,2,3,NA
2,1938,3,3,NA
2,1946,3,3,NA
2,1969,6,3,205
1,1992,5,3,265
1,1993,5,3,248
2,1950,5,3,NA
1,2009,3,3,NA
1,1980,7,2,NA
2,1982,7,2,328
1,2010,3,2,NA
2,2012,3,2,NA
1,1957,5,2,201
2,1957,3,1,243
1,1966,5,2,272
2,1975,5,2,218
1,1937,2,2,NA
2,1940,3,2,NA
2,1961,4,2,158
1,1985,6,2,436
2,1986,6,2,50
1,2010,3,2,NA
1,2012,3,2,NA
1,2017,1,2,NA
1,1954,7,2,NA
2,1958,5,2,NA
1,1982,5,2,NA
1,1944,7,2,NA
2,1949,5,2,NA
2,1953,4,2,NA
1,1961,5,2,190
2,1963,5,2,NA
1,1990,7,2,NA
1,1947,5,2,NA
2,1964,5,2,175
1,1928,3,2,NA
2,1936,2,2,NA
1,1947,5,2,NA
2,1948,4,2,NA
1,1943,5,2,NA
2,1952,5,2,NA
2,1949,5,2,NA
1,1966,5,2,264
1,1996,6,2,217
1,1973,5,2,NA
2,1975,5,2,200
2,2004,5,2,NA
1,2007,4,2,NA
1,1979,8,2,439
2,1981,8,2,NA
2,2019,1,2,NA
2,1949,2,2,NA
1,1957,4,2,NA
2,1963,5,2,NA
2,1990,7,2,NA
1,1993,6,2,413
2,1938,3,2,NA
1,1991,6,2,292
1,1949,3,2,NA
1,1951,3,2,230
2,1955,4,2,168
1,1978,7,2,250
2,1948,3,2,NA
1,1952,5,2,230
2,1959,5,2,280
2,1992,7,2,NA
1,1975,9,5,1183
2,1974,9,5,996
1,1945,3,2,NA
2,1947,3,2,NA
1,1971,5,2,293
1,1964,4,2,352
2,1969,5,2,NA
2,2004,5,2,NA
1,1964,7,2,NA
2,1970,5,2,NA
2,2004,5,2,NA
1,1983,5,2,NA
1,1949,3,2,NA
2,1950,3,2,NA
1,1975,7,2,200
1,1938,3,2,NA
1,1973,5,2,NA
2,1975,5,2,214
1,2005,5,2,NA
2,1946,3,2,NA
2,1953,2,2,NA
1,1961,6,2,NA
2,1961,5,2,NA
2,1987,5,2,NA
2,1936,6,2,NA
1,1942,4,2,NA
2,1942,3,2,NA
1,1953,5,2,NA
2,1959,5,2,NA
1,1983,6,2,347
1,1963,4,2,466
2,1968,5,2,153
1,1992,7,2,321
2,1973,5,2,NA
1,1975,5,2,NA
2,1960,4,2,NA
2,2001,5,2,NA
1,1963,3,5,350
1,1958,5,2,315
2,1965,4,2,NA
2,1989,7,2,300
2,1991,6,2,408
2,1997,6,2,253
1,1960,5,2,250
2,1933,3,2,NA
1,1952,3,2,NA
2,1960,5,2,NA
1,1957,5,2,NA
1,1944,2,2,NA
1,1953,4,2,NA
1,1990,5,2,271
1,1957,3,2,247
2,1960,3,2,88
1,1977,8,2,453
2,1978,5,2,105
1,1972,5,2,424
2,2011,3,2,NA
2,2016,1,2,NA
1,1960,4,2,NA
2,1964,4,2,80
1,1996,6,2,NA
1,1988,7,2,NA
2,1989,7,2,NA
1,1952,5,2,NA
2,1936,2,2,NA
1,1973,5,2,266
2,1973,5,2,241
1,1997,5,2,NA
2,1999,5,2,201
1,1995,6,2,NA
2,1966,5,2,303
1,1965,7,2,NA
2,1968,7,2,NA
1,2001,7,2,30
1,2004,5,2,NA
1,1970,5,2,NA
2,1977,6,2,261
2,1998,6,2,208
1,2001,5,2,NA
2,2003,5,2,NA
2,1946,3,2,72
2,1966,4,2,192
2,1995,6,2,48
1,1997,6,2,290
2,1938,2,2,NA
1,1974,5,2,412
1,1944,5,6,NA
2,1952,3,6,79
2,1948,3,2,120
1,1970,5,2,150
1,1975,5,2,160
1,1935,4,5,NA
2,1939,3,5,NA
1,1939,4,2,27
2,1942,3,2,27
1,1967,4,2,NA
2,1977,5,2,NA
1,1969,5,2,NA
1,2009,3,2,NA
1,2010,3,2,NA
1,1942,3,2,20
2,1955,3,2,160
1,1974,5,2,230
2,1964,5,2,195
2,1970,4,2,NA
1,1965,7,2,342
2,1965,6,2,309
1,1996,6,2,200
2,1992,6,2,117
1,1991,6,2,500
1,2020,1,2,NA
1,1959,5,2,NA
2,1968,5,2,NA
2,1992,6,2,270
2,1989,7,2,239
1,1989,7,2,406
2,1947,3,2,NA
2,1975,5,2,170
1,1972,5,2,450
1,2011,3,2,NA
1,2013,3,2,NA
2,1999,5,2,239
1,1926,2,2,NA
2,1934,2,2,NA
2,1997,5,2,60
2,1944,3,2,NA
1,2015,1,2,NA
2,1943,4,2,NA
1,1938,5,2,NA
1,1959,5,2,179
2,1960,5,2,NA
1,1988,5,2,304
1,1953,4,2,190
2,1960,4,2,214
1,1982,7,2,310
1,1965,7,2,NA
2,1967,8,2,NA
1,1995,6,2,310
2,1940,3,2,NA
1,1947,4,2,27
2,1952,3,2,NA
2,1967,5,2,NA
1,1937,4,2,NA
2,1941,3,2,NA
2,1951,3,2,NA
2,1971,5,2,861
1,1995,5,2,372
1,1997,7,2,NA
1,1955,4,2,NA
2,1961,4,2,NA
1,1991,5,2,365
2,1949,3,2,12
1,1978,6,2,202
2,1973,7,1,300
1,1971,7,1,NA
2,2007,4,1,NA
2,2009,3,1,NA
1,1967,7,2,601
2,1969,5,2,234
2,1995,6,2,328
1,1998,7,2,NA
1,1952,4,2,NA
2,1960,4,2,84
2,1984,5,2,NA
1,1980,5,2,NA
1,2016,1,2,NA
1,2018,1,2,NA
1,1953,5,3,NA
1,1980,5,2,235
2,1951,3,2,NA
1,1974,5,2,305
2,1975,5,2,NA
2,2012,3,2,NA
1,1963,4,2,310
2,1971,4,2,NA
2,1993,5,2,200
1,1952,4,2,152
2,1953,4,2,164
1,1971,7,2,593
2,1948,3,2,NA
2,1954,3,2,NA
2,1945,3,2,NA
2,1952,3,2,13
2,1979,5,5,50
2,2012,3,5,NA
1,2017,1,5,NA
1,1972,5,4,NA
2,1966,6,4,NA
1,2007,4,4,NA
2,2011,3,4,NA
1,1942,5,2,NA
1,1987,9,2,210
2,1987,7,2,260
2,1962,5,2,185
1,1969,7,2,NA
2,1975,5,2,NA
2,2000,6,2,190
1,2001,5,2,NA
2,2004,5,2,NA
2,2006,4,2,NA
1,1960,7,2,446
2,1961,7,2,300
2,1995,7,2,NA
1,1993,7,1,768
1,1952,6,2,210
2,1957,5,2,NA
2,1979,7,2,NA
1,1976,7,2,500
2,2008,4,2,NA
2,2010,3,2,NA
2,1981,7,2,NA
1,1982,7,2,343
2,2015,1,2,NA
1,1963,7,2,1134
2,1966,7,2,NA
2,1993,7,2,550
1,1995,7,2,NA
2,1937,3,2,NA
1,1965,7,2,312
2,1967,6,2,NA
2,1997,6,1,NA
1,1960,6,2,100
2,1963,7,2,NA
1,1941,5,2,NA
2,1947,4,2,NA
2,1965,5,2,NA
1,1956,2,2,NA
2,1960,3,2,NA
1,1963,6,2,NA
2,1965,6,2,255
2,1998,7,2,313
2,2000,6,2,NA
1,2003,5,2,NA
1,1965,5,2,NA
2,2000,6,2,NA
1,2003,5,2,NA
2,1973,7,2,375
1,1934,3,2,NA
2,1938,3,2,NA
1,1971,7,2,NA
2,1972,6,2,NA
2,1999,7,2,NA
2,2000,7,2,NA
1,1971,5,1,420
2,1971,6,1,188
2,2004,5,1,NA
1,1931,6,2,NA
2,1939,3,2,NA
1,1968,7,2,503
2,1969,7,2,120
1,1998,7,2,NA
1,2002,7,2,NA
1,1968,5,2,NA
2,1971,5,2,100
2,2000,7,2,110
1,2005,5,2,NA
2,1930,2,2,NA
1,1937,5,2,NA
2,1941,7,2,NA
2,1971,8,6,833
2,1960,5,6,NA
1,1941,4,5,NA
1,1971,5,2,445
2,1971,5,2,287
1,1994,5,2,150
2,1996,5,2,200
1,2002,7,2,NA
1,1963,5,2,375
2,1972,5,2,217
1,1994,5,2,240
1,1996,6,2,200
1,1946,5,2,NA
1,1978,5,2,320
1,1978,6,2,325
2,1973,6,2,NA
1,1969,5,6,NA
2,1967,5,6,NA
2,2004,5,6,NA
1,2006,4,6,NA
1,1945,3,6,NA
2,1950,3,6,27
1,1969,6,2,NA
2,1965,7,2,NA
2,1994,7,2,600
1,1975,8,2,458
2,1975,8,2,522
2,2008,4,2,NA
2,2011,3,2,NA
1,1959,4,2,280
2,1964,4,2,150
1,1987,6,2,NA
2,1932,3,2,NA
1,1950,3,2,NA
2,1948,3,2,227
2,1978,7,2,307
1,1980,8,2,434
1,2014,3,2,NA
2,2015,1,2,NA
2,1942,2,2,NA
2,1974,5,2,313
2,2002,7,2,80
2,1980,8,1,774
1,1947,5,2,NA
2,1944,5,2,NA
2,1967,5,2,160
1,1991,5,2,200
2,1942,3,2,NA
1,1967,5,2,NA
1,1958,3,2,NA
2,1962,5,2,NA
1,1990,6,2,315
2,1995,7,2,221
2,1971,5,2,NA
1,1993,7,2,300
1,2001,6,2,NA
1,2006,4,2,NA
1,1968,8,2,183
2,1973,8,2,744
2,2003,5,2,NA
1,1954,7,2,339
2,1959,7,2,NA
1,1990,7,2,734
1,1986,7,2,498
2,1986,7,2,0
1,2020,1,2,NA
2,1938,3,2,NA
1,1973,7,2,393
2,1978,6,2,180
1,2004,5,2,NA
2,2007,4,2,NA
1,1974,6,2,366
2,1974,7,2,NA
1,1972,7,2,518
2,1971,5,2,100
2,2005,5,2,NA
1,1971,7,2,833
2,1978,6,2,NA
1,2002,7,2,NA
1,2005,5,2,NA
1,2015,1,2,NA
1,1962,5,2,NA
2,1966,5,2,NA
1,1992,7,2,230
1,1948,3,2,NA
2,1956,2,2,NA
1,1980,5,2,360
1,1976,5,2,NA
1,1950,5,2,NA
2,1943,3,2,27
2,1939,4,2,98
1,1969,5,2,NA
1,1963,7,2,NA
2,1974,7,2,NA
1,1947,5,2,NA
2,1949,4,2,110
1,1960,5,5,493
2,1989,6,5,197
2,1990,6,5,275
2,1966,4,5,297
2,1935,3,7,NA
2,1992,6,5,324
1,1970,5,2,440
2,1971,5,2,400
2,1999,6,2,185
2,2000,7,2,NA
1,1966,5,2,NA
2,1969,5,2,NA
2,1994,5,2,250
2,1992,6,2,NA
1,1996,5,2,340
1,1998,6,2,NA
1,1973,6,2,333
1,2000,5,2,290
2,1973,5,2,333
1,1955,5,6,NA
2,1961,5,6,NA
1,1980,6,6,418
2,1986,5,6,NA
2,2014,3,6,NA
1,2018,1,6,NA
1,1978,7,1,617
2,1978,8,1,275
2,1962,3,2,20
2,1987,5,2,NA
2,1963,5,2,NA
1,1963,4,2,600
2,1995,5,2,340
1,1988,6,2,346
1,1946,4,2,NA
2,1948,4,2,NA
2,1977,6,2,180
1,1978,5,2,320
1,2015,1,2,NA
2,2016,1,2,NA
2,1971,5,2,230
1,1999,6,2,NA
2,2001,6,2,NA
1,1974,4,2,NA
2,1999,3,2,NA
1,2004,5,2,NA
2,2008,4,2,NA
2,1993,5,2,32
1,2018,1,2,NA
1,2019,1,2,NA
2,1975,5,2,140
1,2001,5,2,NA
1,1976,5,2,329
1,2016,1,2,NA
2,1970,5,2,NA
2,1993,6,2,220
2,1996,7,2,225
1,1999,6,2,NA
2,1936,2,2,NA
1,1961,5,2,NA
2,1996,5,2,NA
1,1994,7,2,240
1,2020,1,2,NA
1,1994,5,3,200
1,1994,6,2,NA
2,1941,2,2,NA
2,1931,3,2,NA
1,1961,5,2,NA
2,1942,2,2,NA
2,1954,7,2,NA
1,1954,5,2,NA
2,1956,5,2,NA
1,1983,5,2,230
2,1987,7,2,NA
1,1980,7,2,250
2,2020,1,2,NA
1,1946,7,2,56
2,1950,5,2,NA
2,1939,2,2,NA
1,1936,4,1,NA
1,1945,5,5,NA
2,1948,5,5,NA
2,1974,5,5,229
1,1964,5,2,280
2,1963,5,2,273
2,1990,7,2,210
1,1992,7,2,270
1,1944,5,2,NA
2,1946,5,2,NA
1,1975,8,2,541
2,1979,7,2,159
2,2011,3,2,NA
2,2014,3,2,NA
2,1954,4,1,NA
1,1931,4,2,NA
1,1953,3,2,160
2,1958,3,2,205
1,1983,7,2,450
2,1988,6,2,NA
2,2017,1,2,NA
2,2020,1,2,NA
2,1976,7,2,243
1,1982,8,2,403
1,2013,3,2,NA
2,2015,1,2,NA
2,2017,1,2,NA
1,1958,5,2,360
2,1959,5,2,NA
2,1936,5,2,NA
2,1943,3,2,27
1,1975,8,1,483
2,1979,7,1,391
2,2003,5,1,NA
2,2005,5,1,NA
2,2008,4,1,NA
2,1937,2,2,NA
1,1960,5,2,NA
2,1957,5,2,NA
2,1938,2,2,NA
2,1942,4,2,NA
2,1947,2,2,NA
2,1938,2,2,NA
1,1969,5,2,NA
1,1938,3,2,NA
2,1953,3,2,NA
2,1942,3,2,NA
1,1954,7,2,229
2,1959,5,2,NA
1,1971,5,2,NA
2,1974,7,2,NA
1,2002,5,2,NA
1,2006,4,2,NA
2,1960,5,2,50
2,1981,7,2,557
2,1983,7,2,NA
1,1983,7,2,583
1,2016,1,2,NA
2,2021,1,2,NA
1,1954,5,2,415
2,1960,5,2,128
2,1937,4,1,NA
1,1948,7,1,NA
2,1950,5,1,50
1,1959,4,2,230
2,1964,4,2,NA
2,1994,7,2,315
2,1990,5,2,NA
1,1993,5,2,296
2,1991,5,2,210
1,1991,6,2,370
1,1970,5,2,371
2,1984,3,2,NA
2,2011,3,2,NA
1,1959,5,2,218
2,1962,5,2,35
2,1991,6,2,NA
1,1985,7,2,NA
2,2018,1,2,NA
2,1939,3,2,NA
1,1967,5,2,365
2,2001,7,2,81
2,1935,2,2,NA
1,1965,8,2,NA
2,1968,7,2,208
1,1997,7,2,NA
2,2005,5,2,NA
1,1960,4,2,200
2,1960,4,2,NA
1,1997,7,2,150
1,1960,5,2,NA
1,1954,7,4,270
2,1955,3,4,120
1,1969,7,5,242
2,1973,7,5,237
1,2002,5,5,NA
1,2004,5,5,NA
1,1975,7,2,817
2,1980,7,2,435
2,2009,3,2,NA
1,2013,3,2,NA
2,1945,3,2,27
2,1945,3,2,NA
1,1961,5,2,290
2,1964,5,2,270
1,1999,5,2,NA
2,2006,4,2,NA
1,1958,5,2,438
2,1968,7,2,100
1,2004,5,2,NA
1,1973,5,2,441
2,1976,5,2,281
2,1999,5,2,221
1,2002,7,2,NA
1,1975,5,2,340
2,1976,5,2,NA
2,1997,5,2,220
2,2000,6,2,190
1,2004,5,2,NA
2,1946,3,2,100
2,1947,3,2,27
1,1967,5,2,NA
2,1948,4,2,60
1,1957,3,2,NA
2,1968,5,2,NA
2,1992,6,2,NA
1,1995,5,2,100
1,1944,4,2,NA
2,1948,3,2,NA
1,1946,3,2,NA
2,1939,3,2,71
1,1958,5,2,NA
2,1958,4,2,NA
2,1998,7,2,240
1,1959,3,2,200
2,1962,4,2,NA
1,1987,5,2,NA
1,1969,4,2,NA
2,2001,5,2,NA
2,1960,3,2,NA
2,1940,3,2,NA
1,1955,4,2,NA
2,1960,4,2,NA
1,1988,6,2,450
1,1970,6,2,NA
2,1973,5,2,NA
1,1996,7,2,211
2,2000,7,2,NA
1,1971,5,2,667
2,1976,5,2,NA
1,2004,5,2,NA
1,1970,6,2,NA
2,1970,6,2,NA
2,1997,7,2,375
1,2002,5,2,200
2,1941,3,2,NA
2,1937,3,2,27
1,1968,5,2,NA
2,1969,5,2,210
1,1995,5,2,NA
1,1998,7,2,NA
1,1958,5,2,309
2,1975,6,2,201
2,2003,5,2,NA
2,2004,5,2,NA
1,1965,6,2,470
2,1971,8,2,603
2,2002,6,2,NA
2,2003,5,2,NA
2,2008,3,2,NA
1,1960,6,2,NA
2,1961,5,2,NA
1,1989,7,2,620
2,1991,7,2,300
1,1970,7,2,667
2,1973,7,2,208
2,2005,5,2,NA
1,1953,5,2,220
2,1956,4,2,65
1,1980,8,1,432
1,1960,6,7,NA
2,1963,5,7,NA
1,1990,7,7,NA
1,1988,7,7,483
2,1986,7,7,NA
2,2019,1,7,NA
1,1972,6,2,717
2,1974,6,2,NA
1,2002,7,2,NA
1,1959,5,2,310
2,1964,5,2,NA
2,1988,7,2,900
2,1990,7,5,600
1,1957,5,2,307
2,1962,3,2,230
2,1988,6,2,230
2,1997,7,2,NA
2,1986,6,2,NA
1,1983,7,2,644
2,1964,4,2,205
2,1990,5,2,215
1,1997,6,2,228
1,1959,4,2,NA
2,1986,5,2,NA
1,1932,3,2,NA
1,1957,7,2,NA
2,1962,5,2,NA
2,1995,7,2,220
2,1997,5,2,NA
2,1988,8,2,220
1,1964,5,2,NA
2,1972,5,2,231
1,1999,6,2,NA
2,2000,7,2,NA
1,1968,5,2,316
2,1969,5,2,NA
1,1970,5,2,688
2,1971,5,2,NA
2,2000,7,2,NA
2,2006,4,2,NA
2,1965,5,2,220
1,1969,5,2,345
2,1931,2,2,NA
1,1972,9,2,NA
2,1964,5,2,NA
1,1994,5,2,200
2,1991,5,2,NA
1,1985,5,2,419
2,2018,1,2,NA
1,1953,5,2,NA
2,1959,5,2,NA
1,1963,6,2,576
2,1968,3,2,NA
2,1994,7,2,NA
2,1933,3,2,NA
2,1954,5,2,42
1,1958,3,2,NA
2,1961,4,2,NA
2,1992,6,2,240
1,1956,5,2,NA
2,1956,4,2,35
2,1967,7,2,230
2,1987,6,2,432
1,1975,7,2,508
2,1972,5,2,NA
1,2005,5,2,NA
1,1965,5,2,310
1,1967,5,2,290
2,1943,3,2,NA
1,1968,5,2,468
2,1970,5,2,418
2,1997,7,2,NA
1,1999,7,2,NA
1,1964,5,2,310
2,1966,5,2,167
1,1989,5,2,180
1,1967,7,5,211
1,1941,2,2,NA
2,1943,3,2,NA
1,1971,5,2,NA
1,1966,5,2,282
1,1951,7,5,NA
2,1972,5,2,180
2,1947,2,2,NA
1,1985,5,2,570
2,1951,3,2,NA
1,1978,5,2,NA
2,2017,1,2,NA
1,1958,5,2,NA
2,1958,5,2,NA
2,1991,7,2,NA
1,1979,7,2,358
1,2015,1,2,NA
2,2017,1,2,NA
1,1961,3,2,NA
2,1962,3,2,150
2,1933,3,2,NA
1,1961,5,2,110
2,1993,7,1,220
1,1961,5,5,330
2,1958,5,5,NA
2,1995,7,2,110
1,1970,7,2,283
2,1970,5,2,NA
1,1999,5,2,130
1,1969,5,2,469
2,1981,5,2,256
1,2009,3,2,NA
1,2013,3,2,NA
1,1941,5,5,29
2,1943,3,5,NA
1,1962,5,2,260
2,1972,7,2,281
1,2004,5,2,NA
2,2008,4,2,NA
1,1963,5,2,800
2,1965,5,2,500
1,1963,6,2,430
2,1972,5,2,222
1,1995,6,2,275
1,1948,3,2,NA
1,1971,5,2,512
2,1974,5,2,NA
2,1999,7,2,85
1,2002,6,2,NA
1,1964,7,2,150
2,1968,5,2,130
1,1995,5,2,310
2,1997,5,2,260
2,1953,2,2,NA
1,1973,6,2,361
2,1973,5,2,250
2,2000,7,2,NA
1,2002,5,2,220
2,1938,3,2,NA
1,1978,5,6,353
1,1955,4,2,NA
2,1959,4,2,NA
1,1985,7,2,NA
2,1984,6,2,210
1,1980,7,2,327
2,2016,1,2,NA
1,1956,5,2,260
2,1957,5,2,NA
2,1983,7,2,NA
1,1983,7,2,666
2,2013,3,2,NA
2,2013,3,2,NA
1,1981,7,1,343
2,1982,7,1,583
1,2013,3,1,NA
2,1966,5,2,NA
1,1991,6,2,368
2,1994,7,2,260
1,2019,1,2,NA
1,1993,6,2,360
2,1993,7,2,260
1,1963,5,2,NA
2,1968,5,2,261
2,1996,5,2,96
2,1992,7,2,243
1,1989,7,2,281
1,1967,6,2,392
2,1973,5,2,200
1,1999,7,2,NA
1,2001,7,2,NA
1,1966,7,2,NA
2,1969,5,2,NA
2,1997,7,2,211
1,1999,7,2,NA
1,1965,5,2,633
2,1973,7,2,220
2,1998,7,2,48
2,2000,7,2,72
2,2011,3,2,NA
2,1937,5,6,NA
1,1936,7,2,NA
2,1949,3,2,NA
2,1941,3,2,NA
1,1964,6,2,NA
2,1966,5,2,NA
1,1988,6,2,NA
2,1965,7,2,NA
2,1950,4,2,NA
1,1964,5,2,NA
2,1941,4,2,NA
1,1968,7,2,592
2,1973,7,2,179
1,2006,4,2,NA
1,1966,6,2,NA
2,1968,5,2,NA
2,1995,6,2,342
1,1998,7,2,350
1,1966,5,3,NA
2,1973,5,3,NA
2,1998,7,3,50
2,2000,7,3,NA
1,2004,5,3,NA
1,1968,5,5,611
2,1968,5,5,NA
1,2007,4,5,NA
2,1993,5,5,211
2,1961,4,2,NA
1,1972,5,2,295
2,1974,7,2,NA
1,2006,4,2,NA
1,2007,4,2,NA
1,1940,7,2,NA
1,1967,7,2,419
2,1970,7,2,226
1,1997,6,2,NA
1,1999,6,2,NA
1,1949,7,2,213
2,1949,5,2,213
2,1945,4,2,NA
2,1977,7,2,NA
2,1975,7,2,682
1,1973,7,2,593
2,2015,1,2,NA
1,1966,7,2,425
2,1968,6,2,NA
2,1994,7,2,NA
1,1998,7,2,NA
1,1944,3,2,NA
2,1951,4,2,NA
1,1974,6,2,250
2,1977,5,2,65
1,1972,7,2,510
2,2011,3,2,NA
1,2013,3,2,NA
1,1975,6,2,458
2,1953,3,2,NA
1,1951,3,2,NA
2,1952,3,2,NA
1,1982,6,2,400
2,1985,5,2,203
2,2010,3,2,NA
2,2012,3,2,NA
1,2015,1,2,NA
2,2016,1,2,NA
2,1939,3,2,NA
1,1971,8,2,230
2,1974,5,2,NA
2,2011,3,2,NA
1,2016,1,2,NA
2,1962,4,2,70
1,1989,7,2,440
1,1950,3,2,NA
2,1956,3,2,NA
1,1972,5,2,425
2,1972,5,2,145
2,2000,7,2,NA
1,2004,5,2,NA
1,2006,4,2,NA
1,1938,3,2,NA
2,1942,3,2,27
1,1945,4,5,NA
2,1947,5,5,NA
1,1938,3,2,NA
2,1942,3,2,NA
1,1960,5,2,210
2,1965,5,2,203
2,1993,7,2,318
2,2003,5,2,NA
2,1995,6,2,NA
2,1949,2,2,NA
1,1933,5,2,NA
1,1971,5,2,NA
2,1936,2,2,NA
2,1942,3,2,NA
2,1938,3,2,NA
1,2005,4,2,NA
1,1965,5,2,200
2,1984,7,2,NA
1,1982,7,2,642
1,2017,1,2,NA
1,2020,1,2,NA
1,1939,4,2,NA
2,1944,4,2,NA
2,1983,7,1,439
1,1983,7,1,505
1,2012,3,1,NA
2,2017,1,1,NA
1,1952,3,2,190
2,1964,3,2,148
2,1988,7,2,267
2,1985,7,6,448
1,1983,7,6,320
2,1939,5,2,NA
2,1944,3,2,48
1,1971,6,2,NA
2,1979,7,2,260
1,2014,3,2,NA
1,1938,4,2,NA
2,1937,3,2,NA
2,1943,3,2,NA
1,1938,5,2,NA
2,1940,2,2,NA
1,1978,5,2,330
2,1979,5,2,200
1,1984,7,2,388
1,1960,6,2,NA
2,1962,5,2,250
2,2002,7,2,NA
2,1942,2,2,NA
1,1955,3,2,NA
2,1993,5,2,NA
1,1954,4,2,202
1,1943,5,2,NA
2,1947,4,2,77
1,1944,5,2,NA
2,1956,3,2,NA
1,1979,6,2,57
2,1980,7,2,190
1,1944,3,1,NA
2,1966,3,2,NA
1,1997,6,2,NA
2,1965,5,2,NA
2,2000,6,2,NA
2,1995,6,2,200
1,1996,6,2,225
2,2018,1,2,NA
1,1942,3,2,NA
2,1946,3,2,NA
1,1969,5,2,415
2,1972,6,2,NA
2,2004,5,2,NA
1,2009,3,2,NA
1,1970,5,2,513
2,1974,5,2,250
2,2000,7,2,NA
1,2003,5,2,NA
1,1971,5,2,NA
2,1971,5,2,210
2,1995,7,2,NA
2,1942,3,2,NA
2,1973,5,1,190
2,1995,6,1,NA
2,1997,5,1,250
1,2000,5,1,190
2,1937,3,2,NA
2,1942,4,2,NA
2,1966,4,3,150
2,1935,5,2,NA
1,1978,5,2,362
2,1978,5,2,300
2,2005,5,2,NA
1,1975,7,2,253
1,1975,7,2,499
2,1979,5,2,NA
1,2009,3,2,NA
2,2011,3,2,NA
1,1976,7,2,458
2,1976,7,2,525
2,2007,4,2,NA
1,2015,1,2,NA
1,1977,5,2,561
2,1975,5,2,393
1,2003,5,2,NA
2,2005,5,2,NA
1,2008,4,2,NA
1,1979,7,2,260
2,1978,5,2,230
2,2003,5,2,NA
2,2005,5,2,NA
1,1941,3,2,NA
1,1973,6,5,502
2,1973,6,5,404
1,2010,3,5,NA
2,2016,1,5,NA
1,1971,6,2,420
2,1971,7,2,243
1,2002,5,2,243
1,1964,7,2,443
2,1970,5,2,310
1,1995,7,2,NA
1,1960,5,2,218
1,1991,7,2,237
1,1959,7,2,NA
2,1960,7,2,NA
2,1985,6,2,230
1,1980,6,2,393
2,2011,3,2,NA
1,2014,3,2,NA
1,1958,5,2,233
2,1961,5,2,NA
1,1985,7,2,343
1,1973,7,2,616
2,1974,7,2,566
1,2002,5,2,NA
2,1948,2,2,NA
1,1947,5,2,NA
1,1953,8,1,NA
2,1954,5,1,NA
1,1974,7,2,820
2,1973,7,2,773
2,2003,5,2,NA
1,1947,3,2,NA
2,1942,2,2,NA
1,1962,5,2,NA
2,1967,5,2,NA
2,1969,5,2,210
2,2008,4,2,NA
2,1988,7,2,310
1,1988,5,2,435
1,1992,5,2,262
2,1964,6,2,230
1,1994,5,2,230
1,1962,5,2,400
2,1989,6,2,NA
1,1988,6,2,400
2,1972,7,2,NA
1,1960,4,2,460
2,1965,5,2,270
2,1993,7,2,300
2,1996,6,2,260
1,1940,5,2,NA
2,1943,4,2,NA
1,1942,4,2,150
2,1945,3,2,NA
1,1973,7,2,NA
2,1978,8,2,507
1,2013,3,2,NA
1,1965,5,2,NA
2,1967,5,2,180
2,1996,5,2,200
1,1998,5,2,178
2,1936,2,2,NA
1,2007,4,2,NA
1,1947,5,2,NA
1,1988,6,2,260
1,1990,5,1,268
2,1989,6,1,NA
2,2010,3,1,NA
1,2015,1,1,NA
2,1970,5,4,NA
2,1933,2,2,NA
1,1983,5,2,280
1,1988,6,2,270
1,1975,5,2,NA
2,1976,5,2,260
1,2002,7,2,NA
2,2005,5,2,NA
1,1965,5,2,318
2,1969,5,2,269
1,2000,5,2,NA
1,2003,5,2,NA
1,1971,5,2,NA
2,1971,5,2,NA
2,2002,7,2,NA
2,2006,4,2,NA
2,1951,3,2,193
2,1981,5,2,NA
1,1977,5,2,309
1,2007,4,2,NA
1,1976,5,2,428
2,1978,5,2,NA
1,2013,3,2,NA
2,2019,1,2,NA
1,1956,5,2,NA
2,1961,5,2,NA
2,1995,6,2,250
2,1961,5,2,140
1,1994,5,2,NA
2,1969,5,2,NA
1,1968,7,2,NA
1,2011,3,2,NA
2,1934,2,2,NA
1,1959,3,2,NA
2,1933,2,2,NA
1,1972,5,2,NA
2,1976,5,2,329
1,1996,5,2,NA
2,2002,6,2,NA
1,2007,4,2,NA
2,1942,3,2,NA
2,1971,5,2,NA
1,1965,7,2,99
2,1965,5,2,NA
2,1997,7,2,126
1,1940,8,2,NA
2,1940,7,2,NA
1,1944,4,2,NA
2,1945,3,2,NA
1,1939,9,2,NA
1,2008,4,2,NA
1,1957,5,2,NA
2,1961,6,2,179
2,1989,7,2,339
1,1960,3,2,72
2,1951,3,2,NA
1,1966,7,6,432
2,1970,7,6,NA
1,2002,5,6,NA
1,1968,7,2,NA
2,1973,7,2,503
2,1999,7,2,NA
1,1939,5,1,NA
2,1946,4,1,NA
1,1971,8,2,NA
2,1974,7,2,237
2,2004,5,2,NA
1,2007,4,2,NA
1,1976,5,2,NA
2,1977,6,2,NA
2,2004,5,2,NA
1,2005,5,2,NA
1,2015,1,2,NA
2,1968,7,1,375
2,1995,6,1,275
1,2000,5,1,53
2,1934,7,2,NA
2,1966,5,2,NA
1,1991,5,2,324
2,1994,5,2,245
1,1963,7,2,338
2,1970,7,2,353
2,1994,7,2,226
1,1995,7,2,NA
1,2003,5,2,NA
2,1960,5,2,NA
2,2002,5,2,NA
1,1961,5,2,315
1,1942,8,2,NA
2,1947,5,2,27
2,1940,4,2,NA
1,1966,5,2,130
1,1958,5,5,NA
2,1952,3,5,NA
1,1967,7,2,NA
2,1974,5,2,205
1,1999,7,2,NA
2,1999,6,2,240
1,1955,3,2,NA
2,1955,3,2,NA
1,1983,7,2,NA
1,1978,5,6,NA
2,1984,5,6,NA
1,2015,1,6,NA
1,1945,3,2,NA
2,1947,3,2,NA
1,1948,5,2,NA
2,1947,3,2,NA
1,1949,3,2,NA
2,1958,3,2,NA
2,1940,3,2,NA
1,1967,6,2,700
2,1971,5,2,100
1,1998,7,2,261
1,1999,7,2,125
1,1947,5,2,NA
2,1954,4,2,NA
1,1948,5,2,NA
2,1947,2,2,NA
1,1950,4,2,97
2,1958,4,2,NA
2,1983,6,2,359
2,1970,2,2,NA
2,1937,2,2,NA
2,1940,3,2,NA
2,1938,2,2,27
1,1943,2,2,NA
1,1969,7,2,542
2,1969,5,2,228
1,2002,7,2,NA
1,2007,4,2,NA
1,2010,3,2,NA
1,1999,5,5,285
1,1960,5,2,NA
2,1963,4,2,NA
1,1998,7,2,150
2,2000,7,2,NA
1,1968,6,2,411
2,1971,5,2,262
2,1998,7,2,NA
1,1971,5,2,511
2,1976,7,2,NA
1,2002,6,2,60
1,2005,5,2,NA
1,2007,4,2,NA
1,1962,7,2,NA
2,1964,5,2,500
2,1998,7,2,NA
2,2000,7,2,35
1,1953,4,2,NA
2,1954,4,2,NA
2,1930,2,2,NA
1,1956,7,2,NA
2,1961,5,2,NA
1,1987,7,2,425
1,1984,7,2,408
2,1986,6,2,NA
2,2015,1,2,NA
2,2018,1,2,NA
1,1944,3,2,NA
2,1948,3,2,NA
1,1936,5,2,NA
2,1947,4,2,268
1,1942,3,2,NA
2,1946,3,2,NA
1,1964,5,2,NA
2,1932,2,2,NA
2,1967,5,6,195
2,1995,7,1,NA
1,1954,4,2,195
2,1957,4,2,NA
1,1981,5,2,362
2,1977,6,2,NA
2,2013,3,2,NA
1,2013,3,2,NA
1,2013,3,2,NA
1,1953,4,2,NA
2,1956,4,2,NA
1,1938,3,2,NA
2,1937,3,2,NA
1,1946,4,2,NA
2,1949,3,2,NA
2,1942,3,2,NA
1,1974,5,2,NA
2,1975,5,2,NA
2,2003,5,2,NA
1,2009,3,2,NA
1,1955,3,6,NA
2,1943,4,6,NA
1,1968,5,6,NA
1,2012,3,6,NA
1,1938,3,2,NA
1,1962,7,2,110
2,1966,7,2,NA
1,1991,7,2,NA
1,1947,5,2,NA
2,1948,6,2,NA
1,1962,5,2,NA
2,1965,6,2,NA
1,1991,6,2,NA
1,1991,6,2,NA
1,1960,5,2,NA
2,1963,5,2,NA
2,1989,9,7,275
1,1976,8,7,541
1,2012,3,7,NA
2,1991,7,2,0
1,1984,7,2,380
1,2018,1,2,NA
1,1942,5,2,NA
2,1947,4,2,NA
1,1982,5,2,NA
2,1981,7,2,NA
2,2015,1,2,NA
1,1977,5,2,345
2,1975,7,2,113
1,2013,3,2,NA
2,2018,1,2,NA
1,1931,5,2,NA
2,1947,4,2,NA
1,1945,7,6,NA
2,1955,5,6,NA
1,1982,7,2,NA
2,1984,7,2,NA
2,2012,3,2,NA
2,2013,3,2,NA
1,1971,5,2,NA
2,1971,5,2,249
2,1999,6,2,195
2,1970,6,2,NA
1,1947,4,2,NA
2,1948,4,2,NA
1,1970,5,2,NA
1,1970,3,2,NA
2,1973,5,2,NA
1,1998,5,2,NA
1,2002,7,2,NA
1,1978,5,2,380
1,1970,5,2,469
2,2004,5,2,NA
2,2012,3,2,NA
2,1936,2,2,NA
2,1967,7,2,NA
2,1950,4,2,NA
2,1934,3,2,NA
1,1963,5,2,267
2,1968,5,2,850
2,1994,7,2,NA
2,1943,3,2,NA
1,1961,4,2,NA
2,1967,5,2,120
2,1993,5,2,211
1,1948,3,2,30
2,1947,3,2,NA
1,1963,3,2,NA
2,1958,3,2,NA
1,1944,4,2,NA
2,1937,3,2,NA
1,1958,5,2,259
2,1959,5,2,85
2,1990,7,2,60
1,1991,7,2,NA
2,1932,2,1,NA
1,1962,5,1,333
2,1993,6,1,250
2,1935,3,2,NA
1,1953,5,2,NA
2,1958,3,2,NA
2,1955,3,2,NA
1,1981,7,2,NA
1,2006,4,2,NA
1,2010,3,2,NA
1,1979,6,2,350
1,1945,7,2,NA
2,1954,3,2,118
1,1975,5,2,410
1,1937,4,2,NA
2,1937,2,2,NA
2,1962,4,2,NA
1,1990,9,2,90
1,1960,5,2,NA
2,1963,4,2,NA
1,1942,3,2,NA
2,1947,2,2,NA
1,1938,5,2,NA
1,1975,5,2,NA
2,1975,6,2,80
2,2005,5,2,NA
1,1970,5,2,NA
2,1974,5,2,160
2,2000,6,2,NA
2,2003,5,2,NA
2,2006,4,2,NA
1,1972,5,2,NA
2,1974,5,2,NA
2,2002,6,2,NA
2,2006,4,2,NA
1,1967,7,2,NA
2,1969,5,2,NA
2,2001,6,2,NA
1,2004,5,2,NA
2,1998,7,2,NA
2,1942,5,2,27
2,1954,3,2,52
2,1953,5,2,NA
2,1980,7,2,250
1,1938,7,2,NA
2,1938,7,2,NA
1,1977,5,2,NA
2,1980,7,2,NA
2,2016,1,2,NA
1,2017,1,2,NA
1,2019,1,2,NA
2,1950,3,2,NA
1,1935,5,2,NA
1,1976,6,6,458
2,1996,7,6,NA
2,2018,1,6,NA
2,2021,1,6,NA
2,1946,3,2,NA
1,1971,5,2,593
2,1971,5,2,100
2,2002,6,2,NA
1,2007,4,2,NA
1,1955,5,2,190
2,1958,5,2,272
2,1998,6,2,NA
1,1988,9,2,200
1,1981,5,2,716
2,1946,3,2,20
1,1963,5,2,417
2,1969,5,2,226
1,1996,5,2,217
1,1942,7,2,NA
2,1948,7,2,210
1,1974,6,2,NA
1,1965,5,2,NA
2,1971,5,2,NA
1,1998,7,2,NA
1,2001,6,2,NA
1,1940,3,7,27
1,1928,7,7,NA
2,1970,8,7,58
1,1966,8,7,NA
1,1966,7,4,506
2,1975,5,4,164
1,2002,7,4,NA
1,2007,4,4,NA
2,1954,7,1,NA
2,1926,2,1,NA
2,1942,3,1,NA
1,1960,5,2,NA
2,1963,5,2,NA
1,1996,6,2,280
2,1937,3,2,NA
1,1931,7,2,NA
1,1960,6,2,300
2,1966,5,2,180
2,1989,7,2,300
1,1991,6,1,250
1,1964,4,2,300
2,1969,4,2,NA
1,1992,7,2,300
1,1993,6,2,418
1,2012,3,2,NA
1,2014,3,2,NA
1,1975,5,2,300
2,1975,6,2,200
1,2002,6,2,NA
1,1963,7,2,300
1,1997,5,2,280
2,1933,3,2,NA
1,1956,4,2,414
2,1955,3,2,NA
2,1935,3,2,NA
1,1974,5,2,220
2,1978,7,2,NA
1,2014,3,2,NA
2,1944,2,2,27
1,1934,4,2,NA
2,1945,3,2,27
2,1932,3,2,27
2,1945,3,2,27
1,1945,2,2,NA
2,1947,3,2,27
2,1938,3,2,NA
1,1969,9,2,262
2,1969,8,2,656
2,1998,7,2,NA
1,2001,7,2,NA
2,1931,3,6,NA
2,1940,4,2,NA
2,1940,2,2,27
1,1936,6,2,NA
2,1939,4,2,NA
1,1938,5,1,NA
2,1941,4,1,NA
1,1942,4,2,NA
2,1945,4,2,NA
2,1926,2,1,NA
1,1947,3,1,179
1,1961,5,2,NA
2,1962,5,2,NA
2,2014,3,2,NA
1,1988,7,2,NA
2,1988,5,2,NA
1,2020,1,2,NA
1,1953,7,2,214
2,1953,7,2,NA
1,1932,7,2,NA
2,1947,5,2,NA
2,1965,5,5,171
1,1961,5,5,NA
1,1990,7,5,258
2,1932,2,2,NA
2,1994,5,2,446
1,1943,5,2,NA
2,1948,3,2,NA
2,1975,7,5,126
1,1973,5,5,NA
2,1940,3,2,27
2,1971,2,2,NA
1,1976,5,2,NA
2,1980,5,2,100
1,2006,4,2,NA
1,2010,3,2,NA
2,1969,7,1,NA
2,1997,5,1,210
1,1941,5,2,NA
2,1945,5,2,NA
1,1946,3,2,NA
2,1952,4,2,NA
1,1943,3,2,NA
2,1953,3,2,NA
1,1935,5,2,NA
2,1945,7,2,27
1,1930,3,2,NA
2,1943,3,2,27
2,1926,2,2,NA
1,1951,5,2,NA
2,1954,7,2,NA
1,1994,7,2,NA
2,1950,4,2,NA
1,1937,7,6,NA
2,1942,5,6,27
2,1963,5,6,186
1,1989,7,6,NA
2,1993,7,6,229
2,1988,7,1,459
2,1990,7,1,323
1,1971,7,1,1000
2,1975,7,1,500
1,1998,7,1,NA
1,1975,7,5,834
2,1976,7,5,NA
2,2007,4,5,NA
2,2009,3,5,NA
2,2012,3,5,NA
1,1934,6,6,NA
2,1937,6,6,NA
2,1949,5,6,NA
2,1952,4,6,235
1,1947,5,6,NA
2,1938,5,6,NA
2,1942,5,6,NA
1,1964,7,6,NA
1,1980,7,6,250
1,1970,7,6,603
2,1970,7,6,617
1,2002,7,6,NA
1,1968,7,6,505
2,1972,6,6,NA
1,2001,7,6,NA
1,1945,7,6,NA
2,1950,5,6,NA
1,1970,5,7,370
2,1970,7,7,195
1,2000,7,7,NA
2,2002,7,7,NA
1,1973,5,6,408
1,1945,3,6,NA
2,1949,3,6,74
1,1978,5,6,NA
1,1975,7,2,1035
2,1975,7,2,NA
1,2002,7,2,NA
1,2006,4,2,NA
1,1972,6,6,341
2,1975,6,6,260
1,2004,5,6,NA
1,2011,3,6,NA
1,1975,6,6,566
2,1978,6,6,NA
2,2005,5,6,NA
2,2008,4,6,NA
2,1955,4,6,NA
1,1939,2,6,NA
2,1938,2,6,NA
2,1996,8,7,214
2,1942,5,1,NA
2,1941,3,6,NA
2,1954,4,6,NA
2,1982,6,2,NA
1,1984,6,2,473
1,2009,3,2,NA
2,2011,3,2,NA
1,1961,5,6,760
2,1966,6,6,NA
1,1990,7,6,NA
1,1993,6,1,500
1,1956,6,4,NA
2,1957,4,4,120
1,1971,7,6,717
2,1973,6,6,NA
2,2002,7,6,NA
2,1949,7,6,NA
2,1949,5,6,27
1,1970,7,6,466
2,1971,6,6,NA
2,2002,6,6,NA
1,2003,5,6,NA
1,2011,3,6,NA
1,1966,7,6,NA
2,1970,7,6,NA
1,2003,5,6,NA
1,2008,4,6,NA
2,1961,3,6,NA
1,1956,2,6,NA
2,1958,2,6,NA
2,1935,3,6,NA
2,1947,3,6,NA
1,1976,5,6,958
2,1982,7,6,NA
2,2010,3,6,NA
1,2015,1,6,NA
2,1937,2,6,NA
2,1933,3,6,NA
2,1943,2,6,27
1,1936,2,6,27
2,1945,3,6,NA
2,1960,3,6,NA
1,1986,5,6,400
2,1982,6,6,167
1,1982,7,6,693
1,2014,3,6,NA
1,2018,1,6,NA
1,1967,5,6,NA
2,1959,4,6,190
1,1943,4,6,NA
2,1950,3,6,NA
2,1999,6,6,NA
1,1959,3,6,NA
2,1960,3,6,NA
1,1999,6,6,NA
2,1963,5,6,298
2,1933,3,6,NA
2,1947,3,6,NA
2,1970,5,6,NA
2,1990,7,6,220
2,1999,6,6,190
2,1999,6,6,210
1,1988,7,6,311
2,1941,2,6,NA
1,1951,3,6,NA
2,1954,3,6,NA
1,1978,5,6,262
2,1977,5,6,148
1,2008,4,6,NA
1,2012,3,6,NA
2,1944,3,6,NA
1,1977,7,6,667
2,1976,5,6,NA
2,2008,4,6,NA
1,2012,3,6,NA
1,1980,7,6,592
1,2011,3,6,NA
2,1929,2,1,NA
1,1950,4,1,NA
2,1955,3,1,NA
2,1954,5,6,NA
1,1931,2,6,NA
1,1944,5,6,NA
2,1954,4,6,NA
1,1969,5,6,NA
2,2010,3,6,NA
1,2011,3,6,NA
2,1944,3,6,NA
1,1945,7,6,NA
2,1947,5,6,NA
2,1934,3,6,NA
2,1939,4,6,NA
1,1961,5,6,1387
2,1962,5,6,NA
1,2008,4,6,NA
1,1957,4,6,405
2,1959,4,6,NA
2,2001,6,6,NA
1,1953,3,6,276
1,1977,7,2,601
2,1965,7,2,NA
1,1971,6,6,342
2,1975,6,6,110
2,1999,6,6,NA
2,2001,7,6,NA
2,2004,5,6,NA
1,1964,7,6,NA
2,1964,7,6,NA
2,1993,7,6,50
1,1994,7,6,NA
1,1970,5,6,NA
2,1972,5,6,115
1,2002,6,6,NA
1,2004,5,6,NA
1,1975,6,1,620
2,1978,6,1,220
2,1975,7,1,180
2,1940,3,6,NA
2,1971,6,6,293
2,2004,5,6,NA
2,1934,4,6,NA
1,1938,4,6,27
2,1940,3,6,27
1,1976,6,6,350
2,1979,6,6,213
2,2001,7,6,NA
2,2004,5,6,NA
1,2005,5,6,NA
1,1980,6,6,530
2,1982,6,6,NA
2,2007,4,6,NA
1,1981,6,6,435
2,1979,5,6,189
2,2005,5,6,NA
2,2007,4,6,NA
2,2010,3,6,NA
1,1975,6,6,610
2,1976,6,6,291
2,2003,5,6,NA
2,2012,3,6,NA
1,1983,6,6,539
2,1986,5,6,NA
1,2005,5,6,NA
2,2012,3,6,NA
1,2013,3,6,NA
1,1974,8,3,724
2,1974,7,3,235
2,2005,5,3,NA
1,1982,6,6,420
2,1982,5,6,75
2,2004,5,6,NA
2,2006,4,6,NA
1,1971,6,2,NA
2,1978,6,2,NA
1,2007,4,2,NA
1,2009,3,2,NA
1,2011,3,2,NA
1,2014,3,2,NA
1,1970,5,6,750
2,1975,5,6,480
2,2010,3,6,NA
1,1980,7,2,527
2,1980,6,2,230
1,2002,5,2,NA
2,2003,5,2,NA
1,1954,5,6,NA
2,1962,5,6,NA
1,1984,8,1,NA
1,1958,3,6,200
2,1960,3,6,136
2,1939,3,6,27
1,1952,4,6,NA
2,1954,3,6,110
1,1982,6,6,416
2,1981,5,6,150
1,2008,4,6,NA
2,2012,3,6,NA
1,1943,3,6,NA
2,1946,3,6,NA
2,1948,3,6,NA
1,1955,3,6,NA
2,1956,3,6,100
1,1947,3,6,NA
2,1957,3,6,27
2,1944,4,2,NA
2,1942,2,6,27
1,1947,3,6,NA
2,1956,3,6,NA
1,2003,5,6,NA
2,2004,5,6,NA
1,1974,5,6,500
2,1942,3,6,NA
1,1967,5,6,282
2,1968,5,6,NA
1,1995,7,6,NA
2,1992,8,1,291
1,1944,8,6,NA
2,1948,4,6,NA
1,1937,2,6,NA
2,1938,2,6,27
2,1926,2,6,NA
1,1954,5,6,NA
2,1957,4,6,NA
1,1981,7,6,NA
2,1979,7,6,NA
1,1945,3,6,NA
2,1950,3,6,NA
1,1999,6,6,NA
2,2001,5,6,83
2,1938,2,6,NA
1,1964,5,6,NA
2,1936,3,6,NA
2,1952,2,6,186
1,1963,7,6,202
2,1970,6,6,NA
1,1947,4,6,NA
2,1956,4,6,NA
2,1922,2,6,NA
2,1942,3,6,NA
1,1954,5,6,197
2,1957,3,6,NA
2,1982,6,1,NA
1,1983,5,1,NA
1,2015,1,1,NA
1,1991,6,6,307
1,1964,5,6,NA
2,1967,6,6,289
2,2002,7,6,154
1,1962,7,6,NA
2,1963,7,6,873
1,1993,7,6,NA
2,1990,7,1,314
1,1989,7,1,348
1,1946,5,6,NA
2,1943,5,6,NA
2,1940,2,6,27
1,1942,5,6,NA
2,1944,3,6,NA
1,1979,7,6,NA
2,1980,6,6,358
1,2008,4,6,NA
2,2010,3,6,NA
1,1932,5,6,NA
1,1939,3,6,NA
2,1944,3,6,27
2,1959,5,6,57
2,1949,3,6,27
2,1940,3,6,NA
1,1938,3,6,NA
2,1938,2,6,27
2,1946,3,6,NA
1,1964,5,6,NA
2,1968,8,6,789
2,2002,7,6,NA
2,2004,5,6,NA
1,1957,5,6,170
2,1958,4,6,180
1,1989,7,6,300
2,1992,5,6,150
1,1973,6,6,590
2,1975,5,6,183
2,1998,7,6,142
1,1999,6,6,NA
1,1974,6,6,287
2,1990,5,6,170
1,2016,1,6,NA
2,2018,1,6,NA
1,1968,5,6,326
2,1972,7,6,200
1,2004,5,6,NA
1,2006,4,6,NA
2,1949,4,6,37
2,1932,3,6,NA
1,1967,5,6,218
2,1964,5,6,NA
1,1932,4,6,NA
2,1933,3,6,NA
1,1939,2,6,NA
2,1947,3,6,NA
1,1967,5,6,210
1,1962,5,6,NA
2,1967,5,6,NA
2,1994,6,6,220
1,1997,6,6,NA
2,1995,6,6,191
2,1946,2,6,NA
1,1933,5,6,27
2,1937,3,6,27
2,1946,3,6,NA
1,1957,4,6,NA
2,1968,4,6,NA
1,1993,6,6,NA
2,1953,3,6,NA
2,1931,2,1,NA
1,1934,4,6,NA
2,1934,3,6,NA
2,1931,3,6,NA
2,1930,3,6,NA
1,1934,3,6,NA
2,1936,3,6,NA
2,1935,2,6,27
1,1930,4,6,NA
1,1952,4,6,NA
2,1958,4,6,NA
1,1982,7,6,180
2,2011,3,6,NA
2,2013,3,6,NA
1,2017,1,6,NA
2,1951,3,6,27
1,1958,3,2,NA
2,1959,4,2,190
2,1978,5,2,380
2,2010,3,2,NA
1,2014,3,2,NA
1,1950,3,6,NA
2,1957,4,6,180
1,1989,7,6,NA
1,1992,7,6,458
1,1962,4,6,200
2,1962,5,6,NA
2,1992,6,6,240
1,1940,3,6,27
2,1950,3,6,NA
1,1943,5,6,NA
2,1948,4,6,200
2,1928,3,6,NA
2,1955,5,6,NA
2,1937,2,6,27
2,1935,3,6,27
1,1957,3,6,125
2,1987,5,6,51
2,1935,3,6,NA
1,1970,5,6,255
2,1980,5,6,NA
1,2005,5,6,NA
2,2007,4,6,NA
1,1975,6,6,NA
2,1975,6,6,279
1,2003,5,6,NA
2,1969,7,2,630
1,1997,5,2,NA
1,1999,6,2,NA
1,1961,5,6,350
2,1965,5,6,230
2,1991,7,2,0
1,1987,7,2,440
2,2020,1,2,NA
1,1994,6,6,378
2,1942,4,6,NA
2,1919,2,6,NA
1,1960,6,6,225
2,1962,5,6,190
2,1952,3,6,27
1,1965,5,6,225
2,1969,5,6,227
1,1995,6,6,414
1,1993,6,6,407
1,1943,3,6,NA
2,1950,3,6,NA
1,1948,4,6,NA
2,1950,3,6,NA
2,1976,7,6,130
1,1976,7,6,607
1,2006,4,6,NA
1,2010,3,6,NA
1,1978,7,6,592
2,1980,7,6,322
2,2015,1,6,NA
1,1941,5,6,NA
2,1943,4,6,50
1,1949,3,6,NA
2,1955,3,6,NA
1,1981,7,2,327
2,1982,7,2,393
2,2017,1,2,NA
1,1962,5,6,NA
2,1968,5,6,NA
1,1969,6,6,NA
2,1968,5,6,182
1,2002,5,6,NA
1,1973,5,6,255
1,1970,7,6,261
2,1970,5,6,232
2,1998,6,6,NA
1,2006,4,6,NA
1,1963,4,6,NA
2,1967,4,6,282
1,1986,6,6,NA
2,1989,5,6,NA
2,1940,3,5,NA
1,1971,5,6,NA
2,1978,5,6,NA
1,2004,5,6,NA
1,2005,5,6,NA
1,2016,1,6,NA
1,1973,7,6,NA
2,1976,6,6,NA
1,2007,4,6,NA
1,1969,5,6,NA
1,1966,7,6,NA
2,1962,5,6,263
2,1991,8,6,NA
1,1988,6,6,1042
1,1945,4,6,27
2,1949,4,6,NA
2,1941,2,6,NA
1,1973,4,6,NA
2,1979,5,6,NA
2,2004,5,6,NA
1,2006,4,6,NA
2,1999,5,6,143
1,1955,6,6,NA
2,1959,4,6,NA
1,1995,7,6,NA
1,1981,7,2,541
2,1981,5,2,220
2,2012,3,2,NA
2,2016,1,2,NA
2,2019,1,2,NA
1,1973,5,6,448
2,1980,6,6,NA
2,2005,5,6,NA
1,2011,3,6,NA
1,1957,7,6,NA
2,1962,5,6,NA
1,1986,8,1,359
1,1966,3,6,NA
1,2007,4,6,NA
1,2001,5,6,264
2,1977,5,6,532
1,1965,5,6,589
1,2009,3,6,NA
1,1935,3,6,NA
2,1938,3,6,NA
1,1967,5,6,184
2,1971,5,6,NA
2,1993,6,6,290
1,2006,4,6,NA
1,1995,6,6,NA
2,1968,5,6,205
2,1994,7,6,212
2,1994,6,6,158
2,2016,1,6,NA
2,1943,3,6,NA
1,1950,5,6,NA
2,1953,4,6,NA
2,1959,5,6,73
1,1940,3,6,NA
2,1960,7,6,100
1,1969,6,5,349
2,1971,5,5,120
2,2003,5,5,NA
1,1971,5,6,NA
2,1972,5,6,NA
2,1995,7,6,255
2,1987,6,6,267
1,1990,6,6,480
1,1946,5,6,NA
2,1949,5,6,NA
1,1978,6,6,290
2,1978,6,6,NA
1,2004,5,6,NA
2,2007,4,6,NA
2,1959,4,6,NA
2,1938,3,6,NA
1,1965,5,6,NA
2,1968,5,6,NA
2,1993,7,6,NA
2,1997,6,6,NA
2,1951,4,6,NA
1,1940,4,6,27
1,1968,5,6,350
1,1939,3,6,27
2,1944,4,6,NA
1,1978,8,4,267
2,1979,6,4,NA
1,2012,3,4,NA
1,2013,3,4,NA
2,2017,1,4,NA
1,1991,9,2,140
2,1987,6,2,NA
2,1934,2,6,NA
1,1946,5,6,NA
2,1950,5,6,NA
1,1979,7,1,704
2,1981,7,1,108
1,2012,3,1,NA
1,2014,3,1,NA
1,1936,5,6,NA
2,1935,4,6,NA
2,1961,7,6,NA
1,1962,5,6,251
2,1968,5,6,NA
1,1966,5,6,240
1,1997,6,2,NA
1,1965,6,6,296
2,1966,5,6,198
2,1943,4,6,NA
1,1960,5,6,NA
2,1962,5,6,NA
2,1987,7,6,308
2,1990,9,6,333
1,1960,5,6,571
2,1995,7,6,NA
1,1999,7,6,NA
2,1931,3,6,NA
2,1972,7,6,415
2,1997,6,6,NA
1,1994,6,6,457
2,2021,1,6,NA
1,1956,8,6,NA
1,1988,7,6,409
2,1989,6,6,311
1,2018,1,6,NA
2,2019,1,6,NA
1,1959,5,6,NA
2,1962,6,6,269
1,1987,7,6,286
2,1953,3,6,NA
1,1995,7,6,221
2,1999,7,6,NA
1,1955,4,6,300
2,1962,4,6,NA
1,1976,7,6,432
2,1979,7,6,245
1,2012,3,6,NA
2,1955,3,6,215
1,1935,3,6,NA
1,1944,3,6,NA
2,1945,2,6,NA
2,1934,2,6,NA
2,1934,2,6,NA
1,1956,4,6,NA
2,1931,2,6,NA
2,1936,2,6,NA
1,1940,3,6,NA
2,1942,3,6,NA
1,1957,3,6,NA
2,1957,4,6,NA
2,1943,3,6,NA
1,1955,5,6,NA
2,1958,5,6,NA
1,1987,6,6,NA
1,1944,3,6,NA
2,1950,3,6,NA
1,1979,3,6,NA
1,1968,7,7,200
2,1973,7,7,180
1,2002,7,7,NA
2,1936,2,6,NA
2,1935,3,6,NA
1,1969,4,6,NA
1,1942,4,6,NA
2,1944,4,6,NA
1,1938,3,6,NA
2,1938,2,6,NA
1,1974,3,6,NA
2,1956,4,6,NA
1,1993,7,6,478
1,1946,5,6,NA
2,1948,3,6,NA
1,1979,6,6,427
2,1983,6,6,311
1,2011,3,6,NA
2,2014,3,6,NA
1,1950,5,6,NA
2,1955,4,6,NA
2,1931,3,6,NA
1,1965,5,6,NA
2,1987,8,1,NA
1,1990,7,1,70
2,1943,3,6,27
2,1942,2,6,NA
2,1937,3,6,NA
2,1950,3,6,NA
1,1969,5,6,303
2,1935,3,6,NA
1,1948,5,6,NA
2,1952,3,6,NA
1,1941,4,6,NA
2,1949,4,6,NA
2,1936,3,6,NA
1,1963,5,6,NA
2,1963,5,6,198
1,1988,6,6,453
2,1988,5,6,NA
1,2008,4,6,NA
1,2010,3,6,NA
1,2015,1,6,NA
1,1990,6,6,280
2,1989,5,6,NA
1,1958,5,6,NA
2,1962,5,6,NA
1,1994,7,6,NA
1,1960,6,6,NA
2,1963,5,6,200
1,1990,7,2,492
2,1989,5,2,NA
1,2014,3,2,NA
1,1960,6,6,250
2,1993,7,1,260
2,1995,7,2,350
2,1965,5,2,301
1,1958,4,6,326
2,1968,5,6,194
1,1937,4,6,NA
2,1937,3,6,NA
2,1953,2,6,NA
1,1958,4,4,NA
2,1955,3,4,NA
2,1958,2,4,NA
1,1962,5,6,NA
2,1963,6,6,210
2,2000,7,6,NA
1,1987,7,5,360
2,1983,6,5,308
1,1973,8,6,30
2,1972,7,6,238
2,2003,5,6,NA
1,2005,5,6,NA
1,1971,5,6,NA
2,1981,5,6,277
2,2002,7,6,NA
2,2006,4,6,NA
1,1969,3,6,NA
2,1947,2,6,NA
1,1931,4,6,NA
2,1940,3,6,NA
1,1935,5,6,NA
2,1941,4,6,NA
1,1954,3,6,NA
2,1958,3,6,NA
2,1983,7,5,NA
1,1981,7,5,440
2,2011,3,5,NA
1,2013,3,5,NA
1,1986,6,6,485
1,1954,3,6,NA
2,1944,3,6,NA
1,1944,3,6,NA
1,1939,3,6,NA
2,1943,3,6,NA
2,1950,3,6,NA
1,1956,4,6,310
2,1956,3,6,NA
1,1930,3,6,NA
2,1934,2,6,NA
1,1952,5,6,200
2,1954,4,6,NA
1,1990,6,6,413
1,1974,5,6,410
2,1977,5,6,150
1,2003,5,6,NA
2,2005,5,6,NA
1,2010,3,6,NA
1,1935,3,6,NA
2,1938,3,6,NA
1,1967,3,6,304
2,1998,7,6,NA
2,2002,5,6,NA
2,1939,2,6,NA
1,1956,4,6,NA
2,1956,5,6,NA
1,1992,7,6,183
1,1995,6,2,329
1,1963,5,6,NA
2,1969,4,6,73
1,1998,6,6,NA
2,1938,3,6,NA
2,1946,3,6,NA
1,1936,3,6,27
1,1972,5,7,693
2,1973,5,7,136
2,2004,5,7,NA
1,2011,3,7,NA
2,1998,7,7,195
1,1940,4,6,NA
2,1943,2,6,NA
1,1936,3,6,NA
2,1940,3,6,NA
1,1940,2,6,NA
2,1947,3,6,NA
2,1938,2,6,NA
2,1973,3,6,NA
2,1940,3,6,27
2,1935,3,6,27
2,1969,5,5,182
2,1996,7,5,213
1,1956,5,5,311
2,1990,5,5,NA
1,1993,5,5,311
1,1985,6,5,400
2,1988,5,2,220
1,1988,6,2,NA
1,1952,7,5,596
2,1984,7,5,NA
2,1982,7,2,222
1,1992,5,2,400
1,1958,8,5,200
1,1993,7,5,NA
2,1990,7,2,NA
1,1992,9,2,300
1,1957,7,5,NA
2,1961,7,5,300
2,1989,7,5,313
1,1993,7,5,201
1,1946,7,5,NA
2,1957,7,5,80
1,1981,7,5,763
2,1981,7,5,381
1,2017,1,5,NA
1,1952,8,5,NA
2,1954,5,5,NA
1,1978,7,5,748
2,1980,7,5,588
2,2007,4,5,NA
1,2009,3,5,NA
2,1980,7,5,409
1,1980,7,5,471
2,2009,3,5,NA
1,2011,3,5,NA
1,1975,7,5,162
2,1974,8,5,542
1,2007,4,5,NA
2,2010,3,5,NA
1,1972,7,5,779
2,1976,5,5,677
2,2007,4,5,NA
1,2009,3,5,NA
1,1954,5,5,NA
2,1959,5,5,182
2,1931,3,5,NA
1,1980,9,2,1905
2,1982,7,2,604
1,2014,3,2,NA
2,1985,7,2,0
1,1982,7,2,677
1,2013,3,2,NA
2,2015,1,2,NA
1,1950,5,5,NA
2,1952,3,5,NA
2,1928,3,5,NA
2,1934,3,5,NA
1,1973,5,5,NA
1,1998,7,5,NA
2,2001,7,5,NA
1,2003,5,5,NA
2,1978,5,5,NA
1,1962,5,5,NA
2,1971,5,5,NA
1,1992,5,5,351
1,1974,5,5,323
2,1978,5,5,210
1,2004,5,5,NA
1,2007,4,5,NA
1,1937,5,5,NA
2,1937,4,5,NA
1,1960,4,5,NA
2,1937,2,5,NA
2,1995,5,5,NA
1,1951,3,5,NA
2,1957,3,5,NA
1,1982,7,5,NA
2,1988,7,5,210
1,1956,4,5,NA
2,1959,4,5,NA
1,1981,7,5,361
2,1982,7,5,225
1,2017,1,5,NA
1,1960,5,5,NA
2,1964,5,5,NA
1,1993,7,5,373
2,1961,4,5,NA
2,1983,7,5,250
1,1979,7,5,300
1,2012,3,5,NA
2,1969,6,5,NA
1,1998,5,5,215
2,2001,6,5,NA
1,1965,4,2,478
2,1956,8,2,NA
1,1971,5,5,NA
2,1974,5,5,NA
1,1998,5,5,NA
1,1943,4,5,NA
2,1949,4,5,NA
2,1941,2,5,NA
2,1945,3,5,NA
1,1979,5,5,NA
1,1972,5,5,110
2,1928,2,5,NA
2,1942,2,5,NA
2,1933,2,5,NA
1,1964,5,5,303
2,1973,5,5,261
2,1994,6,5,303
2,1934,3,5,NA
2,1993,5,5,221
1,1941,3,5,NA
2,1940,3,5,NA
1,1934,2,5,NA
2,1939,2,5,NA
2,1964,4,5,219
1,1947,3,5,NA
1,1979,5,2,275
2,1981,5,2,209
1,2002,5,2,NA
2,2008,4,2,NA
2,1934,2,5,NA
2,1937,3,5,27
2,1942,2,5,NA
1,1966,5,5,207
2,1939,3,5,NA
2,1954,3,5,142
1,1935,3,5,NA
2,1936,3,5,NA
1,1978,6,5,471
2,1982,7,5,NA
1,2019,1,5,NA
1,1947,3,5,NA
2,1954,3,5,NA
2,1982,5,5,222
2,1971,5,5,NA
2,1951,3,5,NA
1,1971,7,5,416
2,1978,5,5,NA
1,1947,3,5,NA
1,1973,5,5,342
1,1940,4,5,NA
2,1942,3,5,NA
2,1971,6,5,85
2,1960,5,4,NA
1,1960,4,4,NA
1,1987,6,5,461
1,1962,6,5,323
2,1966,6,5,200
1,1993,6,5,NA
1,1952,5,5,NA
2,1960,4,5,NA
1,1983,7,5,408
2,1985,7,5,352
1,2013,3,5,NA
1,1974,5,5,1261
2,1980,5,5,NA
2,2007,4,5,NA
2,2008,4,5,NA
2,1941,2,5,NA
1,1954,4,5,NA
2,1962,4,5,328
1,1949,5,5,NA
2,1952,5,5,NA
2,1978,6,5,567
1,1977,6,5,483
2,2014,3,5,NA
2,1982,7,5,261
1,1946,5,5,NA
2,1953,4,5,135
1,1979,7,6,512
2,1984,7,6,507
2,2015,1,6,NA
1,1961,4,5,270
2,1968,4,5,239
2,1992,6,5,237
1,1970,5,5,313
2,1975,5,5,306
1,2003,5,5,NA
2,2004,5,5,NA
1,1942,4,5,NA
2,1947,3,5,NA
1,1952,5,5,79
2,1951,3,5,27
1,1941,7,5,233
2,1942,3,5,27
1,1974,8,5,73
1,1940,4,5,27
2,1947,4,5,NA
1,1934,5,5,NA
1,1945,5,5,NA
2,1946,4,5,NA
1,1969,5,2,332
2,2006,4,2,NA
2,2008,4,2,NA
1,1949,3,5,NA
2,1957,3,5,NA
1,1944,2,5,NA
2,1952,3,5,NA
1,1934,7,5,NA
2,1935,3,5,NA
2,1939,3,5,NA
2,1933,4,5,NA
1,1954,6,5,NA
2,1957,4,5,NA
1,1952,3,5,NA
2,1955,3,5,NA
2,1988,5,5,182
1,1947,3,5,NA
2,1953,3,5,NA
1,1991,6,5,NA
1,1937,4,5,NA
2,1939,4,5,27
2,1938,2,5,NA
1,1936,3,5,NA
1,1934,3,5,NA
1,1949,3,5,NA
2,1955,3,5,NA
1,1939,3,5,NA
2,1944,3,5,NA
1,1965,5,5,840
2,1971,8,5,250
2,1997,7,5,NA
1,1999,6,5,NA
1,1956,5,5,NA
1,1940,4,5,NA
2,1945,3,5,NA
2,1934,3,5,27
2,1943,3,5,NA
1,1956,5,5,NA
2,1961,5,5,NA
1,1986,6,5,304
1,1956,4,5,NA
2,1949,5,5,NA
2,1965,6,5,NA
2,1974,6,5,310
1,1981,7,5,NA
1,2007,4,5,NA
1,2009,3,5,NA
1,1966,7,5,586
2,1966,6,5,200
2,1996,7,5,NA
2,1999,7,5,NA
1,2000,7,5,NA
1,1947,5,5,NA
2,1948,5,5,NA
1,1964,5,5,NA
2,1965,4,5,130
1,1988,7,5,NA
2,1992,6,6,NA
1,1991,5,6,387
1,2016,1,6,NA
1,2018,1,6,NA
2,1949,4,5,220
1,1952,4,5,NA
2,1958,4,5,NA
2,1980,5,5,NA
1,1979,5,5,555
2,2009,3,5,NA
2,2012,3,5,NA
1,1958,3,5,NA
2,1960,3,5,78
1,1985,6,3,343
2,1984,6,3,300
1,1952,4,5,NA
2,1958,3,5,250
2,1986,7,5,278
1,1982,7,5,410
2,2011,3,5,NA
1,1945,4,5,NA
2,1951,3,5,27
2,1942,3,5,27
1,1954,3,5,NA
1,1974,5,5,NA
2,1976,5,5,NA
2,1999,7,5,NA
1,2002,7,5,NA
1,1976,5,5,393
2,1947,3,5,27
2,1936,2,5,NA
1,1939,3,5,NA
2,1936,2,5,NA
1,1964,5,5,NA
1,1938,4,5,NA
2,1942,3,5,NA
1,1942,3,5,NA
2,1934,3,5,NA
1,1963,4,5,NA
2,1966,4,5,NA
1,1996,7,5,204
2,2003,5,5,NA
2,1994,5,5,245
1,1971,5,5,567
2,1977,5,5,200
1,1998,7,5,NA
2,1999,7,5,NA
1,1974,7,5,610
2,1975,7,5,537
2,2005,5,5,NA
1,2008,4,5,NA
1,1976,7,5,664
2,1976,7,5,NA
1,2005,5,5,NA
1,2007,4,5,NA
1,1971,7,5,331
2,1975,7,5,181
1,2006,4,5,NA
1,2008,4,5,NA
1,1964,4,5,NA
2,1968,5,5,NA
2,1996,5,5,189
1,1999,6,5,NA
1,2002,5,5,NA
1,1942,3,5,NA
2,1952,3,5,NA
1,1979,5,5,321
2,1981,6,5,119
1,2007,4,5,NA
1,2012,3,5,NA
1,2014,3,5,NA
1,1932,3,5,NA
2,1938,3,5,NA
2,1940,2,5,NA
2,1931,3,5,NA
2,1974,5,5,NA
1,2000,5,5,281
2,1940,2,5,NA
2,1999,6,1,NA
1,1954,5,5,NA
2,1960,3,5,NA
1,1953,3,5,NA
2,1959,3,5,NA
1,1982,5,5,261
2,2010,3,5,NA
2,1942,2,5,NA
1,2003,5,5,NA
2,1973,5,5,NA
2,1960,3,5,NA
2,1932,3,5,NA
1,1938,3,5,NA
2,1939,2,5,NA
2,1938,3,5,NA
1,1956,4,5,NA
1,1981,5,5,NA
2,1940,2,5,NA
2,1935,2,5,NA
2,1952,3,5,NA
2,1940,3,1,NA
1,1973,5,5,276
2,1974,7,5,NA
1,2000,7,5,NA
2,2002,7,5,NA
1,1945,4,5,NA
2,1951,4,5,30
1,1977,7,5,511
2,1980,6,5,291
2,2010,3,5,NA
2,2013,3,5,NA
1,1979,7,5,257
1,1954,7,5,NA
2,1955,5,5,27
2,1932,3,5,NA
1,1954,5,5,NA
1,1935,5,5,NA
2,1934,4,5,NA
2,1956,5,5,NA
1,1944,3,5,NA
1,1939,4,5,NA
2,1939,3,5,NA
1,1942,5,5,49
2,1953,4,5,NA
1,1941,5,5,NA
2,1944,4,5,NA
1,1938,5,5,NA
2,1937,3,5,NA
2,1930,3,5,NA
1,1968,5,5,NA
2,1971,5,5,265
2,1997,7,5,191
2,1995,7,5,285
2,1954,3,5,NA
1,1983,6,5,NA
2,1983,5,5,NA
2,2012,3,5,NA
1,2015,1,5,NA
1,2017,1,5,NA
2,2020,1,5,NA
1,1937,4,5,NA
2,1942,3,5,NA
2,1974,5,5,181
1,1948,4,5,NA
2,1952,4,5,50
1,1950,5,5,NA
2,1955,5,5,NA
2,1924,2,5,NA
1,1981,7,5,NA
2,1982,7,5,50
1,2011,3,5,NA
1,2016,1,5,NA
2,1985,6,2,287
1,1981,6,2,358
2,2012,3,2,NA
1,2016,1,2,NA
2,1951,4,5,NA
2,1939,2,5,NA
1,1958,7,5,NA
1,1943,4,5,NA
2,1948,3,5,25
1,1954,5,5,NA
2,1960,5,5,NA
2,1937,4,5,NA
2,1928,3,5,NA
2,1938,2,5,NA
2,1937,2,5,NA
2,1936,2,5,NA
2,1934,3,5,NA
2,1963,5,5,NA
1,1974,4,5,180
2,1942,3,5,NA
1,1998,6,5,261
2,1976,4,5,NA
2,1940,3,5,59
2,1947,3,5,NA
2,1939,3,5,27
2,1930,2,5,NA
1,1949,5,5,NA
1,1953,3,5,NA
2,1953,3,5,NA
1,1937,3,5,NA
2,1944,2,5,NA
1,1942,3,5,NA
2,1945,3,5,NA
1,1945,5,5,NA
2,1944,3,5,NA
2,1935,2,5,NA
1,1956,3,5,NA
2,1960,3,5,181
1,1951,4,5,NA
1,1940,3,5,NA
2,1941,3,5,NA
2,1939,3,5,NA
2,1942,3,5,27
1,1969,6,5,883
2,1974,6,5,NA
2,2000,7,5,NA
2,2002,7,5,NA
1,1972,7,7,927
2,1971,6,7,NA
2,1998,7,7,NA
2,2000,7,7,NA
1,2005,5,7,NA
1,1972,7,5,865
2,1974,7,5,NA
2,2000,6,5,NA
2,2003,5,5,NA
1,2012,3,5,NA
1,1972,8,2,1010
2,1972,8,2,250
1,2001,7,2,NA
2,2005,5,2,NA
1,1971,7,2,950
2,1973,5,2,NA
1,1999,7,2,NA
2,2002,7,2,NA
2,1967,5,5,NA
2,1994,6,5,230
1,1996,5,5,440
2,1991,6,5,182
1,1989,6,5,532
2,2016,1,5,NA
2,2020,1,5,NA
1,1939,3,5,NA
2,1948,2,5,NA
1,1968,5,5,NA
2,1971,5,5,NA
1,1999,6,5,NA
1,2007,4,5,NA
1,1947,2,5,NA
2,1954,2,5,NA
1,1980,7,5,315
1,1982,5,5,335
2,1983,5,5,NA
2,2013,3,5,NA
1,2015,1,5,NA
1,1946,5,5,NA
2,1951,4,5,NA
1,1935,5,5,NA
1,1968,5,6,218
2,1975,5,6,160
2,1934,2,6,NA
1,1945,3,5,NA
2,1952,3,5,NA
1,1968,6,5,167
2,1971,5,5,NA
1,1994,7,5,300
1,1970,5,2,NA
2,1977,5,2,NA
1,2005,5,2,NA
2,2008,4,2,NA
2,2015,1,2,NA
1,1956,5,5,NA
2,1957,4,5,NA
1,1984,6,5,NA
2,1987,6,1,NA
1,1958,4,5,NA
2,1965,5,5,92
1,1998,6,5,NA
1,1959,4,5,NA
2,1940,3,5,NA
1,1971,5,5,149
2,1936,3,5,NA
1,1925,2,5,NA
2,1958,5,5,NA
1,1944,7,7,NA
2,1949,5,7,NA
1,1967,7,7,583
2,1970,7,7,210
2,2003,5,7,NA
2,2004,5,7,NA
2,1950,4,7,NA
2,1975,7,7,234
2,1997,5,7,199
2,1935,3,7,NA
2,1941,4,7,27
1,1970,5,7,368
2,1974,7,7,100
2,1998,7,7,NA
2,1999,7,7,NA
1,2005,5,7,NA
2,1960,8,7,483
1,1945,3,7,NA
2,1952,5,7,NA
2,1977,7,7,203
1,1976,9,7,507
2,2010,3,7,NA
1,2011,3,7,NA
1,1966,7,7,NA
2,1967,5,7,120
2,1998,7,7,200
1,1999,7,7,NA
1,1961,7,7,725
2,1965,5,7,NA
2,1989,7,7,342
2,1943,3,7,NA
2,1993,7,7,235
2,1946,7,7,NA
2,1944,3,7,27
1,1963,7,7,208
2,1963,7,7,208
1,1995,8,7,NA
2,1993,7,5,244
1,1963,7,7,375
2,1968,5,7,250
1,1994,7,7,NA
1,1974,7,5,1000
2,1977,7,5,140
1,2001,7,5,NA
2,2004,5,5,NA
1,1941,3,7,27
2,1943,2,7,27
1,1978,7,7,NA
2,1978,6,7,100
2,2010,3,7,NA
2,2013,3,7,NA
2,1968,5,7,NA
1,1997,7,7,72
2,1939,3,7,NA
2,1993,7,1,208
2,1974,5,7,283
1,2000,7,7,NA
1,1994,7,7,297
2,1997,6,7,339
1,1968,5,7,NA
1,2001,6,7,NA
2,1942,2,7,60
1,1976,6,7,NA
1,1970,5,7,475
2,1974,6,7,NA
2,2002,6,7,NA
1,2004,5,7,NA
1,2009,3,7,NA
2,1948,2,7,NA
2,1958,5,7,220
1,1967,7,7,1166
2,1970,7,7,533
2,1997,7,7,NA
1,2002,7,7,NA
1,1951,4,7,NA
2,1942,3,7,NA
2,1947,3,7,NA
2,1937,2,7,NA
1,1942,4,7,NA
2,1950,3,7,NA
1,1961,4,6,NA
1,1968,7,7,NA
2,1972,6,7,213
1,1995,7,7,NA
2,1998,7,7,NA
2,2001,6,7,NA
2,1932,3,7,NA
2,1986,5,7,170
1,1972,5,7,NA
2,1982,5,7,316
2,2006,4,7,NA
1,2008,4,7,NA
1,1958,4,7,NA
2,1956,4,7,NA
1,1988,7,7,210
2,1958,3,7,NA
1,1960,5,7,120
2,1964,5,7,NA
2,1994,5,7,NA
1,1976,7,5,400
2,1978,7,5,300
2,1959,4,5,NA
1,2009,3,5,NA
1,2013,3,5,NA
1,1972,5,7,NA
2,1992,5,7,NA
1,1995,6,7,358
1,2020,1,7,NA
2,1942,2,7,NA
2,1953,5,4,NA
1,1969,5,7,NA
2,1979,5,7,212
2,2006,4,7,NA
2,2008,4,7,NA
1,1951,5,7,NA
2,1951,2,1,NA
1,1972,6,1,213
2,1982,5,1,NA
2,1945,3,7,NA
2,1935,2,7,NA
1,1932,3,7,NA
2,1941,3,7,NA
1,1967,5,7,NA
1,1945,8,7,NA
2,1945,5,7,NA
1,1949,3,7,NA
2,1951,3,7,NA
2,1987,5,7,NA
2,1941,3,7,27
2,1997,7,7,330
1,2003,5,7,NA
1,1965,5,7,477
2,1972,5,7,304
2,1943,2,7,27
1,1995,7,2,423
1,1940,5,7,NA
2,1940,3,7,NA
2,2000,6,7,140
1,1970,5,7,302
2,1941,4,7,NA
1,1953,4,7,NA
2,1958,4,7,NA
1,1952,3,7,NA
2,1955,5,7,NA
1,1983,7,7,433
1,1984,7,1,308
2,1986,7,1,750
1,2014,3,1,NA
2,2016,1,1,NA
1,1960,4,7,NA
2,1965,7,7,30
1,1991,7,7,NA
2,1989,7,7,200
1,1986,6,7,404
1,2018,1,7,NA
2,2021,1,7,NA
1,1955,4,7,NA
2,1964,4,7,NA
2,1985,6,2,NA
1,1983,5,2,652
2,2011,3,2,NA
2,2014,3,2,NA
1,1957,5,7,NA
2,1960,4,7,NA
1,1936,3,7,NA
2,1940,3,7,NA
1,1931,3,7,NA
2,1936,3,7,NA
2,1941,5,7,NA
1,1959,5,7,NA
1,1988,5,7,NA
2,1982,7,7,219
1,2006,4,7,NA
1,1985,7,1,NA
2,1978,5,1,NA
1,1987,7,7,NA
2,1989,7,7,321
1,1946,4,7,NA
2,1954,4,7,NA
2,1947,2,7,NA
1,1955,7,7,NA
2,1959,5,7,NA
2,1985,5,7,205
2,1982,6,7,333
1,1983,6,7,500
1,2011,3,7,NA
2,2013,3,7,NA
2,1954,5,7,NA
1,1951,5,7,NA
1,1970,8,7,240
2,1970,6,7,NA
1,2001,7,7,NA
2,2002,6,7,NA
2,1997,7,7,350
2,1962,5,7,90
1,1973,6,7,268
2,1973,6,7,360
2,2000,7,7,NA
2,2002,7,7,NA
2,1937,3,7,NA
1,1944,5,7,NA
2,1948,3,7,NA
1,1939,2,7,NA
2,1944,3,7,NA
1,1976,5,7,385
2,1990,4,7,274
2,2013,3,7,NA
2,2019,1,7,NA
1,1961,5,7,417
2,1969,4,7,NA
2,1992,6,7,0
1,1980,7,7,442
1,2017,1,7,NA
2,2021,1,7,NA
2,1994,6,7,229
2,1941,3,7,NA
2,1960,3,7,NA
2,1938,3,7,NA
1,1941,5,7,NA
2,1945,3,7,NA
1,1935,7,7,NA
2,1941,5,7,NA
2,1953,3,7,NA
1,1936,5,7,NA
2,1939,2,7,NA
1,1956,5,7,200
2,1961,5,7,140
1,1958,3,7,190
2,1977,4,7,165
1,2012,3,7,NA
2,1953,5,7,NA
1,1990,7,7,300
2,1956,3,7,NA
1,1971,5,7,559
2,1973,7,7,NA
2,2005,5,7,NA
1,2008,4,7,NA
2,2011,3,7,NA
1,1967,5,5,418
2,1974,6,5,180
1,2004,5,5,NA
2,2006,4,5,NA
1,1953,4,7,NA
2,1958,4,7,202
1,1986,6,7,412
1,1988,7,1,272
1,1991,7,1,267
1,1989,5,7,792
2,1997,5,7,NA
2,2019,1,7,NA
1,2020,1,7,NA
2,1968,5,7,256
2,1973,5,7,80
2,1994,6,7,NA
1,1966,7,7,NA
2,1969,5,7,NA
2,1998,7,7,NA
1,1993,7,2,435
2,1947,3,7,NA
2,1938,5,7,NA
1,1996,5,7,NA
1,1952,7,2,NA
2,1956,5,2,200
1,1967,6,7,387
2,1971,6,7,220
2,2000,6,7,200
1,2001,7,7,200
1,2005,5,7,NA
1,1959,4,7,NA
2,1999,5,7,315
2,1932,2,7,NA
1,1995,5,7,350
2,1943,2,7,NA
1,1973,5,7,142
1,1942,5,7,NA
2,1942,3,7,NA
1,1944,4,3,NA
2,1945,3,3,NA
1,1943,3,7,NA
2,1944,3,7,NA
1,1981,6,7,543
2,1983,7,7,218
1,2010,3,7,NA
2,2015,1,7,NA
2,1953,4,7,NA
1,1957,3,7,NA
2,1964,3,7,NA
2,1949,3,7,27
2,1933,2,7,NA
1,1971,5,7,187
2,1998,7,7,80
2,1999,7,7,NA
2,2003,5,7,NA
2,1922,2,7,NA
2,1951,3,7,NA
1,1949,4,7,NA
2,1950,3,7,NA
2,1934,3,7,NA
1,1927,5,7,NA
1,1951,4,7,110
2,1955,4,7,NA
1,1981,7,1,650
1,1984,7,1,295
2,1942,3,7,NA
2,1976,5,7,255
2,1949,4,7,NA
1,1948,5,7,NA
1,1966,7,7,510
2,1965,5,7,132
1,1989,6,7,NA
1,1962,8,7,428
2,1962,5,7,NA
2,1942,3,7,NA
2,1990,7,3,NA
1,1989,7,3,NA
2,2017,1,3,NA
2,1991,7,3,NA
1,1993,5,3,NA
1,2020,1,3,NA
2,1999,7,3,265
1,1957,5,7,NA
2,1961,5,7,142
1,1986,6,2,361
2,1986,6,2,NA
2,2019,1,2,NA
1,1944,3,7,NA
2,1946,3,7,NA
1,1962,6,7,NA
2,1965,6,7,266
1,1997,7,7,NA
1,1999,7,7,NA
1,1954,4,7,NA
2,1954,4,7,NA
2,1978,7,2,NA
1,1974,7,2,342
2,2012,3,2,NA
2,1980,7,7,283
1,1981,6,7,265
1,2009,3,7,NA
2,2010,3,7,NA
2,1941,3,7,NA
1,1942,3,7,NA
2,1949,3,7,27
1,1947,3,7,NA
1,1967,5,7,403
2,1970,5,7,NA
1,1996,6,7,NA
2,1997,7,7,NA
2,2000,7,7,NA
2,1946,2,7,NA
1,1938,4,7,NA
2,1950,3,7,NA
2,1951,3,2,NA
1,1936,2,7,NA
2,1939,2,7,NA
1,1938,3,7,NA
2,1946,3,7,NA
2,1934,2,7,NA
1,1956,4,7,277
2,1955,4,7,NA
1,1963,5,7,818
2,1963,5,7,273
2,1951,4,7,70
1,1973,5,7,NA
2,1944,3,7,NA
2,1936,3,7,NA
1,1961,5,7,273
2,1966,5,7,305
1,1972,4,7,NA
2,1984,4,7,NA
2,2007,4,7,NA
2,2009,3,7,NA
2,1939,2,7,NA
1,1948,4,7,NA
2,1951,3,7,NA
2,1979,6,7,NA
1,1979,7,7,NA
2,2010,3,7,NA
1,2012,3,7,NA
1,1952,4,7,NA
2,1962,4,7,NA
2,1941,3,7,NA
2,1936,2,7,NA
2,1936,2,7,NA
2,1957,4,7,NA
2,1932,3,7,NA
1,1951,2,7,NA
2,1958,2,7,NA
2,1937,3,7,NA
1,1935,3,7,NA
2,1935,3,7,NA
2,1949,3,1,27
2,1989,5,2,NA
1,1985,6,2,280
1,2012,3,2,NA
1,2018,1,2,NA
1,1959,5,7,NA
2,1954,5,7,240
1,1987,7,7,NA
1,1989,7,5,310
1,1973,6,7,416
2,1999,5,7,201
1,2000,6,7,212
2,1975,5,7,NA
1,1955,5,7,NA
2,1962,5,7,144
1,1990,7,2,275
2,1942,2,7,27
1,1933,3,7,NA
2,1938,3,7,NA
1,1942,5,7,10
2,1945,5,7,27
1,1973,7,7,NA
1,1970,5,7,593
1,1938,2,7,NA
2,1952,2,7,NA
1,1976,5,7,NA
2,2002,7,7,NA
1,2003,5,7,NA
1,1942,4,7,NA
1,1957,4,7,NA
2,1965,6,7,230
1,1988,7,7,191
2,2000,7,7,NA
2,1930,2,7,NA
2,1936,2,7,NA
2,1941,3,7,NA
1,1961,5,7,NA
2,1934,2,7,NA
1,1939,3,7,NA
2,1941,3,7,NA
2,1936,2,7,NA
1,1954,5,7,198
2,1958,5,7,207
1,1940,2,7,NA
2,1942,3,7,NA
1,1955,4,7,NA
2,1960,5,7,NA
1,1990,6,7,350
2,1987,6,7,295
1,1987,6,7,NA
2,2015,1,7,NA
2,2017,1,7,NA
2,1985,6,7,255
1,1980,6,7,475
1,2017,1,7,NA
2,2019,1,7,NA
1,1957,5,7,NA
2,1960,5,7,NA
1,1929,3,7,NA
2,1939,3,7,NA
1,1967,5,7,NA
1,1941,3,7,NA
2,1945,3,7,NA
1,1945,5,7,39
2,1955,3,7,170
1,1965,5,7,531
2,1992,6,7,248
2,1995,7,7,NA
2,1944,3,7,NA
1,1961,5,7,260
2,1968,4,7,NA
2,1997,7,7,220
2,1947,6,2,NA
2,1968,5,7,NA
1,1935,4,7,NA
2,1938,3,7,NA
2,1935,3,7,NA
1,1940,3,7,NA
2,1942,3,7,60
1,1942,3,7,NA
2,1947,3,7,NA
1,1946,8,7,NA
2,1950,4,7,NA
2,1945,5,7,NA
1,1972,6,7,NA
1,1950,5,7,NA
2,1957,5,7,NA
1,1947,3,7,NA
2,1950,3,7,NA
1,1953,3,7,NA
2,1963,3,7,NA
2,1933,3,7,27
1,1931,2,7,27
1,1946,3,7,NA
2,1952,3,7,NA
1,1946,3,7,NA
2,1937,2,7,NA
2,1937,3,7,NA
1,1974,5,7,323
2,1993,6,7,NA
1,2020,1,7,NA
1,1960,5,7,NA
2,1959,4,7,NA
2,1982,7,7,321
2,1983,7,7,300
2,1941,2,7,NA
1,1937,3,7,27
1,1944,3,7,NA
2,1945,3,7,NA
2,1970,6,7,250
2,1994,7,7,NA
1,1997,6,2,NA
2,1936,3,7,NA
2,1938,3,7,NA
2,1950,3,7,27
1,1955,5,7,NA
2,1960,4,7,NA
1,1938,5,7,NA
1,1949,3,7,NA
1,1940,4,7,NA
2,1943,3,7,NA
2,1954,4,7,NA
1,1943,2,7,NA
2,1947,2,7,70
2,1951,5,7,72
1,1952,4,7,NA
2,1959,4,7,NA
2,1988,6,7,0
1,1984,7,7,583
2,2020,1,7,NA
1,1992,7,2,579
2,1990,6,7,255
2,1942,2,7,NA
2,1963,3,7,NA
2,1936,2,7,NA
1,1965,5,7,433
2,1964,5,7,37
2,1999,7,7,NA
2,2002,7,7,NA
1,2004,5,7,NA
2,1932,2,7,NA
1,1946,4,7,NA
2,1952,3,7,NA
2,1953,4,7,NA
2,1946,3,7,27
1,1966,7,7,625
2,1970,5,7,333
2,1996,7,7,NA
1,1950,4,7,NA
2,1954,4,7,NA
1,1981,7,7,NA
2,1980,7,7,NA
2,2008,4,7,NA
1,2013,3,7,NA
1,1954,5,7,NA
2,1960,6,7,170
2,1985,7,7,492
1,1955,5,7,NA
2,1958,5,7,NA
1,1982,6,7,NA
1,1963,3,7,300
2,1968,4,7,NA
1,1992,7,7,NA
2,1996,6,7,200
1,1962,7,7,658
2,1966,5,7,NA
2,1997,7,7,250
2,1999,7,7,NA
1,2005,5,7,NA
1,1965,6,7,NA
2,1967,6,7,247
2,1997,7,7,NA
1,1970,5,7,NA
2,1972,5,7,NA
2,2002,5,7,78
2,1998,7,1,NA
1,1963,5,7,NA
2,1968,5,7,NA
1,1997,7,7,NA
2,1998,7,7,200
1,1969,5,7,NA
2,1971,5,7,90
2,1932,2,7,NA
1,1957,8,7,210
2,1960,7,7,NA
2,1949,3,7,27
1,1976,7,7,350
1,1977,7,7,NA
2,1946,3,7,27
2,1961,3,7,NA
2,1986,7,7,583
1,1985,6,7,330
2,2018,1,7,NA
1,1967,7,7,200
2,1972,5,7,NA
1,1997,7,7,NA
1,1999,5,7,NA
1,1968,5,7,333
2,1973,5,7,130
1,1999,6,7,242
2,2000,5,2,250
2,1961,5,7,250
1,1966,5,7,300
2,1986,7,7,NA
1,1988,6,7,583
1,1977,6,7,NA
2,1978,6,7,NA
2,2006,4,7,NA
1,2008,4,7,NA
1,2010,3,7,NA
2,1973,7,7,220
1,1974,5,7,NA
2,2010,3,7,NA
2,1975,5,7,200
1,2003,5,7,NA
2,1957,4,7,NA
1,1987,7,7,317
2,1965,4,7,72
2,1989,6,7,184
1,1978,7,7,380
1,2012,3,7,NA
1,2013,3,7,NA
1,2013,3,7,NA
2,1991,6,7,NA
1,1990,5,7,233
1,1976,6,7,270
2,1976,5,7,NA
2,2003,5,7,NA
1,2005,5,7,NA
1,1961,4,7,NA
2,1967,5,7,NA
2,1997,7,7,190
2,1994,5,7,300
2,1995,5,7,280
1,1944,4,7,NA
2,1946,3,7,NA
1,1971,5,7,NA
2,1977,5,7,212
1,2008,4,7,NA
2,2009,3,7,NA
2,1936,3,7,NA
1,1951,3,7,NA
2,1958,3,7,NA
1,1951,3,7,NA
2,1956,3,7,NA
2,1996,6,2,277
1,1948,3,7,NA
2,1950,3,7,NA
2,1944,2,7,NA
2,1936,2,7,27
1,1974,5,7,NA
2,1936,3,7,NA
1,1957,4,7,NA
1,1968,5,7,NA
1,1971,5,7,NA
1,1940,5,7,NA
2,1943,3,7,NA
2,1940,3,7,NA
1,1934,5,7,NA
2,1931,2,7,NA
2,1922,2,7,NA
2,1956,3,7,NA
1,1979,7,2,200
2,2003,5,2,NA
2,1953,3,7,NA
1,1958,4,7,NA
2,1958,4,7,NA
2,1983,6,7,243
1,1984,7,7,383
1,2013,3,7,NA
2,1985,7,7,110
1,1984,7,7,417
1,2017,1,7,NA
2,1941,3,7,27
2,1945,3,7,27
1,1946,3,7,NA
2,1955,3,7,NA
1,1936,4,7,NA
2,1939,2,7,NA
2,1964,4,7,NA
2,1991,6,7,NA
1,1934,3,7,NA
2,1940,3,7,NA
2,1970,5,7,NA
1,1943,5,7,NA
2,1959,3,7,NA
2,1942,3,7,NA
1,1964,7,7,NA
2,1965,5,7,NA
1,1992,6,7,377
2,1968,5,1,210
2,1997,6,1,280
1,1994,5,2,233
2,1956,4,7,NA
1,1980,7,7,500
2,1979,5,7,666
1,2008,4,7,NA
1,2011,3,7,NA
1,1982,7,7,535
2,1986,7,7,NA
1,2016,1,7,NA
1,1969,5,7,NA
2,1972,5,7,NA
2,1997,7,7,NA
2,1999,7,7,NA
1,1956,5,7,120
2,1960,4,7,NA
1,1988,7,7,316
2,1985,6,7,NA
1,1983,7,7,554
1,2016,1,7,NA
1,2020,1,7,NA
1,1969,5,7,NA
2,1970,7,7,223
2,2000,7,7,NA
2,2003,5,7,NA
1,2008,4,7,NA
1,1940,3,7,NA
2,1949,4,7,NA
1,1987,7,6,492
2,1988,8,6,0
2,2019,1,6,NA
2,1937,3,7,NA
1,1952,6,7,NA
2,1955,5,7,NA
2,1989,7,7,185
2,1961,3,7,150
2,1988,5,7,252
2,1983,5,7,248
2,1925,2,7,NA
1,1975,7,7,542
2,1979,7,7,NA
2,2008,4,7,NA
1,2010,3,7,NA
1,1935,3,7,NA
2,1941,3,7,NA
1,1973,5,7,NA
2,1977,6,7,NA
1,1978,7,7,333
2,2011,3,7,NA
1,1947,3,7,NA
2,1953,3,7,NA
1,1979,5,7,NA
2,1936,5,7,NA
2,1959,5,7,NA
1,1950,3,7,NA
2,1955,4,7,NA
1,1979,5,7,NA
2,1982,6,7,213
2,1977,6,7,347
1,1991,5,4,NA
1,1937,2,7,NA
2,1943,2,7,NA
2,1970,6,7,NA
2,1942,2,7,27
2,1945,2,7,NA
2,1941,2,7,NA
1,1965,4,7,293
2,1958,3,7,NA
1,1993,5,7,194
1,1972,5,7,416
2,1974,5,7,177
2,2000,6,7,212
1,2002,6,7,NA
2,1947,3,7,NA
1,1948,5,7,27
2,1956,4,7,NA
2,1939,2,7,NA
2,1996,6,1,210
1,1998,5,1,NA
1,1963,4,1,NA
2,1942,2,7,27
2,1968,3,7,NA
1,1936,3,7,NA
2,1936,2,7,NA
2,1943,2,7,27
2,1927,2,7,NA
2,1927,2,7,NA
2,1936,2,7,27
1,1938,3,7,NA
1,1941,3,7,NA
2,1941,3,7,NA
2,1932,2,2,NA
2,1973,5,2,511
2,1935,3,7,NA
1,1960,6,7,283
2,1961,5,7,NA
2,1936,2,7,NA
2,1940,2,7,NA
1,1966,5,7,344
2,1971,5,7,NA
2,1999,7,7,NA
2,2000,5,7,182
1,1978,6,7,NA
2,1988,5,7,337
1,2014,3,7,NA
1,1972,7,2,NA
2,1978,7,2,313
2,2003,5,2,NA
1,2006,4,2,NA
1,1965,6,7,NA
2,1969,5,7,NA
1,1996,7,7,NA
1,1997,7,7,NA
1,1974,5,7,453
2,1973,5,7,NA
1,1999,7,7,NA
2,2006,4,7,NA
1,1971,5,7,468
2,1975,7,7,300
1,1972,7,7,397
2,1976,5,7,NA
2,2002,5,7,NA
1,1969,6,7,718
2,1973,7,7,202
2,2000,7,7,NA
1,2002,7,7,NA
2,1937,2,7,NA
1,1941,3,7,NA
2,1954,3,7,190
1,2002,7,7,NA
1,1999,6,4,60
1,1963,5,7,NA
2,1967,4,7,NA
1,1991,7,7,NA
2,1993,7,7,NA
2,1933,3,7,27
2,1936,2,7,NA
1,2001,5,7,NA
1,1965,5,7,NA
1,1942,3,7,NA
2,1945,3,7,NA
1,1925,2,7,NA
2,1939,3,7,27
2,1920,2,7,NA
1,1947,7,7,NA
2,1951,5,7,NA
1,1940,3,7,27
2,1938,2,7,27
2,1935,2,7,NA
1,1938,3,7,27
2,1945,3,7,NA
2,1937,2,7,NA
2,1931,2,7,NA
1,1940,4,7,NA
2,1947,3,7,27
1,1972,7,7,NA
2,1932,3,7,NA
2,1943,2,7,NA
1,1942,4,7,NA
2,1949,3,7,180
1,1962,5,7,NA
2,1966,4,7,NA
2,1997,7,7,NA
1,1963,5,7,NA
2,1967,5,7,NA
1,1993,6,7,50
2,1986,6,7,NA
2,1987,6,7,NA
1,1987,5,7,296
1,1945,4,7,68
2,1949,4,7,40
1,1952,3,7,NA
2,1954,3,7,NA
2,1986,7,7,NA
1,1948,3,7,NA
2,1954,3,7,NA
1,1983,7,1,583
2,1986,8,1,NA
1,2013,3,1,NA
2,1947,3,7,NA
2,1946,2,7,NA
1,1942,3,7,NA
2,1943,3,7,NA
2,1937,3,7,NA
2,1948,3,7,NA
2,1922,2,4,NA
1,1944,3,4,27
2,1950,3,4,71
1,1947,3,7,NA
2,1945,3,7,NA
2,1945,3,7,NA
2,1932,5,7,NA
1,1974,5,7,249
2,1978,5,7,40
2,2010,3,7,NA
1,1947,5,7,NA
1,1950,3,7,NA
2,1951,3,7,NA
2,1977,5,7,NA
2,1942,3,7,27
2,1960,4,7,NA
1,1986,7,7,NA
2,1942,3,7,NA
2,1963,3,7,NA
1,1947,2,7,NA
2,1950,2,7,NA
2,1938,2,7,NA
1,1961,3,7,NA
2,1942,2,7,NA
1,1973,5,7,400
2,1974,5,7,200
2,1997,7,7,NA
2,2000,7,7,NA
2,2001,5,7,200
1,2005,5,7,NA
1,1964,6,7,608
2,1971,5,7,NA
2,1999,6,7,NA
1,2000,6,7,NA
1,1955,5,7,220
2,1961,5,7,NA
1,1988,7,7,NA
1,1967,5,7,717
2,1973,5,7,NA
2,1996,7,7,NA
2,1992,6,3,NA
1,1992,7,3,260
2,2020,1,3,NA
1,1966,5,7,792
2,1966,5,7,160
2,1994,7,7,353
1,1950,8,2,NA
2,1952,7,2,NA
1,1969,5,7,475
2,1970,4,7,300
1,1994,7,7,230
2,1995,7,7,175
1,1937,4,7,NA
2,1942,2,7,NA
2,1949,3,7,NA
1,1978,7,7,289
2,1978,7,7,322
1,2009,3,7,NA
1,2011,3,7,NA
1,1957,4,7,NA
2,1960,4,7,NA
2,1985,6,7,233
1,1984,7,7,433
1,2015,1,7,NA
2,1986,6,7,250
1,1991,7,7,600
1,2018,1,7,NA
1,2020,1,7,NA
1,1990,6,7,250
1,1956,3,7,182
2,1958,3,7,170
1,1983,6,7,130
2,1981,7,7,225
1,1979,7,7,500
1,2008,4,7,NA
1,2010,3,7,NA
1,1968,3,7,NA
2,1967,3,7,189
2,1997,7,5,378
1,1950,3,7,NA
2,1952,3,7,NA
1,1983,6,7,NA
1,1970,5,7,400
2,1969,5,7,187
1,1995,5,7,NA
2,1970,5,7,90
2,2002,7,7,NA
2,2006,4,7,NA
2,1949,3,7,200
2,1938,2,7,NA
1,1968,5,7,110
2,1984,6,7,198
2,2009,3,7,NA
2,2013,3,7,NA
1,1940,5,7,NA
2,1945,3,7,NA
2,1960,3,7,NA
1,1981,5,7,250
2,1942,3,7,NA
1,1944,5,7,NA
2,1944,5,7,NA
2,1952,3,7,NA
1,1950,4,7,NA
2,1957,3,7,NA
1,1938,4,7,NA
1,1975,5,7,NA
1,1997,5,7,133
1,2001,5,7,NA
2,1952,3,7,NA
1,1977,5,7,NA
1,1974,5,7,300
2,1988,5,7,165
1,2009,3,7,NA
1,2010,3,7,NA
1,1935,6,7,NA
2,1936,3,7,NA
1,1969,5,7,NA
2,1941,3,7,NA
2,1940,3,7,NA
1,1960,3,7,NA
2,1966,3,7,NA
2,1962,4,7,NA
1,1968,7,7,625
2,1970,5,7,NA
1,1996,5,7,NA
1,1999,7,7,NA
2,1958,4,7,NA
2,1980,6,7,101
1,1974,7,7,363
1,2013,3,7,NA
2,2019,1,7,NA
1,1943,3,7,27
2,1948,3,7,27
1,1976,5,7,592
2,1983,5,7,NA
2,2009,3,7,NA
1,2014,3,7,NA
2,1955,5,7,NA
2,1976,5,7,NA
1,1964,4,7,350
2,1970,5,7,NA
2,1996,7,7,280
1,1994,7,7,NA
1,1968,5,7,NA
2,1971,5,7,400
1,1953,3,7,NA
2,1960,3,7,NA
2,1984,6,1,260
1,1983,6,1,350
1,2012,3,1,NA
2,2015,1,1,NA
2,1954,3,7,NA
1,1943,2,7,NA
2,1951,3,7,NA
2,1947,3,7,27
1,1967,6,7,293
2,1971,5,7,293
2,2000,7,7,NA
2,2002,7,7,NA
2,1968,3,7,240
2,1996,6,7,NA
1,1990,7,7,NA
1,1979,7,7,NA
1,2002,5,7,NA
1,2005,5,7,NA
2,1993,5,7,NA
2,2018,1,7,NA
2,1951,3,7,27
2,1940,3,7,NA
2,1985,5,7,NA
1,1982,6,7,390
1,2009,3,7,NA
1,2017,1,7,NA
2,1971,5,7,190
2,1994,7,7,220
1,1995,7,7,250
1,2018,1,7,NA
2,1939,5,7,NA
1,1970,5,7,NA
1,1959,8,7,NA
2,1961,5,7,542
1,1945,5,7,NA
2,1941,3,7,NA
1,1929,3,7,NA
1,1939,3,7,27
2,1944,3,7,27
1,1980,5,7,320
2,1979,5,7,70
2,2004,5,7,NA
2,2008,4,7,NA
2,2009,3,7,NA
2,2012,3,7,NA
2,1937,3,7,NA
1,2001,5,7,NA
1,1961,5,7,292
2,1960,4,7,NA
2,1994,5,5,261
1,1986,5,5,281
1,2020,1,5,NA
2,1999,6,2,250
1,1948,3,7,NA
2,1958,3,7,133
1,1988,7,7,NA
2,1948,3,7,124
1,1999,7,7,NA
2,2000,5,7,127
2,1947,2,7,NA
1,1949,5,7,NA
2,1955,4,7,90
2,1927,2,7,NA
2,1936,3,7,NA
2,1939,2,7,27
1,1959,4,7,NA
2,1959,4,7,120
2,1954,2,7,160
2,1936,2,7,NA
1,1940,5,7,NA
2,1940,3,7,NA
2,1947,4,7,NA
1,1938,4,7,NA
2,1941,3,7,NA
1,1940,3,7,NA
2,1944,3,7,NA
2,1940,3,7,NA
2,1936,3,7,NA
1,1945,3,7,NA
2,1954,3,7,NA
1,1983,6,7,NA
2,1944,3,7,NA
1,1956,3,7,NA
2,1962,3,7,NA
1,1986,6,7,NA
2,1982,7,7,201
1,1983,7,7,300
1,2012,3,7,NA
1,1941,3,7,NA
2,1951,3,7,NA
1,1947,3,7,NA
2,1958,3,7,NA
2,1948,3,7,NA
2,1939,3,7,NA
1,1939,5,7,NA
2,1941,3,7,NA
2,1941,3,7,NA
2,1940,3,7,NA
1,1966,8,7,NA
2,1989,7,7,NA
1,2017,1,7,NA
1,1936,3,7,NA
2,1941,3,7,NA
2,1949,4,7,NA
2,1944,3,7,NA
2,1941,3,7,NA
2,1941,2,7,NA
2,1937,3,7,NA
1,1960,7,4,500
2,1961,8,4,NA
1,1993,7,4,NA
1,1963,7,4,346
2,1965,7,4,348
2,1997,7,4,382
1,1994,7,2,430
1,1968,5,4,NA
2,1970,5,4,NA
2,1995,7,4,NA
2,1993,7,2,293
1,1965,7,4,NA
2,1965,8,4,766
2,1999,7,4,NA
1,2001,7,4,NA
2,1992,8,2,315
2,1994,7,3,355
2,1951,5,4,NA
1,1970,6,4,375
2,1948,2,4,NA
1,1969,5,4,260
2,1981,5,4,313
1,2004,5,4,NA
1,1937,3,4,NA
2,1943,4,4,27
1,2009,3,4,NA
1,1939,5,4,NA
2,1942,3,4,NA
1,1973,7,4,NA
2,1947,4,4,NA
2,1939,4,4,NA
1,1955,5,4,165
2,1956,4,4,NA
1,1983,6,4,NA
2,1977,6,4,231
1,1977,7,4,422
2,2013,3,4,NA
2,1933,2,4,NA
1,1946,4,4,NA
2,1954,3,4,120
2,1958,5,4,NA
1,1972,5,4,300
2,1978,5,4,NA
2,2001,7,4,NA
2,2007,4,4,NA
2,1947,3,4,27
1,1941,5,4,NA
2,1945,3,4,NA
2,1960,5,4,220
1,1956,6,4,NA
1,1975,4,4,302
2,1977,6,4,252
2,2007,4,4,NA
1,1972,7,4,708
2,1976,6,4,50
2,2006,4,4,NA
1,2008,4,4,NA
1,1967,7,2,1166
2,1967,7,2,NA
2,1994,7,1,337
2,1998,6,1,NA
1,1978,6,4,NA
2,1977,7,4,352
1,2011,3,4,NA
1,1968,7,4,783
2,1973,6,4,300
2,1999,6,4,267
1,2001,7,4,NA
1,1968,6,4,550
2,1972,5,4,258
2,1995,6,4,293
1,1998,6,4,NA
1,1951,5,4,NA
2,1952,3,4,NA
1,1982,8,2,609
2,1985,7,2,NA
1,2015,1,2,NA
2,2017,1,2,NA
1,1954,4,4,NA
2,1958,4,4,210
1,1983,7,2,365
2,1987,7,2,NA
1,2015,1,2,NA
2,2019,1,2,NA
2,1937,4,4,NA
1,1969,5,4,434
2,1973,5,4,NA
2,2004,5,4,NA
2,2005,5,4,NA
1,1954,5,4,150
2,1959,4,4,NA
1,1982,5,4,250
1,1947,5,4,NA
2,1949,5,4,NA
1,1962,7,4,NA
2,1956,5,4,NA
2,1955,4,4,27
1,1978,7,4,375
2,1981,7,4,472
1,2012,3,4,NA
1,1961,5,3,NA
2,1941,3,4,NA
1,1945,4,4,NA
2,1949,4,4,NA
1,1942,3,4,NA
2,1943,4,4,27
1,1962,5,4,320
2,1972,5,4,160
2,1993,7,3,NA
1,1988,6,3,NA
1,1968,7,4,769
2,1980,7,4,190
2,2006,4,4,NA
1,2008,4,4,NA
1,1958,4,4,220
2,1965,5,4,120
1,1972,7,2,1328
2,1971,7,2,NA
2,2007,4,2,NA
1,1968,7,4,494
2,1967,7,4,NA
1,1993,7,4,NA
1,1976,5,4,468
2,1978,5,4,192
2,2006,4,4,NA
2,2009,3,4,NA
2,2012,3,4,NA
2,1965,5,4,284
2,1990,6,4,155
1,1973,6,4,330
2,1977,6,4,70
2,2003,5,4,NA
1,2006,4,4,NA
1,1974,8,2,687
2,1976,7,2,NA
2,2002,7,2,NA
1,2006,4,2,NA
1,1965,7,4,296
2,1966,6,4,50
2,1993,6,4,242
1,1996,7,4,310
2,1926,2,4,NA
1,1972,5,4,NA
2,1976,5,4,267
1,1999,7,4,192
2,2002,7,4,NA
2,1943,5,2,NA
2,1949,3,4,NA
1,1957,6,4,NA
2,1962,8,4,782
1,1972,6,4,577
2,1974,5,4,182
2,2001,6,4,NA
2,2003,5,4,NA
1,2005,5,4,NA
1,1966,7,3,269
2,1971,5,3,NA
1,1995,7,3,245
1,1997,7,3,149
1,1961,3,4,305
2,1968,3,4,NA
2,1997,7,4,210
1,1995,7,6,283
2,1930,2,4,NA
2,1957,5,4,NA
2,1996,7,4,349
1,1967,3,3,400
2,1974,3,3,250
2,1999,7,3,40
1,2003,5,3,NA
2,1935,2,4,NA
2,1949,3,4,NA
1,1939,3,4,NA
2,1951,3,4,NA
2,1945,4,4,NA
2,1967,7,4,NA
1,1936,3,4,NA
2,1941,3,4,NA
1,1941,3,4,NA
2,1950,3,4,NA
1,1937,2,4,NA
2,1943,2,4,NA
2,1952,3,4,NA
2,1937,3,4,NA
2,1995,7,4,214
1,1935,3,4,NA
2,1938,2,4,NA
2,1942,3,4,NA
2,1958,3,4,NA
2,1983,7,5,NA
1,1980,7,5,800
2,2014,3,5,NA
2,2017,1,5,NA
2,1939,2,4,NA
1,1962,4,4,NA
2,1941,3,4,NA
2,1931,2,4,NA
2,1946,4,5,NA
2,1940,3,4,NA
2,1969,5,4,291
2,1991,5,4,NA
1,1993,6,3,317
2,1993,5,3,NA
2,1944,4,4,NA
2,1949,2,4,NA
2,1976,2,4,NA
1,1979,5,4,NA
2,1999,5,4,NA
2,2020,1,4,NA
1,1971,5,4,340
2,1973,5,4,248
1,2005,5,4,NA
2,1997,7,4,380
1,1960,2,4,NA
2,1966,3,4,80
1,1951,3,4,NA
2,1960,3,4,NA
1,1956,4,4,NA
2,1956,3,4,NA
1,1955,4,4,NA
1,1939,2,4,NA
2,1944,3,4,NA
2,1942,2,4,NA
2,1939,3,4,NA
2,1978,7,2,NA
1,1977,7,2,670
1,2007,4,2,NA
2,2010,3,2,NA
2,1980,6,4,NA
1,1978,5,4,398
2,2008,4,4,NA
1,2013,3,4,NA
1,1971,6,4,NA
2,1976,7,4,202
1,2004,5,4,NA
2,2007,4,4,NA
1,1972,6,4,NA
2,1978,6,4,50
2,2003,5,4,NA
2,2012,3,4,NA
1,1956,5,4,354
2,1959,5,4,NA
1,1982,8,3,198
2,1986,7,3,NA
1,2015,1,3,NA
2,2017,1,3,NA
1,1963,5,4,201
2,1972,6,4,554
1,1998,7,4,44
2,2000,7,4,210
1,1971,5,4,758
2,1974,5,4,NA
2,1998,7,4,333
1,1941,4,4,NA
2,1942,3,4,NA
2,1937,3,4,NA
2,1960,7,4,210
2,1966,7,4,325
1,1938,3,4,NA
2,1946,3,4,NA
1,1973,5,4,NA
1,1952,5,4,NA
2,1955,4,4,NA
2,1937,2,4,NA
1,1962,5,4,NA
2,1967,5,4,NA
1,1992,7,4,554
2,1994,7,4,NA
2,1936,3,4,NA
2,1969,4,4,NA
1,1968,5,4,NA
2,2006,4,4,NA
2,1940,3,4,NA
2,1936,3,4,NA
1,1941,3,4,NA
2,1943,3,4,NA
1,1932,3,4,NA
1,1937,3,4,NA
1,1933,3,4,NA
2,1941,4,4,NA
1,1931,2,4,NA
2,1936,3,4,NA
1,1966,7,4,691
2,1966,7,4,223
1,1999,7,4,NA
1,1943,4,4,NA
2,1949,3,4,NA
2,1938,3,4,NA
2,1936,2,4,NA
2,1939,2,4,NA
1,1954,4,4,NA
2,1959,4,4,NA
1,1951,5,4,NA
2,1956,4,4,NA
1,1942,4,4,20
2,1944,3,4,NA
2,1958,3,4,NA
1,1964,4,4,216
2,1963,3,4,170
2,1995,7,4,NA
1,1986,7,4,808
2,1988,7,4,350
2,1950,2,4,NA
1,1996,6,2,252
2,1937,3,4,27
2,1932,3,4,NA
2,1937,3,4,27
2,1951,3,4,27
1,1972,7,4,416
2,1975,7,4,416
1,2013,3,4,NA
1,1973,5,4,542
2,1974,5,4,NA
2,2002,5,4,NA
1,1947,5,4,NA
2,1954,5,4,40
1,1970,5,4,493
2,1978,5,4,167
1,2000,7,4,NA
2,1970,5,4,120
1,1957,6,4,NA
2,1965,6,4,236
2,1996,7,4,185
2,2000,7,4,NA
2,1994,7,2,NA
1,1965,7,4,NA
2,1972,5,4,180
2,1999,7,4,NA
2,2000,7,4,NA
1,2002,7,4,NA
1,1943,5,4,NA
2,1943,4,4,NA
1,1946,5,4,NA
2,1949,3,4,NA
2,1938,4,4,NA
1,1995,6,4,215
2,1962,5,4,NA
1,1935,3,4,NA
1,1955,3,4,NA
2,1959,3,4,NA
1,1957,4,4,NA
2,1960,4,4,120
1,1947,4,4,NA
2,1949,4,4,NA
2,1943,3,4,NA
2,1940,3,4,NA
1,1961,5,4,NA
2,1962,4,4,NA
1,1953,3,4,NA
2,1955,3,4,NA
2,1953,5,4,27
2,1950,2,4,NA
1,1980,6,4,743
2,1981,6,4,NA
1,2009,3,4,NA
2,2011,3,4,NA
2,1937,2,4,NA
1,1953,4,4,NA
2,1955,4,4,NA
1,1958,5,4,NA
2,1961,4,4,NA
2,1939,2,3,NA
1,1956,2,4,NA
2,1943,3,4,NA
1,1936,5,2,NA
1,1947,4,4,NA
2,1950,3,4,NA
1,1936,3,4,NA
2,1940,2,4,NA
2,1943,3,4,NA
2,1939,2,4,NA
2,1937,3,4,NA
2,1939,2,4,NA
1,1957,3,4,NA
1,1943,5,4,NA
1,1931,2,4,NA
2,1931,3,4,NA
1,1957,4,4,NA
2,1959,4,4,80
1,1929,3,4,NA
2,1932,3,4,NA
2,1931,4,4,NA
2,1936,3,4,NA
2,1944,2,4,NA
2,1941,3,4,NA
2,1947,4,4,27
2,1948,3,4,NA
2,1937,2,4,NA
2,1936,4,4,NA
2,1962,6,4,136
2,1998,7,4,193
1,1953,4,4,NA
2,1958,4,4,112
1,1947,5,4,NA
2,1953,5,4,133
1,1948,5,4,NA
2,1945,3,4,NA
2,1938,2,4,49
2,1943,3,4,NA
1,1946,3,4,NA
2,1952,3,4,27
1,1953,3,4,NA
2,1959,3,4,NA
2,1955,3,4,NA
2,1981,5,4,NA
1,1977,5,4,220
2,2013,3,4,NA
1,2015,1,4,NA
2,2017,1,4,NA
2,1945,3,4,NA
1,1940,4,4,NA
2,1947,3,4,27
1,1942,3,4,116
2,1936,2,4,NA
1,1959,3,4,NA
2,1942,3,4,27
2,1942,3,4,NA
2,1937,3,4,NA
1,1927,3,4,NA
2,1936,3,4,NA
2,1957,3,4,NA
1,1988,7,4,NA
1,1997,7,4,NA
2,1943,3,4,NA
1,1974,6,4,NA
2,1980,6,4,NA
1,2008,4,4,NA
1,1968,5,4,NA
2,1926,2,4,NA
1,1962,3,4,NA
2,1941,3,4,NA
1,1976,6,4,393
2,1987,6,4,275
1,2012,3,4,NA
1,1959,8,4,NA
2,1966,5,4,NA
1,1989,8,2,258
2,1947,3,4,NA
1,1977,5,4,290
2,1973,5,4,115
1,2006,4,4,NA
1,1948,3,4,NA
2,1952,3,4,NA
1,1941,4,4,NA
2,1946,3,4,27
2,1946,3,4,NA
1,1975,5,4,NA
2,1983,5,4,235
1,2008,4,4,NA
2,2017,1,4,NA
1,1946,3,4,NA
2,1949,3,4,NA
1,1958,3,4,NA
2,1961,2,4,NA
2,1942,7,4,NA
2,1990,7,4,NA
1,1931,2,4,NA
2,1940,2,4,NA
2,1942,4,4,NA
2,1941,3,4,NA
2,1937,2,4,NA
2,1964,5,4,150
2,1932,3,4,NA
1,1961,5,4,297
2,1965,5,4,NA
1,1992,7,4,252
1,1967,5,4,265
2,2005,5,4,NA
2,2006,4,4,NA
2,1940,3,2,NA
1,1966,5,2,265
1,1989,5,2,200
1,1940,4,4,NA
2,1933,3,4,NA
2,1938,3,4,27
2,1944,2,4,NA
1,1941,3,2,NA
2,1941,2,2,NA
2,1942,3,4,NA
2,1941,3,4,NA
1,1967,5,4,833
2,1971,5,4,280
1,1996,7,4,NA
2,2000,6,4,NA
1,1968,7,4,337
1,1998,7,4,NA
1,1974,5,4,383
2,1975,6,4,220
1,2002,5,4,NA
1,2004,5,4,NA
2,1940,2,4,NA
1,1982,5,4,NA
2,1982,5,4,190
2,2008,4,4,NA
1,2017,1,4,NA
2,1939,3,4,NA
1,1950,7,4,60
2,1945,3,4,NA
1,1947,3,4,NA
2,1959,2,4,NA
1,1964,5,4,NA
2,1966,5,4,NA
1,1948,4,4,NA
1,1970,5,4,272
2,1972,5,4,NA
2,1932,2,4,NA
2,1943,3,4,NA
2,1944,3,4,NA
1,1939,3,4,NA
2,1950,3,4,NA
2,1940,2,4,NA
1,1959,3,4,NA
1,1947,4,4,NA
2,1946,3,4,NA
1,1932,3,4,NA
2,1942,3,4,NA
2,1939,2,4,NA
2,1931,2,4,NA
1,1950,4,4,191
2,1952,4,4,NA
2,1941,3,4,NA
1,1939,2,4,NA
2,1942,3,4,NA
1,1964,4,4,NA
2,1970,5,4,233
2,1996,7,4,219
1,1944,5,4,NA
2,1954,3,4,NA
1,1982,6,4,393
1,1938,4,4,NA
2,1940,2,4,NA
2,1941,3,4,NA
2,1935,3,2,NA
2,1932,2,4,NA
2,1935,3,4,NA
1,1943,5,4,NA
2,1944,4,4,NA
2,1936,2,4,NA
2,1938,3,4,NA
1,1947,5,4,NA
2,1946,4,4,27
1,1976,7,4,NA
1,1944,3,4,NA
2,1948,3,4,NA
1,1954,5,4,NA
2,1966,5,4,NA
1,1996,8,4,60
2,1991,6,4,227
2,1993,7,1,211
2,1994,7,1,239
1,1950,3,4,NA
2,1958,3,4,NA
1,1947,3,4,NA
2,1950,3,4,NA
2,1974,5,4,NA
1,1959,4,4,NA
2,1963,3,4,NA
2,1937,2,4,NA
1,1962,5,4,180
2,1970,6,4,81
1,2003,5,4,NA
1,2007,4,4,NA
1,1962,5,4,NA
2,1962,4,4,NA
1,1988,7,4,NA
2,1992,6,4,NA
1,2020,1,4,NA
1,1990,7,4,296
2,1991,7,4,NA
2,1940,4,4,NA
1,1962,5,4,NA
2,1963,2,4,NA
1,1989,6,3,348
2,1956,3,1,NA
1,1983,4,1,NA
2,1947,2,4,NA
1,1974,5,4,347
2,1984,5,4,NA
2,2015,1,4,NA
1,1945,3,4,NA
2,1935,2,4,NA
2,1936,3,4,27
1,1934,7,4,NA
2,1939,3,4,27
1,1938,5,4,NA
2,1941,4,4,NA
2,1946,2,4,NA
1,1941,7,4,NA
2,1946,6,4,27
2,1932,2,4,NA
2,1942,3,4,27
2,1953,3,4,27
2,1944,3,4,NA
2,1923,2,4,NA
1,1942,4,4,NA
1,1935,4,4,NA
2,1938,3,4,NA
2,1931,2,4,NA
1,1964,5,4,NA
2,1936,2,4,NA
2,1938,2,4,NA
2,1931,2,4,NA
2,1937,3,4,NA
1,1952,7,3,NA
2,1954,7,3,NA
1,1986,9,6,548
2,1988,8,6,461
1,1971,5,3,760
2,1975,6,3,230
1,1998,7,3,NA
2,2001,7,3,NA
1,1962,5,3,743
2,1967,5,3,NA
1,1993,7,5,445
1,1970,5,3,NA
2,1971,5,3,414
1,2002,7,3,NA
1,1977,6,3,385
2,1977,5,3,173
1,2005,5,3,NA
2,2008,4,3,NA
2,1980,7,3,387
1,1979,7,3,410
1,2015,1,3,NA
1,2017,1,3,NA
1,1952,4,3,NA
2,1978,6,3,324
1,1973,7,3,361
2,2011,3,3,NA
1,1948,5,2,NA
2,1946,3,2,NA
1,1946,4,3,NA
2,1953,3,3,NA
1,1967,7,3,350
2,1971,7,3,538
1,1970,7,3,564
2,1973,6,3,562
1,2000,7,3,NA
2,2003,5,3,NA
2,1946,4,3,NA
1,1939,4,3,NA
2,1942,3,3,NA
1,1967,7,3,700
2,1972,7,3,715
1,2001,7,3,260
1,2006,4,3,NA
1,1948,4,3,160
2,1952,4,3,NA
1,1960,8,3,817
2,1962,5,3,NA
1,1989,7,3,NA
2,1987,7,3,331
1,1984,8,3,517
1,2019,1,3,NA
1,1961,7,3,NA
2,1965,7,3,NA
2,1992,7,3,NA
2,1994,7,3,NA
1,1960,5,3,NA
2,1964,5,3,228
2,1989,7,1,267
2,1994,7,1,392
2,1955,3,3,162
1,1972,7,3,515
2,1973,6,3,259
2,2004,5,3,NA
1,2006,4,3,NA
2,1956,3,3,NA
1,1979,7,3,NA
1,2009,3,3,NA
1,1962,5,3,407
2,1966,5,3,NA
2,1992,7,3,NA
1,2001,7,3,40
1,1994,7,1,296
2,1974,5,3,132
2,1997,5,3,NA
1,1988,6,3,344
2,2014,3,3,NA
1,2016,1,3,NA
1,2018,1,3,NA
1,2002,5,3,NA
1,1973,8,3,741
2,1949,4,3,NA
2,1972,7,3,NA
1,2006,4,3,NA
1,1959,5,3,NA
2,1963,5,3,NA
2,1939,3,3,27
2,1990,6,3,329
1,1991,6,3,379
1,1961,7,3,763
2,1964,7,3,649
2,1995,7,3,310
1,1993,7,3,320
1,1967,7,3,259
2,1970,5,3,223
2,1996,9,3,149
2,1999,6,3,NA
1,1975,5,3,861
2,1974,7,3,NA
2,2009,3,3,NA
2,1941,5,3,NA
1,1959,5,3,290
2,1967,5,3,NA
2,1989,6,3,213
1,1981,7,3,330
1,1993,5,3,342
1,1972,8,3,843
2,1973,8,3,402
2,1998,7,3,75
1,1999,7,3,NA
1,1969,9,3,765
2,1971,8,3,NA
2,1998,7,3,NA
1,2004,5,3,NA
1,1976,6,3,492
2,1977,6,3,90
1,2007,4,3,NA
1,1950,8,3,NA
2,1955,5,3,NA
1,1979,7,7,NA
2,1986,7,7,NA
1,1974,7,2,1167
2,1975,7,2,90
1,2004,5,2,NA
1,2007,4,2,NA
1,1946,5,3,NA
2,1951,4,3,NA
1,1945,7,3,NA
2,1950,4,3,NA
1,1950,5,3,NA
2,1957,5,3,NA
1,1960,5,7,NA
2,1962,5,7,NA
2,1989,7,7,333
2,1987,7,3,NA
1,1988,7,3,364
2,2020,1,3,NA
1,1993,8,3,271
1,1947,8,3,NA
2,1947,7,3,NA
2,1962,6,3,220
1,1992,6,3,NA
1,1956,7,3,762
2,1961,5,3,NA
2,1987,7,3,584
1,1982,7,3,1100
1,2015,1,3,NA
2,1985,7,3,683
1,1984,7,3,546
1,2018,1,3,NA
1,1991,7,3,642
1,1961,8,3,830
2,1960,7,3,NA
2,1989,7,3,110
2,1991,7,3,NA
1,1995,6,3,108
2,1950,5,3,NA
1,1974,5,3,NA
1,1948,5,3,NA
2,1953,4,3,NA
2,1962,5,3,NA
2,1960,5,3,NA
1,1948,5,3,NA
2,1950,3,3,NA
1,1953,5,3,147
2,1951,5,3,30
1,1947,5,3,27
2,1954,3,2,NA
1,1953,5,3,NA
2,1957,5,3,NA
2,1986,7,3,NA
1,1979,7,3,NA
1,2009,3,3,NA
1,1969,6,3,444
2,1970,5,3,150
2,1996,7,3,NA
2,1998,7,3,132
2,1947,3,3,NA
2,1958,5,3,95
1,1982,7,3,270
2,1982,5,3,160
1,1956,5,3,160
1,1977,5,3,559
2,1980,6,3,NA
1,2003,5,3,NA
2,2007,4,3,NA
2,2011,3,3,NA
1,1961,5,3,200
2,1962,5,3,70
2,1989,6,3,NA
1,1983,8,3,360
1,2019,1,3,NA
2,1994,7,3,NA
1,1994,5,3,371
1,1959,5,3,338
2,1967,7,3,30
1,1992,5,3,0
2,1993,5,3,NA
2,1963,5,3,402
2,1988,6,3,423
1,1984,7,3,240
1,2015,1,3,NA
1,1959,3,2,224
2,1989,5,2,NA
1,2008,4,2,NA
1,1981,6,2,342
1,1945,3,3,27
2,1943,3,3,NA
1,1946,5,7,NA
2,1949,3,7,NA
2,1963,5,3,235
1,1961,7,3,NA
2,1961,3,3,NA
1,1950,3,3,NA
2,1951,3,3,NA
1,1966,3,3,NA
1,1996,8,3,68
1,1969,8,3,280
2,1972,7,3,NA
1,1998,7,3,100
1,2000,7,3,NA
2,2004,5,3,NA
2,2011,3,3,NA
2,1996,7,3,NA
1,1974,7,3,787
2,1973,7,3,692
1,2005,5,3,NA
1,1974,8,5,750
2,1981,6,5,231
1,2005,5,5,NA
1,2007,4,5,NA
1,2011,3,5,NA
1,1980,7,3,756
2,1981,7,3,292
1,2007,4,3,NA
2,1956,4,3,27
2,2009,3,3,NA
1,1945,7,5,NA
1,1957,3,7,NA
2,1964,5,7,237
2,1943,4,3,NA
1,1971,7,3,788
2,1971,6,3,200
1,1999,7,3,NA
1,1971,7,3,628
2,1970,8,3,529
1,2004,5,3,NA
1,2006,4,3,NA
1,1969,5,3,213
2,1972,5,3,262
1,1999,6,3,NA
1,1972,8,3,510
2,1973,6,3,293
1,2002,7,3,NA
2,2010,3,3,NA
1,1956,5,3,NA
2,1957,5,3,50
1,1959,5,3,268
2,1963,5,3,174
1,1991,8,3,NA
1,1958,5,3,152
2,1960,5,3,NA
1,1984,7,2,606
2,1984,6,2,41
2,2011,3,2,NA
1,2014,3,2,NA
1,1987,7,2,NA
2,1991,7,2,NA
1,1975,5,3,NA
1,2005,5,3,NA
1,2007,4,3,NA
1,1960,5,3,NA
2,1961,5,3,210
2,1988,4,3,NA
1,1989,5,3,NA
1,1970,7,3,235
2,1972,6,3,450
2,1998,7,3,35
2,2002,7,3,21
1,1978,5,3,818
2,1981,6,3,NA
2,2012,3,3,NA
1,2015,1,3,NA
2,1951,5,3,27
1,1980,7,2,494
2,1979,7,2,339
2,1940,3,3,NA
1,1948,4,3,NA
2,1955,4,3,NA
2,1962,3,3,170
1,1960,5,3,NA
2,1964,5,3,120
1,1995,7,3,279
2,1990,7,3,232
1,1988,7,3,330
1,1960,4,3,NA
2,1958,5,3,NA
1,1970,5,3,NA
2,1969,5,3,650
2,1992,6,3,250
1,1965,5,4,NA
2,1973,5,4,NA
2,1993,5,4,418
2,1999,7,4,NA
1,1967,5,3,NA
1,1999,7,3,NA
2,1942,4,3,NA
2,1972,7,3,NA
1,1941,4,3,27
2,1946,3,3,NA
2,1971,8,3,130
1,1947,5,3,NA
2,1951,3,3,NA
1,1964,5,3,NA
2,1970,7,3,230
2,2002,7,3,NA
1,2004,5,3,NA
1,2004,5,3,NA
2,1943,2,3,30
2,1961,5,3,190
2,1959,6,3,NA
1,1958,5,3,35
2,1962,3,3,NA
1,1946,5,3,125
2,1949,5,3,130
2,1930,3,3,NA
1,1953,5,3,NA
2,1956,4,3,NA
1,1982,7,3,393
2,1981,7,3,NA
2,2015,1,3,NA
2,2017,1,3,NA
2,1982,7,3,280
1,1983,7,3,327
2,2020,1,3,NA
1,1960,5,3,NA
1,1956,5,3,200
2,1958,5,3,NA
2,1985,7,3,300
1,1985,6,3,640
2,2009,3,3,NA
2,2012,3,3,NA
1,1983,7,3,335
2,1983,7,3,223
1,2012,3,3,NA
2,2015,1,3,NA
2,2017,1,3,NA
1,1970,5,3,310
2,1964,5,3,NA
1,1958,5,3,NA
2,1962,5,3,NA
1,1986,6,3,126
1,1955,5,6,476
2,1964,5,6,286
2,1938,3,3,NA
1,1956,4,3,NA
2,1959,3,3,293
2,1937,2,3,NA
1,1985,7,3,450
2,1985,7,3,NA
1,2016,1,3,NA
1,2019,1,3,NA
2,1960,5,3,NA
1,1934,4,3,NA
2,1939,3,3,NA
2,1942,3,3,27
2,1944,4,3,NA
2,1936,2,3,NA
2,1938,2,3,NA
2,1938,2,3,NA
2,1939,2,3,NA
2,1942,2,3,27
1,1975,7,3,NA
2,1979,7,3,180
1,2006,4,3,NA
2,2011,3,3,NA
2,1951,2,3,NA
1,1954,5,3,108
2,1957,4,3,215
2,1984,7,2,NA
1,1985,7,2,625
2,2017,1,2,NA
2,2019,1,2,NA
2,1942,4,3,NA
1,1952,4,3,NA
2,1935,3,3,NA
2,1940,2,3,NA
1,1965,5,3,NA
2,1968,5,3,NA
2,1997,7,3,NA
1,1948,3,3,NA
2,1954,3,3,NA
1,1947,3,3,NA
1,1952,5,3,NA
2,1950,5,3,NA
1,1983,6,3,464
2,1974,5,4,180
2,1997,5,4,180
1,1979,5,4,NA
2,1956,3,3,27
1,1929,4,3,NA
2,1955,5,3,300
2,1931,2,3,NA
2,1941,3,3,27
2,1938,3,3,NA
2,1943,3,3,27
2,1940,3,3,NA
1,1959,5,3,NA
2,1962,4,3,NA
1,1985,8,3,518
2,1986,7,3,NA
1,2019,1,3,NA
1,2020,1,3,NA
1,1988,7,3,558
2,1988,7,3,NA
2,2019,1,3,NA
2,1955,4,3,NA
1,1982,5,3,NA
2,1983,7,3,330
1,1980,7,3,250
2,2014,3,3,NA
1,2016,1,3,NA
2,1943,3,3,NA
2,1950,4,3,46
1,1947,5,3,NA
2,1948,3,3,NA
1,1946,3,3,NA
2,1948,3,3,NA
1,1981,7,3,531
2,1983,6,3,278
1,2016,1,3,NA
1,2018,1,3,NA
1,1937,3,3,NA
2,1942,3,3,NA
2,1938,2,3,NA
2,1932,2,3,NA
2,1939,3,3,27
1,1961,5,3,NA
2,1964,5,3,NA
2,1939,3,3,NA
1,1928,2,3,NA
2,1942,2,3,NA
1,1961,4,3,NA
2,1927,2,3,NA
2,1931,3,3,NA
2,1941,2,3,NA
1,1943,3,3,NA
1,1934,5,3,NA
2,1939,3,3,NA
1,1960,4,3,NA
2,1963,5,3,208
1,1936,3,3,NA
2,1942,2,3,NA
1,1928,6,3,NA
2,1934,4,3,NA
2,1930,3,3,NA
1,1960,5,3,NA
2,1963,5,3,NA
2,1932,3,3,NA
2,1942,2,3,NA
2,1936,2,3,NA
2,1957,5,3,NA
1,1982,7,3,292
2,1980,7,1,432
2,1948,3,3,NA
1,1945,3,3,NA
2,1949,3,3,NA
2,1930,2,3,NA
1,1971,6,3,NA
2,1942,2,3,NA
2,1948,2,3,NA
1,1938,3,3,NA
2,1943,3,3,NA
1,1965,5,3,NA
1,2002,7,3,NA
1,1947,3,3,NA
2,1949,3,3,NA
2,1950,7,3,80
1,1955,4,3,NA
2,1955,6,3,92
1,1982,8,3,335
2,1983,7,3,NA
2,2013,3,3,NA
2,2014,3,3,NA
2,2020,1,3,NA
1,1940,7,3,NA
2,1948,4,3,NA
2,1941,2,3,NA
2,1948,3,3,NA
1,1938,2,3,NA
1,1940,4,3,NA
2,1942,3,3,NA
2,1945,3,3,NA
1,1969,7,3,553
2,1969,6,3,554
1,2002,7,3,NA
1,1968,5,3,672
2,1972,5,3,NA
1,1999,7,3,NA
1,1952,5,3,115
2,1957,5,3,NA
1,1962,4,3,NA
2,1964,4,3,100
1,1950,4,3,NA
2,1962,4,3,205
1,1961,5,3,NA
2,1966,5,3,NA
2,1942,3,3,27
1,1972,5,3,300
1,1986,7,3,NA
2,1984,8,3,NA
1,1980,7,3,NA
1,2016,1,3,NA
2,1954,3,3,NA
2,1981,5,3,NA
1,1974,5,3,467
2,1939,2,3,NA
2,1986,4,3,NA
1,2012,3,3,NA
1,2014,3,3,NA
1,1956,4,3,NA
2,1959,4,3,80
1,1948,5,3,NA
2,1948,5,3,NA
1,1964,7,3,NA
2,1968,7,3,NA
1,1996,7,3,65
2,2001,7,3,163
2,1948,3,3,NA
1,1974,5,2,368
2,1974,6,2,236
2,2005,5,2,NA
1,1973,6,3,NA
2,1945,5,3,NA
1,1955,4,3,NA
2,1956,4,3,NA
1,1960,8,7,310
2,1961,5,7,NA
2,1994,7,3,198
1,1937,2,3,NA
1,1938,3,3,NA
2,1947,3,3,NA
2,1936,2,3,NA
2,1954,4,3,NA
1,1933,4,3,NA
2,1959,3,3,197
1,1952,5,3,NA
2,1952,5,3,NA
1,1981,7,1,1000
2,1983,7,1,NA
2,2014,3,1,NA
2,2017,1,1,NA
1,1953,5,3,76
2,1969,6,3,227
2,1994,6,3,258
1,1951,4,3,NA
2,1954,2,3,188
1,1984,7,7,450
2,1990,7,7,408
2,1942,3,3,NA
1,1935,5,3,NA
2,1947,5,3,NA
1,1942,3,3,NA
2,1943,2,3,NA
1,1940,2,3,NA
2,1945,2,3,NA
2,1966,4,3,200
1,1964,4,3,NA
2,1946,3,3,NA
2,1951,2,3,NA
2,1946,3,3,NA
1,1935,3,3,NA
2,1937,2,3,NA
2,1937,2,3,NA
1,1965,4,3,NA
2,1967,3,3,NA
1,2002,5,3,173
2,1936,3,3,NA
2,1939,2,3,NA
1,1953,3,3,NA
2,1955,3,3,NA
1,1954,3,3,NA
2,1955,3,3,27
2,1937,2,3,NA
2,1982,5,3,NA
1,1979,5,3,279
1,2009,3,3,NA
1,2011,3,3,NA
2,2013,3,3,NA
2,2018,1,3,NA
1,1988,5,3,360
2,1940,3,3,NA
2,1940,3,3,NA
1,1935,2,3,NA
2,1934,3,3,NA
2,1936,2,3,NA
2,1935,2,3,NA
2,1946,3,3,NA
1,1937,3,3,27
2,1943,3,3,NA
2,1941,2,3,NA
2,1953,4,3,150
2,1940,2,3,NA
2,1932,3,3,NA
2,1936,2,3,NA
1,1965,5,3,NA
2,1939,2,3,NA
2,1937,2,3,NA
2,1932,2,3,NA
1,1955,5,3,NA
2,1959,4,3,NA
2,1984,7,3,507
1,1967,5,3,NA
2,1977,5,3,NA
2,2002,7,3,NA
1,2006,4,3,NA
1,1954,5,3,NA
2,1957,4,3,NA
1,1937,3,3,NA
2,1942,2,3,NA
1,1935,3,3,NA
1,1934,3,3,NA
2,1943,3,3,NA
1,1962,5,3,NA
2,1997,7,3,222
1,1933,2,3,NA
2,1941,2,3,NA
2,1945,2,3,NA
2,1939,3,3,NA
1,1936,3,3,27
2,1954,3,3,210
1,1941,5,3,NA
1,1925,4,3,NA
2,1930,3,3,NA
1,1936,5,3,NA
2,1941,3,3,NA
2,1923,3,3,NA
1,1956,7,3,NA
2,1957,5,3,43
1,1950,3,3,NA
2,1957,3,3,NA
2,1984,7,1,150
1,1977,7,1,642
1,2020,1,1,NA
1,1982,8,3,500
1,1964,3,3,350
2,1985,4,3,NA
2,1935,2,3,NA
2,2005,5,3,NA
1,2007,4,3,NA
2,1937,3,3,NA
1,1938,7,3,NA
2,1946,3,3,NA
2,1931,2,3,NA
2,1957,3,3,118
2,1948,3,3,160
2,1937,2,3,NA
1,1932,7,3,NA
2,1940,3,3,NA
2,1941,2,3,NA
2,1940,2,3,NA
1,1940,8,3,NA
2,1947,4,3,NA
1,1944,5,3,NA
2,1949,4,3,NA
1,1933,3,3,NA
1,1945,3,3,NA
2,1950,3,3,NA
2,1952,4,3,60
1,1949,3,3,NA
2,1957,3,3,NA
1,1978,5,3,450
2,2005,5,3,NA
2,2008,4,3,NA
1,1935,3,3,NA
2,1944,3,3,NA
1,1932,2,3,NA
1,1966,4,3,NA
2,1999,6,3,NA
1,1936,3,3,NA
2,1946,2,3,NA
1,1980,5,3,NA
2,1983,5,3,NA
1,2010,3,3,NA
1,2011,3,3,NA
2,1947,2,3,NA
1,1947,5,3,NA
2,1952,5,3,NA
2,1934,2,3,NA
1,1961,5,3,NA
1,1960,3,3,NA
1,1952,5,3,NA
2,1955,4,3,NA
1,1960,3,3,119
2,1969,6,3,119
1,1997,5,3,NA
2,1998,5,3,NA
2,1949,3,3,NA
2,1942,2,3,NA
2,1940,2,3,NA
2,1940,2,3,NA
2,1939,2,3,NA
2,1938,2,3,NA
1,1967,5,7,NA
1,1978,6,7,500
2,1977,6,7,NA
1,2006,4,7,NA
1,2008,4,7,NA
2,2012,3,7,NA
2,1983,6,7,NA
1,1985,6,7,NA
1,2019,1,7,NA
2,1981,5,7,NA
1,1977,7,7,350
1,2007,4,7,NA
2,2009,3,7,NA
2,1941,3,7,NA
1,1976,8,7,698
2,1977,8,7,679
1,2007,4,7,NA
1,2009,3,7,NA
1,1976,7,7,666
2,1978,7,7,100
2,2009,3,7,NA
2,2013,3,7,NA
1,1958,6,7,50
2,1958,5,7,NA
1,1984,7,7,383
2,1990,6,7,NA
1,2019,1,7,NA
1,1991,6,7,310
2,1991,6,7,266
2,1932,2,7,NA
1,1954,3,7,NA
1,1972,5,7,350
2,1972,5,7,250
1,1998,5,7,NA
2,2002,6,7,NA
2,2005,5,7,NA
1,1959,7,7,NA
1,1943,5,7,NA
2,1941,3,7,NA
2,1940,2,7,NA
1,1957,4,7,500
2,1963,4,7,120
1,1997,5,7,NA
1,1986,7,1,490
2,1980,5,1,NA
2,2014,3,1,NA
2,2016,1,1,NA
1,1989,6,7,200
2,2014,3,7,NA
2,2016,1,7,NA
1,1962,6,7,730
2,1964,5,7,240
1,1991,7,7,500
2,1993,7,7,80
2,1993,7,1,317
2,1956,3,7,150
1,1983,5,7,197
1,1968,6,7,578
2,1974,8,7,NA
1,2009,3,7,NA
2,2012,3,7,NA
1,1976,7,7,483
2,2008,4,7,NA
1,2011,3,7,NA
2,1983,6,7,266
1,1982,7,7,482
1,2018,1,7,NA
2,2019,1,7,NA
2,2019,1,7,NA
2,1942,3,7,NA
1,1945,4,7,NA
1,1959,7,7,NA
2,1960,5,7,70
1,1989,8,1,380
2,1956,4,7,67
2,1942,6,7,NA
2,1946,4,7,67
1,1939,4,7,NA
2,1947,3,7,70
1,1973,5,7,150
2,2008,4,7,NA
2,2010,3,7,NA
1,1970,5,7,NA
2,1971,7,7,NA
1,2003,5,7,NA
1,2005,5,7,NA
1,1947,7,7,27
2,1950,5,7,50
1,1973,7,7,NA
2,1973,5,7,220
2,2001,5,7,NA
1,2006,4,7,NA
1,1977,6,7,683
2,1977,6,7,NA
1,2006,4,7,NA
2,2006,4,7,NA
2,1950,3,7,27
1,1971,5,7,110
1,1946,5,7,NA
2,1946,5,7,67
1,1959,7,7,NA
2,1962,5,7,263
2,1936,3,7,27
1,1986,8,7,297
2,1985,7,7,NA
2,2021,1,7,NA
1,1969,7,7,369
2,1969,7,7,178
1,1995,6,7,NA
2,1997,7,7,211
1,1952,5,7,NA
2,1958,4,7,NA
1,1981,7,7,368
2,1988,6,7,NA
2,1930,2,7,NA
1,1932,3,7,NA
2,1935,3,7,NA
2,1961,4,7,NA
1,1984,7,7,350
1,1988,7,7,395
2,1988,7,7,NA
1,2018,1,7,NA
1,1955,5,7,NA
2,1958,3,7,NA
1,1980,5,7,NA
1,1982,5,7,NA
1,1941,5,7,NA
2,1944,3,7,NA
1,1972,7,7,NA
2,1975,7,7,250
1,2004,5,7,NA
1,2005,5,7,NA
2,2009,3,7,NA
2,2012,3,7,NA
1,2014,3,7,NA
2,1932,3,7,NA
1,1955,4,7,NA
2,1954,4,7,NA
2,1944,3,7,NA
2,1927,2,7,NA
1,1932,5,7,NA
1,1973,5,7,NA
2,1972,5,7,NA
1,2004,5,7,NA
2,2006,4,7,NA
1,1969,4,7,NA
1,1978,5,7,250
2,2011,3,7,NA
1,2014,3,7,NA
2,1949,3,7,90
1,1932,3,7,NA
1,1970,5,7,NA
2,1990,7,7,NA
2,2016,1,7,NA
1,2019,1,7,NA
1,1939,3,7,NA
2,1936,3,7,NA
2,1932,2,7,NA
2,1937,2,7,27
2,1951,3,7,27
1,1946,3,3,NA
2,1950,3,3,NA
2,1937,3,3,NA
1,1952,5,4,252
2,1951,4,4,NA
1,1980,7,2,376
2,1979,7,2,381
1,2010,3,2,NA
2,2012,3,2,NA
2,1965,5,4,NA
2,2003,5,4,NA
1,1966,7,4,NA
2,1955,3,4,NA
2,1939,2,4,NA
1,1967,5,4,NA
2,1976,5,4,NA
2,1997,5,4,NA
1,1960,4,6,NA
2,1963,5,6,261
1,1989,7,6,492
2,1948,4,1,NA
2,1959,5,2,1167
1,1958,7,2,833
2,1989,8,2,500
1,1983,7,2,NA
1,2019,1,2,NA
1,1947,5,1,198
2,1947,4,1,156
1,1976,5,2,NA
2,1979,7,4,163
1,1979,8,4,442
2,2008,4,4,NA
1,2014,3,4,NA
1,1969,7,1,NA
2,1970,5,1,500
1,1997,7,1,NA
2,1999,6,1,180
2,1972,6,2,133
1,1981,5,2,NA
2,1952,4,2,148
2,1950,5,2,NA
2,1979,6,2,269
1,1977,6,2,510
2,2009,3,2,NA
1,2015,1,2,NA
1,1958,5,2,434
2,1953,4,2,118
2,1922,3,2,NA
1,1983,6,2,464
2,1983,6,2,NA
2,2013,3,2,NA
1,2017,1,2,NA
2,1981,7,2,NA
1,1986,6,2,468
2,2016,1,2,NA
2,1938,2,1,NA
1,1942,4,2,NA
2,1947,3,2,NA
1,1939,4,2,NA
2,1938,3,2,NA
2,1946,3,2,NA
2,1932,5,2,NA
1,1948,4,2,NA
2,1951,3,2,NA
2,1981,7,2,200
2,1939,3,2,27
1,1947,5,2,NA
2,1952,5,2,NA
2,1939,3,2,NA
1,1939,3,2,NA
2,1944,3,2,27
2,1950,3,2,150
2,1998,7,2,NA
2,2001,7,2,NA
2,1955,3,2,27
1,1983,5,2,NA
2,1968,6,6,209
2,1937,3,1,NA
1,1944,7,1,NA
2,1945,5,1,NA
1,1972,5,1,NA
2,1976,5,1,NA
2,1962,5,1,320
2,1997,7,1,NA
2,1940,4,2,NA
2,1936,3,1,NA
1,1985,6,1,400
1,1944,3,1,NA
1,1950,5,1,180
2,1954,3,1,195
1,1970,6,1,725
1,1972,6,2,580
2,1974,6,2,NA
2,2007,4,2,NA
1,2008,4,2,NA
2,2012,3,2,NA
2,2016,1,2,NA
1,1968,5,1,NA
2,1968,5,1,261
2,2009,3,1,NA
1,1974,7,1,700
2,1979,7,1,NA
1,2010,3,1,NA
2,1930,3,1,NA
2,1971,9,5,433
1,1971,5,5,NA
2,1995,7,1,254
1,1978,6,5,NA
2,1971,6,5,170
2,2006,4,5,NA
1,1960,3,5,NA
2,1962,5,5,160
1,1995,5,5,273
1,1941,3,5,27
2,1944,3,5,NA
2,1931,2,5,NA
2,1940,3,5,27
1,1940,4,5,NA
2,1953,4,5,NA
1,1979,5,5,478
2,1979,5,5,NA
1,1939,2,5,27
2,1950,2,5,27
2,1942,3,5,27
1,1969,5,5,304
2,1980,5,5,211
2,2004,5,5,NA
1,2006,4,5,NA
1,1982,7,5,592
2,1983,7,5,NA
1,2012,3,5,NA
1,2012,3,5,NA
2,2017,1,5,NA
1,1975,5,5,NA
2,1983,5,5,NA
2,1944,2,5,NA
2,1968,5,5,NA
1,1935,3,5,NA
2,1938,3,5,NA
2,1937,2,5,NA
1,1972,7,5,NA
2,1972,7,5,331
2,2004,5,5,NA
1,1968,6,5,376
2,1968,5,5,NA
1,1996,5,5,315
2,1934,3,5,NA
1,1943,2,5,NA
1,1974,5,7,NA
1,2003,5,7,NA
1,1979,7,7,442
2,1979,8,7,170
1,2010,3,7,NA
2,2011,3,7,NA
1,2013,3,7,NA
1,1939,4,7,NA
2,1942,3,7,NA
2,1940,2,7,NA
1,1973,5,7,1333
2,1974,5,7,363
2,2001,7,7,NA
2,1939,3,7,NA
1,1936,3,7,NA
2,1936,3,7,NA
1,1947,4,7,NA
2,1953,4,7,NA
1,1939,3,7,NA
2,1942,3,7,NA
1,1957,5,7,NA
2,1959,3,7,171
2,1983,7,7,396
1,1979,7,7,424
1,2017,1,7,NA
1,2017,1,7,NA
2,1930,2,1,NA
2,1955,5,1,40
2,1965,3,1,NA
2,1938,2,5,NA
1,1937,2,5,NA
2,1939,2,5,NA
1,1965,3,5,NA
2,1949,2,5,NA
2,1949,3,5,NA
1,1957,5,5,241
2,1961,5,5,583
2,1986,7,5,NA
1,1987,6,5,346
1,2019,1,5,NA
1,1952,5,5,NA
2,1957,5,5,NA
2,1939,4,5,NA
2,1951,3,5,NA
1,1980,7,5,665
2,1980,5,5,NA
2,2008,4,5,NA
2,2011,3,5,NA
1,1935,7,5,NA
1,1946,2,5,NA
2,1950,2,5,NA
2,1952,3,5,NA
1,1968,5,5,456
2,1971,5,5,131
2,1999,7,5,170
2,2002,7,5,NA
1,1935,2,5,NA
1,1982,7,5,820
2,1981,7,5,248
2,2014,3,5,NA
2,1956,5,5,NA
1,2018,1,5,NA
1,1985,8,5,755
2,1987,8,5,NA
2,2018,1,5,NA
2,2021,1,5,NA
1,1942,4,5,NA
2,1945,3,5,NA
2,1947,3,7,NA
1,1948,5,7,NA
2,1952,4,7,NA
2,1981,7,7,NA
1,1981,5,7,512
1,2020,1,7,NA
1,1979,7,3,560
2,1991,7,3,340
1,2021,1,3,NA
2,1953,4,7,NA
1,1941,8,7,NA
2,1945,3,7,NA
2,1940,4,7,NA
1,1971,7,7,358
2,1971,5,7,NA
2,2009,3,7,NA
2,1947,3,7,NA
2,1942,3,7,27
1,1942,3,7,NA
2,1944,2,7,NA
1,1955,4,7,NA
2,1957,3,7,NA
2,1943,3,7,NA
2,1945,3,7,NA
2,1936,3,7,NA
1,1946,5,5,NA
1,1975,5,5,NA
1,1960,9,1,650
2,1960,7,1,NA
1,1988,7,1,101
2,1994,7,1,NA
1,1940,7,1,NA
2,1947,5,1,NA
1,1974,5,6,252
2,1972,5,6,183
2,2004,5,6,NA
1,2006,4,6,NA
1,1938,7,2,NA
2,1940,5,2,NA
1,1953,5,1,NA
2,1957,5,1,NA
1,1967,6,1,290
2,1965,5,1,NA
1,1963,5,1,376
1,1940,5,1,NA
1,1974,5,1,NA
1,1932,6,1,NA
2,1933,3,1,NA
1,1955,4,2,NA
2,1958,4,2,NA
1,1945,5,1,NA
2,1948,2,1,NA
1,1949,5,1,NA
2,1952,4,1,55
1,1976,6,1,502
2,1978,7,1,330
1,2016,1,1,NA
2,1936,3,5,NA
1,1938,3,5,NA
1,1946,3,5,NA
2,1939,3,5,NA
1,1933,5,5,NA
2,1936,3,5,NA
2,1955,3,5,NA
2,1937,3,5,NA
1,1957,4,5,NA
2,1961,5,5,NA
1,1987,5,5,NA
2,1984,6,5,500
1,1986,6,5,361
2,1965,5,5,NA
1,1965,5,5,195
2,1994,5,5,287
2,1946,3,5,NA
2,1946,3,5,NA
1,1970,5,5,NA
2,1941,4,5,NA
2,1974,5,5,490
1,1957,5,5,NA
2,1956,4,5,NA
1,1939,3,5,27
1,1958,3,5,NA
1,1941,3,5,NA
2,1943,3,5,NA
1,1946,4,5,NA
2,1955,3,6,NA
1,1980,9,5,600
2,1946,7,5,NA
2,1946,5,5,NA
2,1981,7,5,NA
1,1973,6,5,323
2,1977,6,5,NA
1,1981,6,5,269
2,1947,3,5,NA
2,1980,5,5,211
2,1941,2,7,NA
2,1956,5,7,NA
1,1956,7,7,NA
1,1940,3,7,NA
2,1945,3,7,NA
2,1947,3,7,NA
1,1956,5,7,NA
2,1962,5,7,NA
1,1976,6,7,844
2,1977,8,7,633
1,2012,3,7,NA
2,2014,3,7,NA
1,1949,5,7,NA
2,1951,5,7,NA
1,1945,3,6,NA
2,1950,3,6,NA
2,1941,2,6,NA
2,1941,3,3,NA
2,1952,3,6,49
1,1942,4,3,NA
2,1945,3,3,NA
1,1942,3,3,NA
2,1947,3,3,NA
1,1974,5,3,411
2,1972,6,3,NA
1,2000,7,3,NA
2,2002,6,3,NA
2,1945,3,1,NA
1,1977,6,3,NA
2,1947,2,3,NA
1,1954,7,3,230
2,1958,4,3,NA
1,1982,8,3,431
2,1991,6,3,230
1,1967,5,2,335
2,1975,5,2,231
2,1999,7,2,363
2,1997,7,2,280
1,1945,7,1,NA
2,1946,7,1,NA
1,1958,5,2,NA
2,1961,5,2,NA
1,1959,5,1,357
2,1963,5,1,NA
1,1987,6,1,NA
2,1952,3,1,27
2,1958,4,1,NA
1,1985,5,1,222
2,1982,6,1,563
1,1952,7,4,NA
2,1955,7,4,75
1,1942,5,4,NA
2,1942,5,4,NA
2,1948,2,3,NA
2,1944,4,3,NA
1,1946,4,3,NA
2,1946,3,3,NA
1,1945,2,3,NA
2,1951,4,3,64
2,1951,4,1,NA
1,1949,4,4,NA
1,1994,5,4,140
2,1933,2,3,NA
2,1971,5,4,NA
2,1950,5,4,NA
1,1936,3,3,NA
2,1939,2,3,NA
2,1933,2,3,NA
2,1950,3,3,73
2,1943,3,3,NA
2,1933,2,3,NA
2,1962,5,3,200
2,1997,6,3,230
1,1938,5,3,NA
2,1931,3,3,NA
1,1945,5,3,NA
2,1950,4,3,136
2,1935,4,3,NA
2,1938,4,3,NA
1,1943,3,3,NA
2,1939,2,3,50
1,1936,7,3,NA
2,1942,5,3,NA
1,1963,5,3,176
2,1936,3,3,NA
1,1975,7,3,404
2,1978,5,3,NA
2,2002,7,3,NA
2,2004,5,3,NA
1,1976,7,3,539
2,1979,6,3,198
2,2012,3,3,NA
2,2012,3,3,NA
1,1932,4,2,NA
1,1935,5,2,NA
1,1947,4,3,NA
2,1951,4,3,NA
2,1984,7,3,364
1,1976,6,3,261
2,1950,4,3,NA
2,2016,1,3,NA
2,2018,1,3,NA
1,1949,5,2,27
1,1978,7,2,359
1,1958,3,2,NA
1,1964,4,3,NA
2,1966,5,3,206
2,1991,7,3,NA
2,1989,7,3,250
1,1993,5,3,NA
2,1994,6,3,NA
2,1943,4,3,NA
1,1957,3,3,272
2,1963,4,3,182
1,1946,5,3,NA
2,1949,4,3,NA
2,1977,6,3,NA
2,1944,4,3,NA
1,1977,6,3,375
2,1980,7,3,132
1,2009,3,3,NA
1,2011,3,3,NA
2,1969,5,3,190
2,1991,7,3,385
1,2009,3,3,NA
2,1994,7,3,313
1,1979,7,2,560
2,1974,5,2,NA
2,2007,4,2,NA
1,1951,4,2,NA
2,1953,4,2,NA
1,1977,8,2,960
2,1983,7,2,NA
2,2015,1,2,NA
2,2016,1,2,NA
1,1981,7,2,269
2,1982,7,2,NA
1,1976,5,2,330
2,1977,5,2,NA
1,2010,3,2,NA
1,1975,5,2,260
1,1970,5,2,300
2,1973,6,2,303
2,2003,5,2,NA
2,2004,5,2,NA
2,1943,4,4,NA
1,1948,3,4,NA
2,1949,3,4,NA
1,1953,5,4,NA
2,1962,5,4,255
1,1985,7,4,390
1,1936,5,4,NA
2,1939,2,4,NA
1,1945,3,3,NA
1,1973,5,3,NA
1,1975,4,3,NA
1,1962,4,3,NA
2,1959,3,3,NA
2,1935,3,3,NA
2,1945,2,3,27
1,1934,3,3,NA
2,1940,2,3,NA
1,1966,6,3,NA
2,1933,2,3,NA
1,1962,5,3,NA
1,1957,3,3,NA
2,1951,3,2,NA
1,1943,7,3,NA
2,1948,5,3,NA
1,1949,3,3,30
2,1949,3,3,45
1,1942,2,3,NA
2,1947,3,3,NA
1,1944,4,3,NA
2,1952,3,3,NA
2,1940,2,3,27
2,1968,6,3,NA
2,1996,6,3,NA
2,1974,7,2,235
2,1939,3,2,NA
2,1937,2,3,NA
1,1971,5,3,327
2,1976,5,3,127
1,2002,6,3,NA
1,2003,5,3,NA
1,1961,5,2,NA
2,1938,3,2,NA
1,1969,5,3,NA
2,1964,5,3,45
1,1991,6,3,258
1,1991,6,3,285
2,1975,5,2,118
1,1972,5,2,NA
1,1997,5,2,250
1,2007,4,2,NA
2,2014,3,2,NA
1,1973,6,2,NA
2,1973,6,2,199
2,2001,7,2,NA
1,2002,7,2,NA
1,1967,7,2,338
2,1970,6,2,189
2,1996,6,2,210
1,1956,3,2,NA
2,1957,3,2,NA
1,1985,6,2,NA
2,1983,6,2,380
1,1986,5,2,429
2,2015,1,2,NA
1,2020,1,2,NA
1,1951,4,2,NA
2,1953,4,2,NA
1,1982,7,2,300
2,1936,5,2,NA
1,1969,4,2,NA
2,1969,4,2,200
2,1998,6,2,200
1,1965,7,2,591
2,1964,5,2,NA
2,1991,9,2,425
1,1992,5,2,300
2,1975,5,2,101
1,2000,5,2,180
2,2004,5,2,NA
2,2008,4,2,NA
2,1939,3,3,NA
1,1972,4,3,NA
2,1957,3,3,NA
2,1936,2,3,NA
2,1934,2,3,NA
1,1939,4,3,NA
2,1938,2,4,NA
1,1939,5,4,NA
2,1940,3,4,NA
2,1953,3,4,NA
1,1957,5,3,NA
2,1951,2,3,27
2,1981,5,3,NA
1,1942,5,4,27
2,1944,3,4,NA
1,1974,7,3,1615
2,1978,7,3,NA
1,2003,5,3,NA
2,2004,5,3,NA
1,1941,2,3,NA
2,1944,2,3,NA
2,1948,3,3,NA
1,1948,4,3,NA
2,1951,3,3,55
1,1962,5,3,180
2,1965,5,3,NA
1,1990,6,3,380
2,1993,6,1,NA
2,1943,3,3,NA
1,1971,6,3,217
2,1952,3,3,171
1,1977,5,3,NA
2,1981,7,3,167
1,2009,3,3,NA
1,2011,3,3,NA
2,1948,3,3,NA
2,1946,4,3,30
2,1965,5,3,NA
1,1997,5,3,NA
1,1991,6,3,120
2,1946,3,3,27
2,1935,5,3,NA
1,1972,6,3,NA
2,1942,4,4,27
2,1947,3,7,NA
2,1937,2,7,27
2,1950,3,7,174
1,1973,6,7,NA
2,1937,2,7,NA
1,1981,7,7,NA
2,1983,7,7,NA
2,2010,3,7,NA
1,2013,3,7,NA
1,1968,5,7,NA
2,1968,5,7,110
1,1999,7,7,NA
1,1957,6,7,NA
2,1958,5,7,NA
2,1985,7,7,NA
1,1980,7,7,517
1,2014,3,7,NA
1,1988,7,5,503
1,1963,7,2,434
2,1946,3,2,NA
2,1931,5,2,NA
1,1950,5,2,NA
2,1950,5,2,NA
1,1984,5,7,NA
1,1938,3,7,NA
2,1942,3,7,NA
2,1930,3,7,NA
2,1950,4,7,27
1,1946,5,7,27
1,1973,6,7,NA
2,1965,5,7,140
1,1994,5,7,220
1,1957,7,7,NA
1,1959,5,7,NA
2,1932,2,7,NA
2,1943,2,7,NA
1,1962,6,7,380
2,1964,5,7,NA
1,2002,7,7,NA
1,1992,7,7,NA
1,1941,2,7,27
2,1939,2,7,27
1,1977,6,7,417
2,1976,5,7,242
2,2005,5,7,NA
2,2010,3,7,NA
1,2011,3,7,NA
1,1972,5,7,NA
2,1977,6,7,NA
1,2002,6,7,NA
2,2004,5,7,NA
2,1962,5,7,NA
2,1965,5,7,NA
2,1939,3,7,NA
1,1960,4,7,347
2,1950,3,1,NA
2,1959,7,1,146
1,1983,5,1,314
1,1986,6,1,237
2,1939,4,1,NA
1,1983,5,1,NA
1,1950,5,1,NA
2,1959,3,1,NA
2,1955,4,7,NA
2,1981,6,7,NA
2,1980,7,7,NA
1,2006,4,7,NA
1,1982,7,7,219
2,1988,6,7,200
1,2020,1,7,NA
1,1981,5,2,448
2,1980,5,2,100
1,2006,4,2,NA
2,2008,4,2,NA
2,1937,3,2,27
2,1946,3,2,NA
1,1969,5,2,269
2,1973,5,2,NA
1,2002,6,2,NA
2,2004,5,2,NA
2,1944,5,2,NA
1,1970,5,2,605
2,1969,5,2,NA
2,1996,7,2,271
1,2001,6,2,NA
1,1968,3,7,NA
1,1942,5,7,NA
2,1949,3,7,NA
1,1996,5,7,NA
1,1998,6,7,NA
2,1939,3,7,NA
2,1936,5,7,NA
1,1941,7,7,NA
2,1942,4,7,NA
1,1937,6,7,27
2,1939,4,7,NA
1,1939,3,7,NA
2,1943,3,7,27
1,1941,4,7,27
2,1945,4,7,NA
2,1940,2,7,NA
1,1964,4,7,250
2,1948,3,7,27
2,1946,6,7,NA
2,1948,4,7,27
1,1945,5,7,NA
2,1950,4,7,NA
1,1929,2,7,NA
2,1933,2,7,NA
1,1937,3,7,NA
2,1936,3,7,NA
2,1944,3,7,NA
1,1955,5,7,NA
2,1959,5,7,195
1,1963,5,7,NA
2,1965,5,7,NA
2,1994,7,7,203
2,1933,3,7,NA
2,1933,5,7,NA
1,1940,3,7,NA
2,1941,3,7,NA
1,1956,3,7,NA
2,1995,7,5,353
2,1933,3,7,NA
2,1934,2,7,NA
1,1950,7,7,NA
2,1949,5,7,NA
2,1944,2,7,NA
1,1976,6,7,NA
2,1977,6,7,NA
2,2008,4,7,NA
2,1963,5,7,NA
1,2000,7,7,NA
2,1970,4,7,NA
1,1946,4,7,45
2,1949,4,7,NA
1,1960,3,7,NA
2,1959,5,7,NA
1,1941,5,7,NA
2,1945,3,7,NA
1,1974,5,2,361
1,1943,3,1,NA
2,1950,3,1,NA
1,1949,3,1,165
2,1956,3,1,35
2,1955,6,1,NA
1,1974,5,2,NA
2,1983,5,2,NA
2,2007,4,2,NA
2,2009,3,2,NA
2,1938,4,2,NA
1,1976,6,2,577
2,1979,6,2,132
1,2006,4,2,NA
1,2009,3,2,NA
1,1943,5,2,NA
1,1940,4,2,27
2,1942,2,2,NA
2,1940,2,2,NA
2,1946,4,2,114
1,1958,5,2,NA
2,1963,8,2,252
1,1991,6,2,90
1,1948,7,7,NA
2,1954,4,7,NA
2,1942,2,7,NA
2,1945,2,7,NA
2,1937,2,7,NA
2,1942,3,7,NA
1,1943,3,7,NA
2,1949,3,7,NA
1,1946,5,7,NA
2,1949,4,7,NA
1,1958,4,7,NA
1,1947,4,7,NA
2,1953,3,7,NA
2,1934,2,7,NA
2,1939,2,7,27
1,1939,7,7,NA
1,1940,3,7,NA
2,1946,3,7,27
2,1942,4,7,NA
1,1969,5,7,260
2,1971,4,7,NA
1,1996,7,7,NA
2,2000,5,7,200
1,1953,4,7,193
2,1960,4,7,NA
1,1941,3,7,NA
2,1942,3,7,NA
1,1965,4,7,258
2,1972,5,7,100
2,1993,6,7,250
1,1996,6,7,NA
1,1994,6,7,235
1,1944,2,7,NA
2,1948,2,7,NA
2,1940,4,7,NA
1,1933,3,7,NA
2,1942,2,7,NA
1,1930,2,7,NA
2,1939,2,7,NA
1,1964,7,7,NA
2,1971,5,7,272
2,1997,6,2,240
2,1999,5,1,NA
1,1936,2,7,27
2,1945,2,7,27
1,1955,3,7,NA
2,1957,5,7,200
1,1988,7,7,300
2,1991,7,7,160
1,1973,5,7,280
2,1975,5,7,150
1,2002,6,7,NA
1,2004,5,7,NA
2,2013,3,7,NA
1,1967,5,7,NA
2,1970,5,7,350
2,1997,6,7,NA
2,2004,5,7,NA
1,2008,4,7,NA
1,1965,6,7,NA
2,1956,5,7,NA
1,1993,5,7,NA
1,1991,7,7,NA
1,1941,5,7,27
2,1948,5,7,67
1,1965,7,7,NA
2,1975,6,7,NA
1,2005,5,7,NA
1,2011,3,7,NA
1,1931,4,7,NA
2,1932,3,7,NA
1,1966,5,1,NA
2,1968,5,1,500
1,1994,7,1,380
1,1995,7,1,300
1,1997,7,1,NA
1,1974,7,2,453
2,1974,7,2,NA
1,2007,4,2,NA
2,1942,3,1,NA
1,1936,3,1,NA
2,1937,3,1,NA
1,1935,3,2,NA
1,1976,7,2,369
2,1976,7,2,NA
1,2012,3,2,NA
1,2014,3,2,NA
2,1944,3,2,NA
1,1940,5,7,NA
2,1955,5,7,NA
2,1965,3,2,NA
2,1949,3,7,NA
1,1976,7,7,NA
1,1929,4,7,NA
2,1933,3,7,NA
1,1940,4,7,NA
2,1945,4,7,NA
2,1943,3,7,27
1,1941,3,7,NA
2,1942,3,7,NA
1,1957,3,7,NA
1,1980,6,7,375
2,1983,6,7,200
1,2010,3,7,NA
1,2012,3,7,NA
1,1931,5,7,NA
2,1938,5,7,NA
2,1950,3,7,NA
1,1942,7,7,NA
2,1944,3,7,NA
1,1938,2,7,NA
2,1940,3,7,NA
1,1936,3,7,NA
2,1946,3,7,NA
2,1945,3,7,NA
2,1959,4,7,NA
1,1986,7,2,280
1,1969,5,7,294
2,1976,6,7,100
1,2008,4,7,NA
2,2011,3,7,NA
1,1965,5,7,NA
2,1971,5,7,NA
1,1975,6,7,360
2,1986,7,7,210
1,2014,3,7,NA
2,2015,1,7,NA
2,1949,3,7,NA
2,1937,3,2,NA
2,1938,3,3,NA
1,1966,4,3,NA
2,1934,3,3,NA
2,1933,3,3,NA
1,1977,4,3,513
2,1934,2,3,NA
2,1959,4,3,67
2,1979,7,3,310
1,1978,5,3,NA
1,1927,4,3,NA
1,1965,5,3,157
2,1969,5,3,140
1,1995,5,3,190
1,1951,5,3,NA
2,1949,5,3,NA
1,1950,4,3,NA
2,1957,4,3,NA
2,1954,3,3,27
1,1958,4,3,NA
2,1966,4,3,180
1,1983,7,3,419
1,1949,5,3,NA
1,1978,6,3,NA
1,1959,5,3,NA
2,1963,6,3,NA
1,1994,7,3,320
2,1975,6,3,233
2,1998,6,3,191
2,2001,6,3,230
1,1949,3,3,NA
2,1946,3,3,NA
1,1940,4,3,NA
2,1940,3,3,NA
2,1940,3,3,NA
2,1957,4,3,NA
1,1950,5,3,60
2,1953,5,3,NA
2,1979,5,3,NA
1,1951,7,3,180
2,1955,5,3,NA
2,1933,4,3,NA
1,1938,4,3,NA
1,1951,4,3,NA
2,1952,4,3,NA
2,1986,7,2,0
1,1988,7,2,414
1,2019,1,2,NA
1,1955,5,3,NA
2,1956,5,3,NA
1,1987,6,3,422
2,1988,6,3,338
2,2019,1,3,NA
1,1959,5,3,NA
2,1964,5,3,NA
1,1941,7,3,NA
2,1938,3,3,NA
1,1968,7,3,492
2,1971,7,3,NA
2,1999,7,3,NA
1,1955,5,3,NA
2,1960,5,3,NA
1,1946,7,3,NA
2,1948,5,3,NA
1,1977,5,3,120
2,1959,5,3,193
2,1941,3,3,NA
1,1969,7,1,673
2,1942,4,1,NA
1,1979,7,2,832
2,1979,6,2,NA
2,2011,3,2,NA
2,2020,1,2,NA
1,1963,5,2,NA
2,1967,5,2,210
2,2010,3,2,NA
1,1939,4,2,NA
2,1949,3,2,140
1,1947,5,2,NA
2,1941,5,2,NA
1,1934,5,2,NA
2,1942,3,2,151
1,1942,5,2,152
2,1947,3,2,NA
1,1972,6,3,125
2,1973,7,3,155
2,2000,6,3,90
2,2003,5,3,NA
2,1941,4,3,NA
2,1936,3,3,28
1,1979,7,3,487
2,1979,5,3,NA
2,2009,3,3,NA
2,2013,3,3,NA
1,1948,3,3,NA
2,1952,3,3,NA
2,1935,4,3,NA
1,1957,6,3,230
2,1973,5,3,226
2,1998,5,3,110
2,1999,6,3,NA
2,1953,3,3,NA
1,1944,3,3,NA
2,1934,4,3,NA
1,1957,7,7,NA
2,1958,6,7,NA
2,1986,7,3,452
1,1984,7,3,537
2,2015,1,3,NA
2,2018,1,3,NA
1,1989,7,3,250
2,1942,2,3,NA
1,1975,4,3,NA
2,1964,4,3,152
1,1952,4,3,NA
2,1959,4,3,NA
1,1978,5,3,280
1,1952,4,3,243
2,1952,4,3,NA
1,1946,3,3,27
2,1951,4,3,NA
2,1947,3,3,NA
1,1954,5,3,NA
2,1956,5,3,NA
2,1947,3,3,NA
2,1944,3,3,NA
2,1942,4,2,27
2,1938,3,2,27
1,1946,5,1,NA
2,1937,5,2,27
2,1956,4,2,NA
2,1951,3,2,NA
2,1981,5,2,NA
1,1980,4,2,NA
2,2014,3,2,NA
2,2017,1,2,NA
1,1946,4,2,809
2,1946,3,2,NA
1,1947,5,2,109
2,1950,5,2,27
1,1948,4,2,27
2,1950,4,2,NA
1,1950,5,2,200
2,1952,4,2,NA
2,1937,3,3,NA
1,1968,5,3,NA
2,1944,3,3,NA
2,1977,6,2,350
2,1935,3,3,NA
1,1941,4,3,NA
2,1941,3,3,NA
1,1968,5,3,NA
2,1998,7,3,60
1,1996,7,6,245
1,1941,3,4,NA
2,1935,3,4,NA
1,1976,6,4,363
2,1970,5,4,NA
2,2006,4,4,NA
2,1952,3,4,NA
2,1949,3,4,NA
1,1955,5,4,NA
2,1960,5,4,NA
1,1968,7,3,NA
1,1946,4,3,NA
2,1942,4,3,NA
2,1961,6,3,200
1,1994,7,3,40
1,1960,4,3,128
2,1947,4,3,27
1,1946,3,7,NA
2,1929,2,7,NA
2,1953,4,3,12
1,1975,5,3,353
2,1937,2,3,NA
1,1952,8,2,NA
2,1964,4,2,259
2,1956,3,2,NA
1,1990,7,2,NA
1,1969,7,3,833
2,1968,8,3,NA
1,2008,4,3,NA
1,2010,3,3,NA
2,2013,3,3,NA
2,1976,8,2,250
1,1963,7,1,833
2,1969,7,1,279
2,1992,7,1,160
2,1995,7,1,367
2,2002,7,1,NA
1,1935,7,2,NA
2,1970,5,2,NA
1,1983,7,2,773
2,1983,6,2,NA
2,2011,3,2,NA
1,2013,3,2,NA
1,1942,3,1,NA
2,1950,3,1,NA
2,1937,3,4,NA
1,1968,5,4,NA
2,1969,5,4,450
1,2004,5,4,NA
1,2006,4,4,NA
1,2015,1,4,NA
2,1938,2,4,NA
1,1934,3,4,NA
2,1935,3,4,NA
1,1975,8,4,603
2,1979,8,4,175
1,2008,4,4,NA
2,2014,3,4,NA
2,1943,4,4,27
2,1953,4,4,95
1,1925,2,4,NA
2,1947,3,4,NA
1,1980,6,4,760
2,1982,6,4,NA
2,2010,3,4,NA
1,2018,1,4,NA
2,1963,4,4,NA
1,1956,5,2,NA
2,1961,5,2,NA
2,1985,6,2,NA
1,1989,6,2,652
2,2017,1,2,NA
2,1950,4,7,NA
1,1943,5,7,27
1,1952,5,7,226
2,1955,5,7,NA
1,1982,7,7,567
2,1986,6,7,NA
1,2015,1,7,NA
2,2020,1,7,NA
1,1951,4,7,NA
2,1961,5,7,NA
2,1942,2,7,NA
1,1941,3,7,NA
2,1941,3,7,27
1,1974,6,7,753
2,1983,7,7,NA
2,2010,3,7,NA
2,2013,3,7,NA
1,1932,5,7,NA
2,1947,2,7,27
1,1970,7,7,833
1,1973,5,7,300
2,1976,6,7,NA
1,2001,7,7,NA
1,2003,7,7,NA
2,1936,2,7,NA
1,1937,4,4,NA
2,1941,3,4,NA
1,1938,3,4,NA
2,1942,3,4,NA
2,1940,3,4,NA
2,1945,4,4,NA
1,1966,5,4,188
2,1942,3,4,NA
2,1950,3,4,NA
2,1936,2,4,NA
1,1934,5,4,NA
2,1941,3,4,NA
2,1954,4,4,NA
2,1933,2,7,NA
1,1952,2,7,NA
2,1956,5,7,NA
2,1981,7,7,220
2,1947,3,7,27
1,1972,5,7,240
2,1935,2,7,NA
2,1973,5,7,NA
2,1996,6,7,NA
2,1999,6,7,NA
2,1954,7,7,27
2,1959,3,7,NA
1,1947,3,7,NA
2,1949,3,7,27
2,1943,3,7,NA
1,1951,4,7,170
2,1954,4,7,NA
2,1931,2,7,NA
1,1937,2,7,NA
2,1944,3,7,NA
2,1938,2,7,NA
2,1935,2,7,NA
1,1929,3,7,NA
2,1944,3,7,NA
1,1943,2,7,NA
2,1945,2,7,NA
2,1954,4,2,NA
1,1944,4,2,NA
2,1946,4,2,NA
1,1940,5,2,27
2,1943,2,2,NA
1,1959,5,2,NA
2,1961,5,2,NA
1,1982,5,2,NA
2,1982,6,2,109
2,2010,3,2,NA
1,2013,3,2,NA
1,1938,5,2,NA
2,1942,4,2,NA
1,1941,4,7,NA
2,1944,3,7,27
1,1967,7,7,430
1,1968,5,7,161
2,1966,4,7,161
1,2000,7,7,215
1,2005,5,7,NA
2,1938,3,7,NA
1,1963,6,7,NA
2,1964,5,7,NA
2,1988,6,7,203
2,1931,3,7,NA
1,1961,5,7,NA
2,1967,5,7,NA
2,1994,7,7,NA
1,1979,5,4,369
2,1979,6,4,163
2,2006,4,4,NA
2,1947,3,4,26
2,1952,6,4,145
1,1960,5,4,NA
2,1964,5,4,NA
2,1988,7,4,250
1,1991,7,4,NA
1,1946,3,4,27
2,1950,4,4,27
2,2004,5,4,NA
1,1970,5,4,502
2,1977,5,4,194
2,2008,4,4,NA
2,2011,3,4,NA
1,1960,7,4,326
2,1963,7,4,328
2,1996,7,4,NA
1,1993,8,1,300
1,1972,5,4,NA
2,1978,5,4,NA
2,2004,5,4,NA
1,2006,4,4,NA
2,1972,5,4,119
1,2000,5,4,NA
2,1942,2,4,NA
2,1931,2,7,NA
2,1935,2,7,NA
2,1938,2,7,27
1,1944,3,7,NA
2,1950,3,7,27
1,1974,7,7,542
2,1975,7,7,542
1,2015,1,7,NA
1,1977,7,7,315
2,1978,5,7,NA
2,2018,1,7,NA
1,1955,5,7,NA
2,1957,5,7,NA
2,1985,7,6,NA
1,1986,7,6,396
2,2016,1,6,NA
2,1983,7,7,NA
1,1967,5,7,NA
2,1970,5,7,290
1,1994,7,7,168
1,1997,6,7,206
1,1964,4,7,200
2,1971,6,7,100
2,1995,6,7,NA
2,1997,6,7,198
2,2002,5,7,199
1,1958,5,7,NA
2,1964,5,7,NA
1,1989,5,7,NA
2,1995,7,7,230
1,1953,3,7,NA
2,1959,3,7,129
1,1947,5,7,345
2,1953,4,7,NA
1,1959,5,7,NA
2,1957,3,7,NA
2,1992,7,7,NA
1,1998,6,7,231
2,1953,3,7,NA
1,1937,5,7,NA
2,1941,3,7,NA
2,2002,5,7,NA
1,1977,7,7,500
2,1960,4,2,NA
1,1986,7,2,500
2,1987,7,2,261
1,2020,1,2,NA
2,1946,3,7,NA
1,1950,5,2,NA
2,1954,5,2,NA
2,1983,7,2,450
1,1973,5,2,500
2,1974,5,2,198
2,2009,3,2,NA
2,2009,3,2,NA
1,1958,4,2,NA
1,1933,6,2,NA
2,1943,5,2,NA
2,1962,4,2,NA
1,1942,6,2,NA
2,1946,3,2,NA
2,1955,4,2,NA
1,1943,2,2,NA
2,1942,5,4,NA
2,1946,3,4,NA
1,1947,4,7,27
2,1950,4,7,87
1,1937,4,7,27
2,1945,3,7,NA
1,1976,6,7,NA
2,1932,3,7,NA
1,1936,3,4,NA
2,1940,3,4,27
2,1935,2,4,NA
2,1957,3,7,NA
1,1954,3,7,NA
2,1955,3,7,100
2,1964,9,7,NA
1,1994,8,7,NA
1,1998,7,7,NA
1,1955,8,7,56
2,1975,8,7,200
1,2005,5,7,NA
1,1942,5,7,27
2,1948,3,7,NA
2,1941,3,7,NA
1,1978,5,7,NA
1,1962,4,7,458
2,1995,5,7,246
1,1997,5,7,213
2,1938,2,7,NA
1,1936,2,7,NA
2,1945,3,7,NA
1,1947,3,7,NA
2,1952,3,7,NA
2,1942,3,7,NA
1,1974,5,7,517
2,1980,7,7,NA
2,2002,5,7,NA
1,2007,4,7,NA
1,1971,5,7,667
2,1973,5,7,NA
2,2000,7,7,NA
2,2003,5,7,NA
1,1945,5,7,27
2,1951,3,7,NA
2,1944,3,7,NA
1,1978,4,7,402
2,1992,5,7,231
1,2016,1,7,NA
1,1962,7,7,250
2,1970,5,7,300
1,1957,3,7,NA
2,1954,3,7,NA
1,1955,3,7,NA
1,1989,5,7,NA
2,1991,5,5,NA
1,2009,3,5,NA
2,2013,3,5,NA
1,1987,5,5,NA
2,1939,3,2,NA
2,1941,2,2,27
1,1958,4,2,80
2,1929,2,2,NA
1,1968,6,2,518
2,1977,6,2,243
2,2003,5,2,NA
2,1944,3,4,27
1,1958,5,5,465
2,1958,4,5,NA
2,1937,3,2,NA
2,1932,2,2,NA
1,1967,6,2,NA
2,1976,5,2,NA
2,2008,4,2,NA
1,1972,5,2,250
2,1972,5,2,160
2,1997,7,2,70
1,1999,7,2,NA
2,1941,2,2,27
2,1943,3,6,NA
1,1942,3,6,27
2,1946,3,6,NA
1,1960,7,6,NA
2,1935,3,6,NA
2,1960,3,6,NA
1,1941,4,6,27
1,1980,8,6,507
1,1927,2,6,NA
2,1940,3,6,NA
2,1941,3,7,27
1,1966,7,3,625
2,1966,5,3,NA
1,1948,4,2,NA
2,1947,4,2,NA
2,1970,7,2,320
1,1971,5,1,NA
2,1974,5,1,200
2,2003,5,1,214
1,1965,7,1,NA
2,1969,7,1,261
1,2002,7,1,NA
1,2004,5,1,NA
1,1970,4,1,382
2,1970,5,1,337
2,1997,6,1,NA
1,1999,6,1,NA
1,1952,5,6,NA
1,1957,4,6,NA
2,1964,3,6,NA
1,1951,4,6,NA
2,1953,3,6,NA
2,1943,4,1,NA
2,1936,4,6,NA
2,1945,3,3,27
2,1932,2,6,NA
1,1960,3,6,69
1,1995,7,6,NA
1,1991,7,6,NA
2,1972,4,6,198
1,1972,5,6,508
1,1935,5,6,NA
2,1940,3,6,NA
2,1942,2,2,27
1,1933,7,2,NA
2,1938,5,2,NA
1,1947,5,2,NA
1,1942,7,4,NA
2,1952,5,4,NA
2,1939,2,6,NA
2,1955,3,6,NA
2,1990,5,6,NA
1,1979,5,6,318
1,2016,1,6,NA
1,1964,2,4,NA
2,1957,3,4,NA
1,1967,5,7,833
2,1971,7,7,363
1,1973,7,7,NA
2,1976,7,7,350
1,2003,5,7,NA
2,2006,4,7,NA
2,1945,3,7,NA
1,1977,7,7,580
2,1980,6,7,82
1,2009,3,7,NA
2,2014,3,7,NA
1,1984,7,7,230
2,1991,7,7,NA
1,1985,5,7,NA
2,1966,3,7,NA
1,1987,5,7,130
1,1983,5,7,NA
1,1959,4,7,NA
2,1967,4,7,NA
1,1990,6,7,NA
1,1989,6,7,300
2,1993,6,7,NA
2,2019,1,7,NA
1,1959,4,7,100
2,1961,4,7,NA
1,1952,4,7,270
2,1955,4,7,NA
1,1959,4,1,200
2,1961,4,1,NA
1,1998,6,1,NA
2,1944,3,1,NA
1,1956,8,2,NA
2,1958,7,2,NA
1,1942,4,1,NA
2,1949,4,1,NA
2,1943,2,6,27
2,1963,5,6,215
1,1967,7,6,NA
2,1974,6,6,413
2,2001,6,6,NA
1,1938,3,6,NA
2,1941,3,6,NA
1,1942,4,6,NA
2,1950,4,6,NA
2,1944,3,6,27
2,1939,3,6,27
1,1932,2,2,NA
2,1942,2,2,NA
1,1961,5,2,NA
1,1951,5,6,NA
2,1952,4,6,NA
2,1932,2,6,NA
1,1969,7,6,260
2,1969,7,6,NA
2,2002,7,6,NA
2,2004,5,6,NA
2,1978,6,6,193
2,1945,3,6,NA
2,1948,3,6,27
2,1959,4,2,200
1,1980,7,2,352
2,1981,5,2,NA
1,2014,3,2,NA
1,2017,1,2,NA
2,1942,3,2,NA
1,1971,5,7,NA
2,2002,5,7,NA
1,1955,3,5,207
2,1938,2,7,NA
2,1935,4,7,27
1,1943,3,7,27
2,1950,3,7,NA
2,1954,3,7,NA
2,1942,3,7,NA
1,1952,4,7,NA
2,1958,4,7,110
2,1947,3,7,NA
1,1946,5,4,160
2,1949,4,4,160
1,1946,4,5,NA
2,1941,5,5,NA
2,1970,5,5,NA
1,1965,7,1,724
2,1970,7,1,100
2,2002,7,1,NA
2,1960,4,1,NA
1,1957,4,1,NA
2,1932,4,1,NA
2,1979,6,1,266
1,1976,8,1,578
2,1977,8,1,NA
1,2009,3,1,NA
2,2012,3,1,NA
2,1930,2,6,NA
2,1942,5,6,NA
2,1944,5,6,NA
1,1943,4,6,NA
1,1961,7,6,NA
2,1962,3,6,201
2,1990,6,6,240
2,1991,7,2,250
1,1987,7,2,317
1,1947,7,6,27
2,1949,5,6,27
1,1960,4,6,NA
2,1964,4,6,NA
2,1944,3,6,NA
1,1946,5,6,NA
2,1947,3,6,NA
1,1946,7,6,NA
1,1934,4,6,NA
2,1933,4,6,27
1,1940,3,2,NA
2,1954,2,6,NA
1,1978,6,6,300
1,1957,5,5,NA
1,1956,5,2,195
1,1945,3,2,50
2,1952,3,2,NA
2,1974,5,2,251
2,1975,5,2,150
1,2004,5,2,NA
1,1952,5,2,NA
2,1954,5,2,NA
2,1934,3,7,NA
1,1937,2,7,NA
2,1942,2,7,NA
1,1940,3,7,NA
2,1948,3,7,NA
1,1971,5,7,250
2,1978,5,7,175
1,2002,7,7,NA
1,2010,3,7,NA
1,1980,7,7,383
2,1984,7,7,200
1,2016,1,7,NA
1,2020,1,7,NA
2,1956,5,7,37
1,1952,4,7,NA
2,1957,4,7,NA
2,1938,3,7,NA
2,1942,2,7,NA
2,1934,3,7,NA
1,1941,3,2,NA
2,1949,3,2,NA
1,1938,3,7,NA
2,1938,3,7,NA
2,1957,3,7,NA
1,1971,7,3,364
2,1974,5,3,NA
1,1943,4,3,NA
1,2009,3,3,NA
1,2010,3,3,NA
2,1940,2,3,NA
1,1962,3,3,137
2,1939,3,3,NA
2,1940,3,1,NA
1,1959,5,1,NA
2,1961,5,1,NA
1,1991,6,1,NA
1,1951,3,1,NA
2,1964,5,1,NA
1,1966,6,1,NA
2,1942,3,3,NA
2,1936,3,3,27
1,1967,5,3,180
1,1995,5,3,NA
2,1946,3,3,NA
2,1996,5,3,280
1,1941,4,3,NA
2,1952,3,3,NA
2,1952,3,3,27
2,1981,5,3,55
1,1934,3,3,NA
2,1952,4,3,NA
2,1980,7,3,293
1,1981,5,3,NA
2,1982,6,3,NA
1,2013,3,3,NA
2,2013,3,3,NA
2,1954,5,3,NA
1,1982,7,3,380
1,1943,3,3,NA
2,1946,3,3,NA
2,1957,3,3,NA
1,1941,5,3,NA
2,1945,3,3,NA
2,1948,3,3,NA
1,1967,5,3,NA
2,1970,5,3,70
1,1996,7,3,NA
1,2006,4,3,NA
1,1947,4,3,NA
2,1954,3,3,NA
1,1959,7,3,NA
2,1960,5,3,NA
2,1988,8,3,250
1,1984,7,3,220
1,1976,5,2,NA
2,1977,5,2,110
2,2005,5,2,NA
1,2009,3,2,NA
2,1947,5,2,NA
1,1950,7,2,215
2,1950,5,2,NA
1,1934,7,2,NA
2,1938,5,2,NA
2,1945,2,4,NA
2,1954,3,4,NA
2,1938,3,4,NA
2,1936,2,4,NA
1,1962,5,4,500
2,1967,5,4,130
1,1995,7,1,220
1,1970,8,2,366
2,1976,7,2,NA
2,2010,3,2,NA
1,2012,3,2,NA
2,1944,3,4,NA
2,1934,2,4,NA
1,1955,8,2,744
2,1958,8,2,NA
1,1987,7,2,NA
1,1985,7,2,NA
1,1943,3,4,NA
2,1951,3,4,NA
1,1980,6,4,150
2,1938,2,4,NA
1,1953,5,4,NA
1,1975,7,4,366
2,1980,7,4,185
1,2010,3,4,NA
2,2013,3,4,NA
2,1940,2,4,NA
2,1959,5,4,100
2,1987,7,4,458
1,1987,7,4,387
1,1974,6,4,345
2,1976,6,4,NA
2,2004,5,4,NA
1,2007,4,4,NA
1,2011,3,4,NA
2,1941,4,4,NA
1,1964,4,4,NA
2,1942,2,3,NA
1,1940,3,4,NA
2,1943,3,4,NA
2,1942,5,1,148
2,1966,5,1,NA
1,1994,6,1,244
2,1997,6,1,210
2,1997,6,1,255
1,1931,4,4,NA
2,1938,2,4,27
2,1942,4,4,NA
2,1943,3,4,27
2,1944,4,4,NA
2,1931,3,3,NA
1,1971,6,3,NA
1,1973,6,3,NA
2,1974,7,3,NA
1,2004,5,3,NA
2,2006,4,3,NA
2,1934,3,3,NA
2,1934,3,3,NA
2,1936,3,3,NA
2,1936,3,3,NA
2,1943,3,3,NA
1,1973,7,3,NA
1,1977,7,3,302
2,1975,7,3,198
1,2010,3,3,NA
1,2013,3,3,NA
2,2019,1,3,NA
1,1943,3,3,NA
2,1947,4,3,100
2,1947,2,3,27
1,1945,4,3,NA
1,1939,3,3,NA
2,1942,2,3,NA
1,1941,5,3,27
2,1942,3,3,27
1,1975,6,2,540
2,1975,5,2,240
1,2005,5,2,NA
2,2007,4,2,NA
1,1975,7,2,489
2,1980,5,2,162
1,2008,4,2,NA
2,2009,3,2,NA
2,2012,3,2,NA
2,1967,4,4,NA
2,1994,5,4,NA
1,1975,5,4,NA
2,1943,3,4,NA
1,1948,4,2,NA
2,1955,3,2,NA
1,1954,3,2,NA
2,1961,3,2,NA
2,1939,5,2,NA
1,1962,5,2,350
2,1979,5,2,180
1,2009,3,2,NA
1,2010,3,2,NA
2,1980,6,2,NA
1,1979,5,2,295
1,2020,1,2,NA
2,1953,4,2,NA
1,1981,6,2,593
1,1948,4,4,27
2,1958,3,4,NA
2,1965,5,2,103
2,1945,3,4,NA
2,1950,4,4,52
2,1956,3,4,302
1,1988,5,4,NA
2,1950,3,4,NA
2,1933,2,4,NA
1,1946,3,4,170
2,1950,4,4,NA
1,1973,5,2,NA
2,1977,5,2,266
2,2004,5,2,NA
2,2012,3,2,NA
1,1956,5,2,205
1,1975,7,1,675
2,1978,5,1,NA
1,2006,4,1,NA
2,1962,5,3,200
2,1992,7,3,NA
2,1993,5,3,NA
1,1940,7,1,NA
2,1947,5,1,NA
1,1957,5,1,145
2,1964,5,1,173
1,1989,6,1,250
2,1986,8,2,NA
1,1986,7,2,600
2,2019,1,2,NA
2,1937,2,3,NA
1,1947,4,3,168
2,1953,4,3,140
1,1966,5,3,NA
2,1972,4,3,230
2,1992,7,3,202
1,1994,5,1,220
1,1941,3,3,NA
2,1947,3,3,NA
1,1945,3,3,NA
2,1944,3,3,NA
1,1960,5,3,NA
2,1988,5,3,195
2,2015,1,3,NA
2,1935,2,3,NA
1,1958,5,3,225
2,1962,5,3,214
1,1991,7,3,264
1,1934,4,3,NA
2,1940,3,3,NA
1,1953,4,3,30
2,1955,4,3,NA
2,1939,3,3,NA
2,1960,7,3,NA
1,1992,5,3,NA
2,1957,4,3,80
2,1981,6,3,333
1,1976,6,3,760
2,2014,3,3,NA
2,2016,1,3,NA
1,1939,3,3,NA
2,1944,3,3,NA
2,1957,5,1,155
1,1947,5,3,NA
2,1950,5,3,NA
1,1935,3,3,NA
1,1975,7,4,397
2,1978,6,4,218
2,2006,4,4,NA
2,2010,3,4,NA
1,1983,6,4,725
2,1981,6,4,NA
1,2011,3,4,NA
2,2014,3,4,NA
1,1952,4,2,74
2,1958,3,2,220
2,1977,5,2,100
2,1995,6,2,211
1,1958,4,2,NA
2,1964,4,2,250
1,2003,5,2,NA
2,2005,5,2,NA
1,1968,5,2,250
1,1937,4,2,NA
2,1944,2,2,27
2,1938,2,4,NA
2,1941,4,2,27
2,1938,2,4,27
2,1941,2,4,NA
2,1975,5,2,NA
2,1942,2,3,NA
1,1939,3,4,50
2,1943,3,4,NA
1,1961,5,4,250
2,1966,5,4,314
1,1991,7,4,260
1,1994,6,4,303
1,1961,5,4,NA
2,1968,5,4,517
1,1988,6,2,472
2,1988,7,2,NA
2,1990,7,4,238
1,1969,6,4,362
2,1968,6,4,120
1,1995,6,4,191
2,1948,4,4,NA
2,1936,3,4,NA
2,1944,4,4,27
2,1954,3,4,NA
1,1943,5,4,NA
2,1942,2,4,NA
2,1956,3,4,NA
1,1960,5,4,NA
2,1962,4,4,187
2,1938,3,4,NA
2,1934,2,4,NA
1,1939,3,4,NA
2,1943,3,4,27
1,1977,6,4,200
1,1979,7,2,583
2,1981,7,2,NA
1,2010,3,2,NA
2,2011,3,2,NA
2,1944,4,3,27
1,1968,4,3,NA
2,1955,3,3,NA
1,1947,5,3,NA
2,1952,4,3,179
2,1941,2,3,27
2,1938,3,3,NA
2,1948,3,3,NA
2,1935,2,3,NA
2,1959,2,3,NA
2,1966,5,3,NA
2,1932,2,3,NA
1,1966,6,3,NA
2,1965,6,3,NA
2,1994,7,3,NA
2,1998,6,3,240
1,1975,6,3,511
2,1979,6,3,NA
2,2007,4,3,NA
2,2010,3,3,NA
1,2015,1,3,NA
1,1954,5,3,NA
2,1954,4,3,120
1,1986,7,1,493
1,1957,4,3,310
2,1960,4,3,NA
1,1986,6,3,260
2,1959,4,3,NA
1,1987,5,3,365
2,1988,5,3,60
1,2008,4,3,NA
1,2009,3,3,NA
2,2013,3,3,NA
1,2014,3,3,NA
2,2017,1,3,NA
2,1937,2,4,NA
1,1966,5,3,934
2,1965,5,3,NA
1,1983,7,3,524
2,1984,6,3,NA
1,2013,3,3,NA
1,2018,1,3,NA
1,1947,3,3,NA
2,1950,3,3,NA
1,1964,3,3,155
2,1951,3,1,NA
1,1956,5,1,NA
2,1960,4,1,NA
1,1982,7,1,250
1,1984,7,1,329
2,1988,5,1,NA
2,1942,2,1,NA
1,1972,5,1,NA
2,1941,5,1,NA
2,1939,3,1,NA
2,1925,3,1,NA
2,1959,5,1,NA
1,1951,4,1,168
2,1947,4,1,NA
2,1938,3,1,NA
1,1957,5,2,NA
2,1964,5,2,210
1,1986,7,2,343
2,1955,4,2,27
2,1935,2,2,NA
1,1947,5,2,145
2,1950,5,2,NA
1,1954,4,3,NA
2,1960,4,3,50
1,1943,5,3,NA
2,1946,3,3,NA
1,1931,7,3,NA
2,1934,4,3,NA
2,1945,3,3,NA
1,1935,2,3,NA
2,1942,2,3,NA
2,1933,2,3,NA
2,1939,2,4,NA
2,1969,5,4,140
1,1994,6,4,260
1,2001,6,4,NA
2,1933,3,4,NA
1,1954,5,2,NA
2,1954,5,2,NA
2,1960,4,3,NA
2,1985,7,3,355
2,1986,7,3,355
2,1966,5,3,100
2,1994,7,1,NA
2,1939,2,3,30
2,1936,4,3,NA
1,1935,4,3,27
2,1946,3,3,NA
1,1943,4,6,NA
2,1943,2,6,NA
2,1978,7,6,575
1,1977,7,6,583
1,2009,3,6,NA
2,2014,3,6,NA
1,2017,1,6,NA
2,1972,5,2,217
2,1943,3,2,27
2,1933,2,1,NA
1,1939,3,1,20
2,1942,3,1,NA
1,1970,5,1,156
1,1957,4,1,NA
2,1961,4,1,105
2,1957,3,2,120
2,1991,6,2,150
1,1975,8,2,437
2,1978,6,2,333
1,2009,3,2,NA
1,2011,3,2,NA
1,1970,5,2,280
2,1991,5,2,283
2,2012,3,2,NA
1,1962,7,2,202
2,1967,7,2,150
1,1998,7,2,NA
2,2000,7,2,NA
2,1962,5,1,230
1,1942,4,4,NA
2,1944,3,4,27
1,1942,4,4,120
2,1946,3,4,NA
1,1950,5,4,NA
2,1955,3,4,150
1,1939,4,4,NA
2,1940,3,4,NA
2,1944,4,4,NA
1,1953,3,4,NA
2,1952,3,4,27
2,1993,6,4,427
2,1974,5,4,NA
1,1951,5,4,NA
2,1949,3,4,NA
2,1937,4,4,NA
1,1949,3,4,NA
2,1954,3,4,NA
2,1951,3,4,NA
2,1956,4,4,126
2,1980,5,4,NA
1,1972,7,4,NA
2,1972,7,4,350
1,2002,7,4,NA
1,2004,5,4,NA
1,1972,7,4,NA
2,1973,7,4,200
1,2001,5,4,NA
1,2004,5,4,NA
1,1975,7,4,NA
2,1979,6,4,NA
1,2008,4,4,NA
1,2012,3,4,NA
1,1937,4,4,NA
2,1939,4,4,NA
2,1938,2,4,NA
2,1959,3,4,150
2,1947,3,4,NA
2,1943,3,4,NA
1,1949,4,4,NA
2,1956,5,4,NA
2,1984,6,2,508
1,1978,7,2,525
1,1968,5,2,267
2,1999,5,2,200
1,1972,7,3,NA
2,1979,5,3,288
1,2005,5,3,NA
2,2008,4,3,NA
1,1950,4,3,NA
2,1955,4,3,NA
2,1940,2,3,NA
1,1961,3,3,NA
2,1994,7,3,193
2,1996,8,3,185
1,1958,5,4,140
2,1957,5,4,NA
1,1988,7,1,468
1,1946,7,2,NA
1,1991,6,2,483
1,1949,3,2,NA
2,1962,3,2,186
1,1953,5,2,NA
1,1967,5,2,NA
1,1998,6,2,NA
1,1962,5,2,84
2,1939,3,2,NA
2,1935,2,1,NA
2,1948,5,3,81
1,1956,3,1,72
1,1937,4,1,NA
2,1946,3,1,82
1,1974,7,1,712
2,1973,6,1,140
2,2001,6,1,NA
2,2005,5,1,NA
1,1951,3,2,NA
2,1956,3,2,NA
1,1984,7,2,320
1,1984,7,2,NA
2,1983,7,2,260
1,2016,1,2,NA
2,1939,3,4,NA
1,1941,3,4,NA
2,1944,3,4,NA
2,1946,5,5,NA
1,1937,5,4,NA
2,1944,5,4,NA
1,1946,5,4,NA
1,1938,3,4,27
2,1940,3,4,NA
2,1939,2,4,27
2,1951,4,4,NA
2,1959,4,4,NA
1,1941,6,2,NA
2,1949,5,2,98
1,1980,7,2,600
1,1981,6,4,450
2,1981,6,4,NA
1,2011,3,4,NA
1,2015,1,4,NA
1,1947,3,4,122
2,1952,2,4,NA
1,1942,4,4,NA
2,1949,4,4,NA
1,1972,7,4,316
1,1968,5,4,NA
2,1970,5,4,NA
2,1995,7,4,323
2,1947,3,4,NA
2,1947,2,5,NA
2,2006,4,5,NA
2,1933,2,5,NA
2,1940,2,5,NA
1,1932,3,5,NA
2,1932,3,5,NA
2,1967,5,1,NA
1,2005,5,1,NA
2,1937,3,5,27
1,1941,5,5,NA
2,1939,5,5,NA
1,1972,4,5,NA
2,1935,3,5,NA
2,1973,5,5,129
2,1943,4,1,NA
1,1951,7,1,NA
2,1940,2,1,92
2,1948,4,1,NA
2,1947,3,1,27
2,1942,5,4,NA
2,1944,5,4,NA
2,1953,2,4,NA
2,1945,3,4,NA
2,1953,3,4,170
1,1941,5,4,NA
2,1944,4,4,NA
1,1965,5,4,NA
1,1942,3,4,NA
1,1982,6,5,588
2,1983,6,5,NA
1,2011,3,5,NA
2,1940,3,5,27
2,1946,2,5,27
1,1959,5,5,250
2,1965,5,5,NA
2,1989,7,5,NA
2,1991,7,5,200
1,1953,5,5,NA
2,1955,5,5,130
2,1985,7,5,40
1,1984,7,5,NA
2,2014,3,5,NA
2,2017,1,5,NA
1,1977,7,5,671
2,1976,7,5,525
2,2005,5,5,NA
1,2011,3,5,NA
1,1951,5,5,130
2,1954,4,5,NA
1,1965,9,5,650
2,1968,7,5,NA
1,1956,5,5,NA
2,1960,5,5,120
1,1989,6,5,446
1,1957,6,5,NA
2,1959,5,5,NA
2,1938,3,5,NA
1,1945,4,2,210
2,1949,4,2,NA
1,1978,8,2,500
2,1980,7,2,667
1,2011,3,2,NA
2,2017,1,2,NA
1,1963,5,5,168
2,1979,7,5,NA
1,2002,6,5,NA
2,2005,5,5,NA
2,1945,3,5,NA
1,1944,2,5,NA
2,1952,2,5,NA
1,1970,5,2,520
2,1971,5,2,266
1,1997,7,2,210
2,1999,7,2,NA
1,2007,4,2,NA
2,2009,3,2,NA
2,1966,5,2,347
2,1939,3,2,NA
1,1973,7,2,NA
2,1976,7,2,583
1,2004,5,2,NA
1,2011,3,2,NA
1,1933,3,5,NA
2,1938,2,5,NA
1,1937,3,5,NA
2,1941,2,5,NA
2,1964,3,5,NA
1,1942,5,5,NA
2,1948,4,5,NA
2,1945,2,5,27
1,1944,5,7,NA
2,1940,4,7,NA
1,1935,4,7,NA
2,1934,3,7,NA
2,1951,3,1,NA
1,1980,5,1,NA
1,1963,3,1,NA
2,1940,5,1,NA
2,1963,7,1,NA
1,1970,7,1,380
2,1970,7,1,NA
1,1999,7,1,NA
1,2003,5,1,NA
2,1937,3,1,NA
2,1934,4,1,NA
2,1944,3,2,NA
1,1977,7,2,NA
2,1954,5,2,NA
2,1969,7,2,NA
2,2006,4,2,NA
2,2009,3,2,NA
1,1955,5,6,NA
2,1957,5,6,NA
1,1941,2,4,120
2,1946,3,4,NA
1,1963,5,4,NA
2,1967,5,4,NA
1,1996,7,4,NA
2,1998,7,4,NA
1,1956,3,4,110
2,1956,3,4,110
2,1946,4,4,NA
2,1953,4,4,NA
2,1936,3,4,NA
2,1956,3,4,NA
1,1944,4,4,NA
1,1962,7,4,700
2,1967,5,4,NA
2,2002,7,4,NA
2,2008,4,4,NA
2,1929,2,4,NA
1,1971,7,4,804
2,1973,6,4,119
1,1999,7,4,NA
1,2002,7,4,NA
2,1943,2,5,27
2,1946,3,5,NA
2,1961,3,5,NA
2,1982,7,5,NA
1,1984,7,5,308
1,1974,4,5,391
2,1974,5,5,101
2,2003,5,5,NA
1,2010,3,5,NA
1,1945,5,5,NA
2,1948,5,5,NA
1,1979,8,5,382
2,1979,7,5,NA
2,2006,4,5,NA
1,2008,4,5,NA
2,1948,4,5,NA
1,1976,7,5,578
2,1980,6,5,NA
2,2010,3,5,NA
1,1977,7,5,769
2,1977,6,5,NA
1,2007,4,5,NA
1,2010,3,5,NA
1,1952,5,5,NA
2,1952,3,5,NA
1,1964,4,5,236
1,1996,6,5,NA
2,1942,2,5,NA
2,1938,3,5,NA
1,1940,4,5,27
2,1977,7,5,NA
1,1975,6,5,NA
1,2014,3,5,NA
1,1959,5,5,235
2,1961,5,5,228
1,1988,7,5,472
1,1944,3,5,27
2,1950,3,5,NA
1,1970,5,5,NA
1,2004,5,5,NA
1,2006,4,5,NA
1,1953,3,5,NA
2,1958,3,5,NA
1,1971,5,5,NA
2,1985,4,5,NA
1,2008,4,5,NA
1,2014,3,5,NA
2,1955,3,7,50
1,1938,4,7,NA
2,1938,3,7,NA
1,1941,4,1,NA
2,1939,3,1,NA
1,1963,7,2,NA
2,1950,2,1,NA
1,1949,8,1,NA
2,1952,8,1,NA
1,1951,5,2,NA
1,1986,7,2,690
2,1984,7,2,NA
2,2020,1,2,NA
1,1976,8,2,833
2,1977,7,2,NA
1,2006,4,2,NA
1,2008,4,2,NA
1,1973,7,2,NA
2,1973,6,2,200
2,2009,3,2,NA
2,2011,3,2,NA
2,1947,3,2,NA
1,1975,7,2,1050
2,1979,5,2,NA
1,2009,3,2,NA
2,2011,3,2,NA
1,2015,1,2,NA
2,1941,4,2,NA
2,1969,9,2,782
1,1946,7,2,NA
2,1949,7,2,NA
1,1966,5,4,NA
2,1967,4,4,220
1,1994,4,4,NA
1,1949,3,4,142
2,1952,3,4,NA
1,1948,5,5,27
2,1948,5,5,NA
1,1961,3,5,NA
2,1939,3,4,27
2,1952,2,4,NA
1,1939,3,4,27
2,1941,3,4,NA
1,1975,5,4,375
2,1977,7,4,NA
2,2008,4,4,NA
2,1984,7,3,NA
1,1984,7,3,NA
1,2014,3,3,NA
1,2016,1,3,NA
2,1962,3,4,186
2,1990,5,1,272
2,1959,7,6,NA
1,1955,7,6,NA
1,1976,7,5,611
2,1980,7,5,NA
2,2009,3,5,NA
1,2011,3,5,NA
2,1967,5,5,211
2,1997,5,5,200
1,1936,4,5,NA
2,1940,3,5,NA
2,1959,2,5,NA
1,1968,5,5,NA
2,1941,2,5,NA
2,1947,4,5,27
1,1950,4,5,NA
2,1953,4,5,NA
2,1937,2,5,NA
2,1942,3,5,NA
1,1959,6,5,605
2,1961,6,5,NA
1,1949,4,5,NA
2,1951,3,5,27
1,1958,6,5,NA
2,1958,4,5,NA
2,1935,3,5,NA
2,1941,2,5,NA
1,1940,3,5,NA
2,1942,3,5,NA
2,1971,5,5,200
1,1941,4,7,NA
2,1943,3,7,NA
1,1943,2,5,NA
2,1943,2,5,NA
2,1947,2,5,NA
1,1942,3,5,NA
2,1939,2,5,NA
1,1957,3,7,NA
2,1934,2,7,NA
2,1933,3,6,NA
1,1955,3,6,NA
2,1957,3,6,NA
2,1947,2,6,NA
1,1930,3,6,NA
1,1944,3,6,NA
2,1949,3,6,NA
2,2002,7,6,NA
1,1945,3,6,NA
2,1955,3,6,NA
1,1931,3,5,NA
1,1943,7,6,NA
2,1947,4,6,NA
1,1953,3,6,NA
2,1952,3,6,NA
1,1965,3,6,328
2,1966,3,6,NA
1,1994,5,6,360
2,1993,5,6,212
2,1952,2,6,143
2,1940,3,6,27
2,1943,2,6,27
1,1941,4,6,NA
2,1940,3,6,NA
1,1939,3,6,27
2,1949,3,6,27
1,1967,5,6,NA
2,1971,5,6,NA
2,2001,7,6,NA
2,2003,5,6,NA
1,1964,7,6,NA
2,1968,7,6,238
2,2000,7,6,NA
2,1936,3,6,NA
2,1945,2,6,27
1,1943,5,6,NA
2,1945,4,6,NA
1,1937,7,6,NA
2,1941,3,6,27
1,1973,6,6,181
2,1940,2,6,NA
1,1944,5,5,NA
2,1952,4,5,NA
2,1944,3,5,27
1,1970,6,5,366
2,1950,2,5,115
1,1964,5,5,414
2,1965,5,5,NA
2,1994,6,2,236
2,1960,3,2,NA
2,1985,5,2,260
1,1944,3,2,27
2,1947,3,2,NA
1,1974,5,2,NA
2,1942,5,2,NA
2,1943,3,2,27
1,1975,7,2,573
2,1975,7,2,48
2,2003,5,2,NA
2,2008,4,2,NA
1,1952,7,1,NA
2,1957,5,1,NA
1,1959,5,1,NA
1,1974,6,2,498
2,1975,6,2,NA
1,1999,7,2,NA
2,2008,4,2,NA
2,1956,4,6,NA
2,1951,3,6,NA
2,1961,3,6,NA
2,1985,6,6,NA
1,1965,5,6,955
2,1963,5,6,30
1,1951,5,6,NA
1,1968,6,6,328
2,1975,5,6,NA
2,2009,3,6,NA
1,2010,3,6,NA
1,2012,3,6,NA
1,1943,3,6,NA
2,1948,3,6,NA
2,1936,3,6,27
1,1942,4,6,27
2,1949,3,6,27
1,1938,4,6,NA
2,1942,2,6,NA
2,1948,3,5,NA
1,1982,7,6,563
2,1982,6,6,NA
1,2016,1,6,NA
1,2019,1,6,NA
2,1947,4,4,NA
2,1933,3,6,NA
2,1937,2,6,27
1,1958,3,6,50
1,1943,5,6,NA
2,1945,5,6,NA
1,1950,3,6,NA
2,1956,3,6,NA
2,1956,3,6,NA
1,1944,3,6,NA
2,1949,3,6,NA
1,1937,5,6,NA
1,1943,5,6,27
2,1956,3,6,NA
2,1978,5,6,NA
1,1953,4,6,NA
2,1960,5,6,NA
1,1946,4,6,27
1,1932,2,6,27
2,1934,2,6,NA
1,1935,3,6,NA
2,1936,2,6,NA
1,1939,3,6,27
2,1941,2,6,NA
1,1974,7,6,NA
2,1978,6,6,213
2,2007,4,6,NA
2,2009,3,6,NA
1,1944,7,6,NA
1,1974,5,6,NA
2,1938,2,6,NA
1,1972,5,7,250
2,1978,5,7,200
2,2007,4,7,NA
2,2007,4,7,NA
2,1938,4,5,NA
2,1944,2,5,NA
1,1940,4,5,NA
1,1977,5,1,343
2,1961,5,2,NA
1,1947,5,2,NA
2,1950,5,2,NA
1,1953,5,2,NA
2,1966,5,2,NA
2,2002,5,2,NA
1,1938,3,2,NA
2,1934,2,2,NA
1,1947,5,2,NA
2,1957,5,2,NA
1,1947,5,1,NA
2,1951,5,1,NA
1,1978,7,1,466
2,1980,7,1,458
1,2017,1,1,NA
1,1958,5,1,200
2,1954,5,1,NA
2,1994,6,1,230
2,1962,3,4,NA
2,1990,5,4,130
2,1949,3,6,NA
1,1939,3,6,27
2,1942,2,6,NA
1,1973,5,6,790
2,1966,5,6,88
1,2004,5,6,NA
2,1939,3,6,NA
2,1959,5,5,120
2,1994,6,5,30
1,1996,5,5,244
1,1959,5,6,301
2,1955,4,6,NA
2,1930,2,6,NA
1,1974,5,5,384
2,1978,7,5,211
1,2004,5,5,NA
2,2007,4,5,NA
1,1947,3,6,NA
2,1946,3,6,NA
2,1960,4,6,NA
2,1939,2,6,NA
2,1931,3,6,NA
2,1940,2,6,NA
1,1952,2,6,NA
2,1957,4,6,NA
2,1983,7,6,140
1,1982,7,6,282
2,2014,3,6,NA
2,2016,1,6,NA
1,1949,3,6,132
2,1952,3,6,66
1,1976,5,6,444
2,1938,4,6,NA
1,1956,3,6,NA
2,1937,2,6,NA
1,1980,5,6,NA
2,1980,8,6,150
2,2013,3,6,NA
2,2016,1,6,NA
2,1930,2,6,NA
2,1943,3,6,NA
1,1939,3,5,NA
2,1960,3,5,40
1,1962,5,5,NA
2,1958,4,5,NA
2,1993,7,5,NA
2,1934,2,5,NA
1,1978,6,1,470
2,1978,6,1,NA
1,2010,3,1,NA
2,2013,3,1,NA
1,1966,5,2,340
2,1969,5,2,166
2,1996,7,2,380
1,1998,5,2,NA
2,1960,4,2,200
2,1993,6,2,190
2,1997,6,2,191
2,1958,3,2,40
1,1947,3,1,NA
2,1952,4,1,95
1,1963,7,6,NA
1,1950,4,5,NA
1,1956,3,1,NA
2,1956,4,1,86
1,1937,5,6,NA
2,1940,3,6,NA
1,1939,3,6,NA
2,1944,2,6,27
1,1972,5,6,NA
1,1955,8,6,NA
2,1961,5,6,100
2,1986,7,6,NA
1,1932,5,6,NA
2,1935,2,6,NA
1,1959,8,6,100
1,1935,2,6,NA
2,1934,2,6,NA
1,1942,5,6,NA
2,1945,3,6,40
1,1945,7,6,NA
2,1948,7,6,NA
1,1956,4,6,NA
1,1941,5,6,NA
2,1939,3,6,NA
1,1966,5,6,265
2,1962,7,6,NA
2,2003,5,6,NA
2,1947,2,6,27
2,1947,2,6,NA
1,1933,3,6,NA
2,1936,3,6,NA
2,1934,3,6,NA
1,1987,5,1,NA
1,1946,4,1,NA
2,1952,4,1,NA
2,1979,6,1,325
1,1945,7,1,NA
2,1950,4,1,232
1,1975,7,1,300
2,1976,8,1,NA
2,2010,3,1,NA
1,2013,3,1,NA
1,1967,5,1,NA
2,1970,5,1,225
2,2005,5,1,NA
2,2011,3,1,NA
2,1955,2,1,NA
1,1983,7,1,625
2,1987,6,1,120
2,2017,1,1,NA
1,1965,5,1,362
2,1968,5,1,NA
2,1997,5,1,200
2,1957,3,1,NA
1,1950,7,1,NA
2,1951,5,1,NA
1,1942,4,1,NA
2,1945,3,1,NA
2,1971,7,1,230
1,1964,5,1,NA
2,1965,4,1,250
1,1955,4,1,NA
2,1967,7,1,130
1,1938,3,1,27
2,1937,3,1,NA
1,1959,5,1,NA
2,1965,5,1,NA
1,1979,7,1,NA
2,1981,7,1,NA
2,2015,1,1,NA
2,2020,1,1,NA
2,1954,7,1,NA
1,1988,8,1,NA
1,1966,7,1,208
1,1931,5,1,NA
2,1939,4,1,NA
1,1937,3,1,NA
2,1942,2,1,NA
1,1944,3,1,NA
1,1991,6,1,324
2,1990,6,1,NA
2,2011,3,1,NA
2,2012,3,1,NA
1,1964,5,1,NA
2,1966,6,1,NA
1,1995,6,1,NA
1,1949,3,1,149
2,1953,4,1,71
1,1948,5,1,52
2,1947,4,1,NA
2,1940,3,1,27
2,1949,4,1,NA
1,1955,5,1,NA
2,1957,5,1,NA
2,1955,5,1,NA
2,1948,3,1,NA
1,1956,5,1,172
1,1984,6,1,200
1,1971,7,1,108
2,1978,8,1,417
1,1976,5,1,390
2,1978,6,1,170
1,2006,4,1,NA
2,2009,3,1,NA
1,2013,3,1,NA
1,1946,5,1,NA
2,1953,4,1,NA
1,1988,7,1,417
2,1988,7,1,0
1,2020,1,1,NA
2,1943,3,1,NA
2,1963,5,1,314
1,1995,5,1,212
1,1978,7,1,382
2,1979,7,1,NA
1,2010,3,1,NA
1,2014,3,1,NA
2,1960,5,1,NA
2,2008,4,1,NA
2,1958,5,1,NA
2,1956,3,1,20
1,1957,4,1,NA
2,1959,3,1,NA
1,1965,7,1,589
2,1969,5,1,202
2,1996,7,1,267
1,1949,5,1,NA
1,1945,4,1,NA
2,1949,4,1,NA
1,1981,5,1,NA
2,2015,1,1,NA
1,1967,4,1,NA
2,1983,5,1,NA
2,1951,5,1,27
1,1946,3,1,NA
2,1949,3,1,NA
1,1961,4,1,NA
2,1964,5,1,NA
1,1994,5,1,209
2,1991,5,1,NA
1,1959,7,1,NA
2,1958,7,1,178
1,1962,7,1,830
2,1964,5,1,NA
2,1994,7,1,440
1,1964,7,1,340
2,1970,5,1,108
1,1996,5,1,110
1,1956,7,1,NA
2,1956,5,1,NA
1,1981,7,1,295
2,1983,7,1,135
2,2020,1,1,NA
2,1938,3,1,NA
1,1984,9,1,520
2,1988,7,1,590
2,2018,1,1,NA
2,1969,7,1,350
1,1941,8,1,NA
2,1941,7,1,NA
1,1960,4,1,275
2,1961,4,1,25
1,1989,6,1,NA
1,1947,5,1,NA
2,1948,5,1,NA
1,1965,7,1,567
2,1968,7,1,NA
1,1997,7,1,NA
1,1982,7,1,417
1,1973,6,1,510
2,1978,5,1,NA
1,2003,5,1,NA
2,2006,4,1,NA
1,1959,5,1,NA
2,1965,5,1,200
1,1972,5,1,200
1,1948,5,1,NA
2,1944,5,1,NA
1,1946,5,1,NA
2,1953,4,1,NA
2,1956,3,1,NA
1,1946,5,1,230
2,1954,4,1,170
1,1952,5,1,200
2,1960,4,1,NA
1,1944,2,1,NA
2,1941,4,1,27
1,1977,7,1,NA
1,1949,3,1,NA
2,1955,3,1,NA
1,2005,5,1,NA
1,1953,5,1,128
2,1954,5,1,NA
2,1985,7,1,138
1,1938,5,1,NA
2,1945,4,1,NA
1,1981,6,1,711
2,1979,6,1,91
2,2012,3,1,NA
1,1945,3,1,190
1,1956,5,1,NA
2,1956,5,1,60
2,1966,5,1,NA
2,1988,7,1,NA
1,2002,5,1,133
2,1941,3,1,NA
1,1963,4,1,260
1,1952,3,1,NA
2,1948,4,1,NA
1,1970,5,1,184
1,1985,6,1,230
2,1994,5,1,NA
1,2017,1,1,NA
2,2019,1,1,NA
2,2020,1,1,NA
2,1941,3,1,27
1,1971,5,1,280
2,1985,3,1,239
1,2010,3,1,NA
1,2012,3,1,NA
2,1934,3,1,NA
1,1943,3,1,NA
2,1949,3,1,27
2,2001,5,1,240
1,1967,7,1,NA
1,1938,7,1,NA
2,1969,8,1,NA
2,2008,4,1,NA
2,2008,4,1,NA
2,1947,4,1,NA
1,1961,3,1,NA
2,1946,5,1,NA
1,1963,4,1,NA
2,1959,3,1,NA
1,1978,7,1,NA
2,1946,2,1,NA
1,1980,7,1,383
2,1981,7,1,0
2,2016,1,1,NA
1,2018,1,1,NA
1,1948,7,1,NA
2,1948,7,1,NA
1,1955,8,1,NA
2,1955,7,1,NA
1,1965,4,1,NA
1,1943,7,1,NA
2,1947,4,1,NA
1,1961,5,1,NA
2,1974,5,1,NA
1,2002,5,1,NA
1,2005,5,1,NA
2,1949,3,1,NA
2,1939,3,1,NA
1,1964,7,1,320
2,1969,5,1,139
2,1996,6,1,295
1,1998,7,1,NA
1,1960,7,1,NA
1,1986,6,1,250
1,1945,6,1,NA
2,1949,7,1,27
2,1955,3,1,NA
1,1947,3,1,NA
1,1979,6,1,NA
1,1954,3,1,NA
1,1993,6,1,NA
2,1938,2,1,27
1,1943,4,1,NA
2,1950,4,1,NA
2,1947,5,1,NA
1,1976,7,1,685
2,1975,8,1,594
2,2015,1,1,NA
1,1974,7,1,150
2,1971,4,1,NA
2,2012,3,1,NA
1,2014,3,1,NA
1,1942,5,1,NA
2,1944,3,1,NA
2,1941,3,1,27
1,1963,3,1,159
1,1954,3,1,NA
2,1957,3,1,NA
2,1934,3,1,NA
2,1942,5,1,NA
2,1949,3,1,NA
2,1956,6,1,NA
2,1985,9,1,170
2,1982,8,1,417
2,1949,5,1,NA
1,1977,7,1,NA
2,1957,3,1,NA
2,1982,6,1,400
1,1947,4,1,NA
2,1948,3,1,NA
1,1965,5,1,NA
2,1964,5,1,NA
2,1996,7,1,260
2,1932,5,2,NA
2,1933,3,2,NA
2,1943,2,2,NA
2,1946,3,2,NA
2,1943,4,2,NA
2,1948,3,2,NA
2,1944,4,2,NA
1,1996,7,6,700
1,1963,5,2,NA
2,1964,5,2,NA
1,1992,7,2,250
1,1994,7,2,300
1,1947,3,2,NA
2,1946,3,2,NA
2,1973,5,2,NA
2,1996,7,2,NA
1,1959,4,2,NA
2,1931,3,2,NA
1,1951,7,2,NA
2,1954,4,2,70
2,1958,5,2,242
2,1964,5,2,250
2,1990,7,2,180
2,1992,6,2,333
1,1967,5,2,NA
2,1971,5,2,NA
1,1969,5,2,NA
2,1970,5,2,220
1,1997,7,2,NA
1,1938,3,2,NA
2,1944,4,2,27
1,1974,5,2,250
2,1980,5,2,NA
1,2015,1,2,NA
2,1961,5,2,NA
1,1999,6,2,NA
1,1970,7,2,NA
2,1940,3,2,NA
2,1944,5,2,NA
1,1936,5,2,NA
2,1946,3,2,27
2,1949,3,2,NA
2,1954,4,2,NA
1,1961,5,2,NA
1,1950,4,2,27
1,1947,7,2,NA
2,1954,5,2,NA
1,1972,5,2,400
1,2011,3,2,NA
1,1957,4,2,NA
2,1962,4,2,232
1,1951,4,2,NA
2,1955,3,2,NA
1,1991,6,2,274
1,1976,5,2,194
2,1980,5,2,106
1,2006,4,2,NA
2,2009,3,2,NA
2,1942,5,2,NA
1,1992,7,2,417
2,1936,5,2,NA
1,1990,7,2,267
2,1991,7,2,NA
1,1961,4,2,NA
2,1962,5,2,NA
2,1991,6,2,NA
2,1973,5,2,NA
2,1996,5,2,183
2,1992,7,2,320
1,1954,3,2,NA
2,1962,3,2,NA
1,1976,7,2,667
2,1984,7,2,NA
2,2019,1,2,NA
1,1983,7,2,350
2,1983,5,2,200
2,2010,3,2,NA
2,2014,3,2,NA
1,1983,4,2,325
2,1983,6,2,NA
2,2007,4,2,NA
2,2010,3,2,NA
2,2014,3,2,NA
1,1972,5,2,320
2,1971,5,2,NA
2,1995,6,2,200
1,1983,5,2,300
2,1983,5,2,240
2,1964,5,2,NA
2,1956,3,2,NA
2,1943,3,2,27
1,1945,4,2,27
2,1952,3,2,NA
1,1977,5,2,460
1,1980,5,2,450
1,1942,5,2,27
2,1938,3,2,27
1,1956,4,2,NA
2,1955,4,2,NA
2,1991,4,2,NA
2,1955,3,2,NA
2,1935,2,2,27
1,1959,5,2,330
2,1960,4,2,NA
1,1981,5,2,380
2,1981,5,2,220
1,2018,1,2,NA
2,1959,3,2,NA
1,1983,7,2,180
1,1954,5,2,NA
2,1955,3,2,NA
2,1948,3,2,NA
1,1987,7,2,600
2,1987,7,2,NA
2,2013,3,2,NA
2,2015,1,2,NA
2,1955,3,2,80
1,1953,3,2,NA
2,1959,3,2,NA
1,1951,5,2,NA
2,1951,4,2,NA
1,1952,4,2,NA
2,1955,3,2,NA
2,1949,2,2,NA
1,1943,3,2,NA
1,1956,7,2,260
2,1957,5,2,167
2,1934,3,2,NA
1,1963,5,2,NA
2,1964,7,2,331
1,1958,4,2,NA
1,1931,3,2,NA
1,1931,3,2,NA
1,1953,3,2,NA
2,1955,3,2,168
2,1958,7,2,226
2,1940,3,2,NA
2,1956,4,2,NA
2,1945,5,2,27
2,1935,3,2,NA
1,1995,5,2,70
1,1973,7,2,873
2,1974,7,2,NA
1,2002,7,2,NA
1,2005,5,2,NA
1,1962,3,2,NA
1,1948,3,2,27
1,1975,5,2,300
2,1979,6,2,250
2,2005,5,2,NA
1,2007,4,2,NA
2,2011,3,2,NA
1,1954,4,2,NA
2,1956,4,2,NA
1,1956,4,2,100
1,1970,5,2,NA
1,1947,3,2,NA
1,1947,4,2,NA
2,1952,3,2,NA
1,1954,3,2,NA
2,1959,3,2,NA
1,1949,5,2,NA
1,1956,4,2,NA
2,1962,4,2,210
2,1945,4,2,90
1,1952,5,2,NA
2,1955,5,2,NA
1,1952,3,2,NA
2,1944,3,2,NA
2,1932,3,2,NA
1,1945,3,2,NA
2,1954,3,2,NA
1,1948,5,2,NA
2,1955,5,2,NA
1,1943,3,2,NA
2,1945,3,2,NA
1,1974,7,2,833
2,1949,3,2,NA
1,1947,3,2,NA
2,1948,3,2,NA
1,1963,4,2,298
1,1935,5,2,NA
2,1937,3,2,NA
1,1957,4,2,NA
2,1962,3,2,NA
1,1968,5,2,NA
2,1968,2,2,NA
2,1946,4,2,NA
2,1953,4,2,NA
1,1956,5,2,NA
1,1936,5,2,NA
2,1942,3,2,NA
1,1956,7,2,NA
2,1957,5,2,NA
1,1968,5,2,524
2,1972,7,2,39
2,1997,7,2,42
2,1999,7,2,42
1,1958,5,2,265
2,1962,5,2,NA
1,1984,5,2,250
2,1959,2,2,126
1,1937,3,2,NA
2,1945,2,2,NA
1,1968,7,2,667
2,1970,9,2,NA
1,2010,3,2,NA
2,2011,3,2,NA
1,1943,4,2,NA
2,1944,3,2,NA
1,1952,8,2,170
2,1950,7,2,NA
1,1960,4,2,268
2,1963,4,2,130
2,1934,4,2,25
1,1959,5,2,NA
2,1959,5,2,NA
1,1945,5,2,124
2,1953,3,2,NA
2,1941,3,2,NA
1,1942,3,2,25
2,1945,3,2,NA
1,1946,3,2,NA
2,1941,2,2,27
1,1961,6,2,NA
2,1970,5,2,164
1,1995,5,2,115
2,1947,3,2,NA
1,1964,4,2,NA
2,1966,5,2,NA
1,1949,8,2,23
2,1953,5,2,174
1,1949,5,2,230
2,1952,3,2,NA
1,1964,5,2,NA
2,1970,5,2,65
2,2008,4,2,NA
1,2012,3,2,NA
2,1947,5,2,NA
1,1953,3,2,NA
2,1947,3,2,NA
1,1945,5,2,NA
2,1944,3,2,27
1,1967,5,2,NA
2,1978,5,2,180
2,2004,5,2,NA
1,1989,7,2,NA
2,1987,7,2,340
1,1964,6,2,483
1,1997,7,2,243
2,1968,5,2,NA
2,1995,7,2,250
2,1962,4,2,NA
1,1995,5,2,NA
2,1953,3,2,NA
2,1942,3,2,27
1,1975,5,2,NA
1,1941,2,2,NA
1,1956,3,2,NA
1,1971,5,2,898
2,1976,5,2,240
2,2001,7,2,220
1,2004,5,2,NA
2,1945,3,2,NA
1,1991,5,2,350
2,1987,8,2,50
1,2018,1,2,NA
1,1984,8,2,383
2,1988,7,2,NA
2,2014,3,2,NA
2,2016,1,2,NA
1,2019,1,2,NA
1,1993,6,2,377
1,1946,5,2,NA
2,1953,5,2,NA
1,1964,7,2,NA
2,1970,5,2,NA
1,1994,7,2,NA
2,1996,7,2,267
2,1948,3,2,NA
2,1941,4,2,NA
2,1943,4,2,27
1,1954,5,2,NA
2,1957,5,2,NA
2,1945,4,2,27
1,1960,5,2,264
2,1964,4,2,NA
2,1960,5,2,40
2,1986,5,2,NA
2,1989,7,2,220
1,1968,5,2,NA
2,1967,5,2,NA
2,1992,7,2,230
1,1942,5,2,NA
1,1970,5,2,510
2,1972,5,2,300
1,2003,5,2,NA
2,2008,4,2,NA
1,1959,5,2,NA
2,1960,5,2,NA
1,1989,7,2,327
2,1994,7,2,NA
1,1953,7,2,220
2,1955,5,2,84
1,1961,7,2,250
2,1968,5,2,NA
1,1992,7,2,300
2,1971,5,2,165
1,2000,7,2,NA
2,1972,5,2,517
2,1999,5,2,180
1,1944,4,2,27
2,1947,3,2,NA
2,1950,3,2,NA
1,1942,7,2,12
2,1945,2,2,NA
1,1971,7,2,460
2,1975,7,2,180
2,2006,4,2,NA
1,2008,4,2,NA
2,1944,5,2,NA
2,1946,4,2,270
2,1946,7,2,NA
1,1959,3,2,NA
2,1984,5,2,110
1,2007,4,2,NA
2,2009,3,2,NA
1,2015,1,2,NA
2,2018,1,2,NA
2,1938,5,2,NA
1,1960,6,2,NA
2,1963,6,2,NA
1,1956,4,2,NA
2,1957,3,2,170
2,1939,3,2,27
1,1963,5,2,NA
1,1997,5,2,100
1,1999,5,2,NA
2,1935,3,2,NA
1,1973,5,2,NA
2,1938,3,2,NA
1,1961,5,2,NA
2,1963,5,2,NA
1,1989,6,2,235
2,1941,2,2,27
2,2005,5,2,NA
2,1943,3,2,27
2,1940,3,2,27
2,1936,3,2,NA
1,1954,5,2,198
2,1956,3,2,198
1,1979,7,2,343
2,1984,6,2,345
2,1935,3,2,NA
2,1941,7,2,NA
1,1965,7,2,258
1,1955,4,2,NA
2,1959,4,2,NA
1,1959,6,2,NA
2,1961,5,2,NA
2,2000,7,2,35
1,2004,5,2,NA
2,2006,5,2,NA
2,1948,4,2,NA
1,1962,5,2,NA
2,1961,5,2,458
1,1956,4,2,NA
2,1958,6,2,221
2,1931,2,2,NA
1,1952,4,2,NA
2,1958,3,2,286
1,1945,3,2,NA
2,1952,3,2,NA
1,1972,7,2,515
2,1974,8,2,188
2,2005,5,2,NA
1,2013,3,2,NA
1,1967,5,2,450
2,1968,5,2,120
2,1997,6,2,358
1,1958,7,2,200
2,1964,6,2,NA
2,1991,9,2,NA
1,1965,8,2,1393
2,1969,7,2,NA
1,1996,7,2,NA
2,1995,8,2,358
2,1945,3,2,NA
1,1962,5,2,209
2,1964,3,2,NA
2,1946,3,2,NA
1,1954,3,2,NA
2,1985,5,2,70
2,1951,4,2,NA
1,1937,3,2,NA
1,1938,3,2,27
2,1975,7,2,542
1,1990,7,2,380
2,1981,7,2,NA
2,1948,3,2,NA
1,1949,5,2,NA
2,1949,4,2,NA
2,1975,5,2,NA
1,1978,7,2,NA
1,1963,5,2,NA
2,1964,4,2,NA
2,1955,2,2,NA
1,1975,5,2,NA
2,1971,5,2,NA
1,2003,5,2,NA
1,1960,5,2,NA
2,1963,5,2,NA
2,1988,7,2,456
1,1957,6,2,313
2,1959,7,2,200
1,1965,7,2,593
2,1966,5,2,NA
1,1999,7,2,NA
1,1985,5,2,310
2,1985,5,2,NA
1,2017,1,2,NA
2,2020,1,2,NA
1,1971,5,2,250
2,1973,5,2,NA
1,1988,7,2,NA
2,1958,7,2,NA
2,1959,3,2,NA
2,1957,5,2,NA
2,1960,5,2,NA
1,1971,6,2,371
2,1975,5,2,NA
1,2006,4,2,NA
1,2009,3,2,NA
1,1941,7,2,NA
2,1945,5,2,NA
1,1983,8,2,885
2,1986,8,2,NA
1,1986,7,2,931
2,1987,7,2,NA
1,2021,1,2,NA
1,1929,7,2,NA
2,1944,4,2,NA
2,1948,4,2,NA
1,1957,5,2,246
2,1964,5,2,200
1,1952,4,2,NA
2,1956,3,2,100
1,1985,5,2,285
2,1958,3,2,NA
1,1953,5,2,NA
2,1959,4,2,NA
1,1942,4,2,NA
1,1982,5,2,360
2,1981,5,2,NA
1,2001,5,2,NA
2,2013,3,2,NA
1,1949,4,2,125
2,1978,5,2,200
2,2011,3,2,NA
2,1949,3,2,NA
1,1981,7,2,815
2,1981,7,2,NA
2,2015,1,2,NA
2,2019,1,2,NA
1,1977,5,2,610
2,1995,5,2,NA
1,2019,1,2,NA
2,1954,3,2,NA
1,1963,4,2,NA
2,1943,2,2,NA
2,1967,7,2,280
1,1947,7,2,NA
2,1950,7,2,NA
2,1941,2,2,27
2,1941,3,2,27
1,1948,3,2,NA
2,1952,3,2,NA
2,1957,7,2,NA
1,1964,7,2,500
2,1967,7,2,250
1,1997,7,2,NA
2,1999,7,2,NA
2,1960,5,2,210
1,1982,7,2,400
1,1983,6,2,385
2,1985,6,2,NA
2,2014,3,2,NA
1,2018,1,2,NA
2,1943,4,2,NA
1,1943,5,2,NA
2,1948,4,2,140
2,1983,8,2,NA
1,1988,5,2,NA
1,1959,5,2,NA
2,1959,4,2,NA
2,2002,6,2,NA
1,1955,5,2,NA
2,1959,5,2,247
2,1985,5,2,NA
1,1959,3,2,NA
2,1933,3,2,NA
1,1988,6,2,238
2,1946,2,2,NA
1,1985,5,2,333
2,1988,7,2,102
1,2021,1,2,NA
1,1964,5,2,NA
2,1964,5,2,150
1,1991,7,2,NA
1,1980,7,2,NA
2,1980,7,2,83
2,2011,3,2,NA
2,2011,3,2,NA
1,2014,3,2,NA
2,2018,1,2,NA
1,1970,7,2,NA
2,1970,5,2,250
1,1947,5,2,NA
2,1951,4,2,NA
2,1973,5,2,NA
2,2010,3,2,NA
1,1990,7,2,380
1,1991,7,2,363
1,1947,5,2,NA
2,1956,3,2,202
1,1963,4,2,334
1,1955,5,2,NA
2,1958,4,2,290
1,1973,7,2,NA
1,1947,4,2,NA
2,1953,4,2,64
1,1962,5,2,NA
2,1967,4,2,60
1,1995,5,2,NA
2,1940,7,2,27
2,1957,4,2,NA
2,1944,3,2,NA
2,1943,3,2,NA
2,1940,4,2,NA
1,1933,4,2,NA
1,1954,4,2,NA
2,1960,4,2,NA
1,1961,7,2,NA
1,1961,5,2,NA
2,1961,5,2,NA
2,1946,3,2,NA
1,1960,5,2,160
2,1964,5,2,NA
1,1960,5,2,NA
2,1957,5,2,NA
1,1954,5,2,85
2,1956,8,2,85
1,1956,5,2,NA
2,1958,5,2,NA
1,1976,7,2,NA
2,1980,6,2,NA
2,2008,4,2,NA
2,2008,4,2,NA
2,1943,4,2,27
1,1943,4,2,NA
1,1939,4,2,NA
2,1942,4,2,NA
1,1961,8,2,300
2,1962,8,2,280
1,1966,7,2,1200
2,1970,7,2,NA
1,1995,7,2,250
2,1947,5,2,120
1,1976,5,2,NA
1,1950,4,2,256
2,1953,3,2,NA
1,1943,4,2,NA
2,1945,3,2,NA
1,1997,5,2,286
2,1997,5,2,NA
2,2016,1,2,NA
1,2019,1,2,NA
1,1953,4,2,NA
1,1986,5,2,NA
2,1971,7,2,130
1,2003,5,2,NA
1,1943,8,2,NA
2,1942,7,2,NA
1,1945,5,2,53
2,1951,3,2,27
1,1949,7,2,NA
2,1953,5,2,NA
2,1936,2,2,27
2,1951,3,2,27
1,1942,2,2,5
2,1968,5,2,75
1,1957,5,2,NA
1,1941,3,2,NA
2,1945,3,2,NA
1,1970,5,2,NA
2,1941,2,2,27
1,1936,2,2,NA
1,1955,2,2,NA
2,1960,3,2,105
1,1985,7,2,NA
1,1987,7,2,360
1,1961,7,2,800
2,1964,7,2,250
1,1947,5,2,NA
2,1949,5,2,NA
1,1982,7,2,380
2,1982,7,2,NA
2,2008,4,2,NA
1,2010,3,2,NA
1,1975,6,2,411
2,1980,7,2,NA
2,2011,3,2,NA
1,1967,5,2,NA
2,1967,5,2,120
2,1936,3,2,NA
1,1955,7,2,NA
2,1968,5,2,50
1,1984,7,2,412
2,1963,4,2,NA
1,1950,4,2,NA
2,1952,3,2,NA
1,1976,6,2,299
2,1939,2,2,27
1,1932,2,2,NA
2,1998,6,2,NA
1,1944,3,2,NA
2,1943,2,2,27
1,1947,5,2,NA
2,1948,4,2,NA
1,1961,5,2,300
2,1967,5,2,NA
1,1984,7,2,583
2,1983,7,2,60
2,2014,3,2,NA
2,2017,1,2,NA
2,1953,5,2,NA
2,1981,7,2,NA
1,1981,7,2,417
1,2012,3,2,NA
2,1928,2,2,NA
1,1970,5,2,NA
2,1972,5,2,NA
2,1946,2,2,50
2,1973,6,2,160
2,1946,3,2,NA
1,1956,3,2,NA
2,1957,3,2,NA
1,1962,7,2,552
2,1963,6,2,NA
2,1992,8,2,120
1,1994,7,2,NA
1,1964,7,2,542
2,1963,6,2,NA
2,1992,7,2,NA
1,1973,6,3,410
2,1977,6,3,NA
2,2011,3,3,NA
1,2017,1,3,NA
2,1942,4,3,NA
1,1981,5,3,280
2,1985,5,3,198
1,1942,5,3,NA
2,1942,2,3,27
1,1951,3,3,27
2,1960,3,3,NA
1,1993,7,3,NA
1,1939,3,3,NA
2,1939,3,3,NA
2,1945,2,3,NA
1,1970,4,3,NA
1,1956,5,3,NA
1,1957,3,3,NA
2,1942,3,3,NA
1,1953,3,3,NA
2,1969,5,3,NA
2,1999,6,3,NA
1,1970,4,3,NA
2,1955,3,3,NA
1,1946,3,3,NA
2,1948,3,3,NA
1,1957,9,3,833
2,1962,9,3,500
1,1955,5,3,200
2,1959,5,3,160
2,1958,3,3,138
1,1980,7,3,NA
1,1949,3,3,NA
2,1955,3,3,55
1,1952,5,3,282
2,1954,3,3,NA
2,1935,4,3,NA
1,1952,5,3,NA
2,1953,4,3,NA
2,1938,3,3,NA
1,1937,8,3,NA
1,1967,7,3,NA
2,1969,7,3,NA
1,1999,5,3,153
1,2000,7,3,NA
1,1946,8,3,NA
1,1964,7,3,556
2,1969,5,3,NA
2,1999,7,3,NA
2,1942,3,3,NA
2,1946,3,3,NA
2,1951,3,3,NA
2,1944,2,3,NA
1,1969,5,3,NA
2,1935,2,3,NA
1,1951,4,3,NA
2,1954,4,3,NA
1,1947,3,3,27
2,1948,3,3,27
1,1968,5,3,210
1,1948,2,3,27
2,1957,3,3,NA
1,1940,3,3,27
2,1945,3,3,27
2,1944,4,3,27
2,1960,5,3,45
1,1958,5,3,NA
2,1961,5,3,400
1,1954,4,3,27
2,1960,4,3,NA
1,1944,4,3,NA
2,1949,4,3,NA
1,1949,2,3,NA
1,1985,7,3,410
2,1987,7,3,NA
2,2013,3,3,NA
2,2015,1,3,NA
1,2017,1,3,NA
2,1948,3,3,NA
2,1942,2,3,NA
2,1957,3,3,NA
2,1949,3,3,NA
1,1952,5,3,200
2,1957,5,3,NA
1,1981,5,3,263
2,1949,3,3,NA
2,1942,2,3,NA
1,1989,8,3,310
2,1979,8,3,NA
2,1955,6,3,NA
1,1960,5,3,480
2,1965,5,3,NA
2,1987,7,3,NA
2,1964,5,3,142
2,1949,3,3,NA
1,1994,7,3,NA
2,1989,5,3,314
2,2016,1,3,NA
2,1955,4,3,NA
1,1980,7,3,333
2,1940,3,3,NA
1,1948,4,3,127
2,1950,3,3,NA
1,1974,5,3,260
2,1964,8,3,667
1,1979,6,3,400
2,1979,6,3,NA
2,2014,3,3,NA
1,2015,1,3,NA
1,1959,4,3,NA
2,1964,3,3,172
2,1967,8,3,375
1,1955,7,3,1353
2,1970,5,3,NA
1,1962,7,3,NA
2,1962,5,3,NA
1,1978,6,3,301
1,1953,5,3,NA
2,1961,5,3,NA
1,1951,4,3,NA
2,1954,4,3,50
2,1955,3,3,NA
2,1969,4,3,NA
2,1940,2,3,NA
1,1983,7,3,302
2,1940,3,3,27
2,1969,6,3,589
2,1937,4,3,NA
1,1943,2,3,NA
2,1956,3,3,NA
1,1973,5,3,NA
2,1973,5,3,183
1,1998,7,3,NA
2,1952,4,3,27
1,1939,3,3,NA
1,1952,5,3,NA
2,1951,5,3,NA
1,1954,5,3,NA
2,1958,5,3,NA
1,1954,4,3,NA
2,1961,3,3,NA
1,1950,4,3,NA
2,1951,4,3,NA
1,1970,7,3,340
2,1972,7,3,167
2,1948,3,3,27
1,2006,4,3,NA
2,1961,5,3,215
2,1935,2,3,NA
1,2004,5,3,NA
1,1946,5,3,73
2,1949,5,3,NA
2,1943,3,3,NA
1,1946,3,3,NA
2,1946,3,3,NA
2,1960,3,3,91
1,1971,5,3,144
2,1975,5,3,NA
1,1999,7,3,NA
1,1983,6,3,NA
2,1983,6,3,143
2,2019,1,3,NA
1,1978,7,3,512
2,1979,7,3,386
1,2011,3,3,NA
1,2013,3,3,NA
1,1951,7,3,NA
1,1983,7,3,239
2,1984,7,3,60
1,2014,3,3,NA
2,2017,1,3,NA
1,1966,4,3,NA
2,1954,2,3,NA
1,1951,5,3,NA
1,1985,7,3,257
2,1989,7,3,307
2,2016,1,3,NA
1,1961,6,3,NA
1,1979,7,3,423
2,1979,6,3,146
1,2007,4,3,NA
2,2009,3,3,NA
1,1964,5,3,NA
2,1967,5,3,NA
1,1974,7,3,264
2,1980,7,3,200
1,2012,3,3,NA
1,2015,1,3,NA
2,1945,5,3,NA
1,1953,5,3,NA
2,1930,2,3,NA
1,1958,4,3,NA
1,1940,5,3,NA
2,1947,3,3,NA
2,1949,3,3,NA
1,1980,5,3,NA
2,1954,3,3,NA
2,1980,7,3,241
1,1942,2,3,NA
2,1946,2,3,NA
1,1990,5,3,324
2,1992,7,3,293
1,1939,5,3,74
2,1941,3,3,NA
1,1941,5,3,NA
2,1941,3,3,NA
1,1981,7,3,320
2,1984,7,3,450
2,2014,3,3,NA
2,2017,1,3,NA
1,1948,3,3,NA
2,1954,3,3,73
1,1957,5,3,NA
2,1959,5,3,60
1,1959,5,3,NA
2,1961,5,3,NA
1,1962,6,3,760
2,1964,5,3,90
1,1992,7,3,343
1,1954,5,3,198
2,1956,5,3,NA
2,1980,7,3,175
2,1986,7,3,163
1,2019,1,3,NA
2,1981,5,3,NA
1,1973,5,3,NA
2,1977,4,3,NA
1,2001,7,3,NA
1,1974,7,3,675
2,1974,7,3,NA
1,2003,5,3,NA
1,2005,5,3,NA
2,1957,5,3,NA
1,1979,7,3,500
2,1983,7,3,583
2,2013,3,3,NA
2,2014,3,3,NA
2,2014,3,3,NA
2,1968,6,3,NA
2,1991,6,3,NA
1,1943,5,3,NA
2,1947,4,3,90
1,1947,5,3,220
2,1951,4,3,NA
1,1969,8,3,333
2,1969,7,3,508
1,1998,7,3,NA
1,2000,7,3,NA
1,1964,5,3,833
2,1966,5,3,NA
1,1976,5,3,392
2,1977,5,3,218
2,2006,4,3,NA
1,2010,3,3,NA
1,1950,5,3,NA
2,1965,4,3,NA
1,1984,8,3,225
2,1990,7,3,NA
2,2016,1,3,NA
1,2020,1,3,NA
1,1986,8,3,253
2,1986,8,3,NA
1,2017,1,3,NA
1,2020,1,3,NA
1,1953,7,3,NA
1,1974,6,3,430
2,1975,5,3,NA
2,2008,4,3,NA
1,2011,3,3,NA
2,1940,3,3,NA
2,1941,3,3,NA
2,1948,3,3,27
2,1976,5,3,266
2,1938,3,3,NA
2,1962,4,3,NA
1,1964,7,3,NA
2,1970,5,3,NA
1,1981,7,3,360
2,1982,7,3,333
2,2016,1,3,NA
2,2019,1,3,NA
1,1942,5,3,NA
2,1949,4,3,NA
2,1960,5,3,126
1,1949,5,3,NA
2,1982,7,3,210
2,2004,5,3,NA
1,1974,7,3,333
2,1977,7,3,266
2,2013,3,3,NA
1,2014,3,3,NA
2,1952,4,3,NA
2,1944,3,3,27
1,1991,7,3,598
2,1957,3,3,119
1,1953,3,3,NA
2,1941,3,3,27
2,1948,3,3,27
2,1979,4,3,NA
1,2012,3,3,NA
2,1964,6,3,233
1,1987,6,3,302
1,1957,4,3,NA
2,1971,4,3,NA
1,1996,7,3,NA
1,1969,5,3,362
2,1979,5,3,NA
1,2017,1,3,NA
1,1955,4,3,NA
2,1958,4,3,128
1,1980,8,3,405
2,1987,7,3,NA
1,2015,1,3,NA
2,2018,1,3,NA
2,1970,5,3,303
1,1998,5,3,352
1,1971,5,3,440
2,1971,5,3,NA
1,2008,4,3,NA
2,2012,3,3,NA
1,1973,6,3,300
2,1974,7,3,202
1,2005,5,3,NA
1,1947,4,3,27
2,1949,3,3,NA
1,1968,7,3,679
2,1968,7,3,NA
2,1998,7,3,NA
1,1958,7,3,455
2,1959,5,3,NA
2,1952,4,3,74
2,1944,5,3,27
1,1954,5,3,NA
2,1959,4,3,30
1,1979,7,3,500
2,1980,7,3,NA
1,2015,1,3,NA
2,2018,1,3,NA
1,1943,5,3,27
2,1933,2,3,NA
1,1948,4,3,NA
2,1954,4,3,NA
1,1957,3,3,NA
2,1961,3,3,NA
1,1980,5,3,NA
2,1943,2,3,27
1,1988,7,3,400
2,1987,7,3,NA
1,2016,1,3,NA
2,2018,1,3,NA
2,1950,3,3,NA
1,1939,4,3,NA
2,1942,2,3,NA
1,1951,7,3,NA
2,1951,5,3,NA
1,1937,4,3,NA
2,1938,2,3,NA
1,1938,3,3,NA
2,1938,2,3,NA
2,1944,2,3,NA
1,1967,5,3,NA
1,1941,4,3,NA
2,1945,3,3,NA
1,1949,3,3,NA
2,1957,4,3,NA
1,1950,4,3,NA
2,1954,5,3,27
2,1965,5,3,125
1,1969,5,3,NA
2,1971,5,3,167
1,2004,5,3,NA
2,1942,4,3,NA
2,1949,4,3,NA
2,1961,5,3,200
1,1980,7,3,369
2,1982,7,3,NA
1,2015,1,3,NA
2,2016,1,3,NA
1,1942,2,3,NA
2,1953,3,3,30
1,1949,4,3,NA
2,1949,3,3,NA
1,1944,7,3,NA
1,1957,3,3,NA
2,1952,3,3,NA
1,1952,4,3,NA
2,1952,3,3,NA
1,1944,3,3,NA
2,1948,3,3,NA
1,1942,4,3,NA
2,1945,3,3,NA
1,1947,5,3,NA
2,1950,4,3,NA
1,1947,3,3,36
2,1946,3,3,NA
2,1944,2,3,27
1,1963,6,3,NA
2,1965,6,3,NA
1,1947,3,3,NA
2,1948,3,3,30
1,1959,6,3,190
2,1963,7,3,NA
1,1990,7,3,480
1,1970,7,3,588
2,1973,7,3,NA
2,1999,7,3,NA
1,2001,5,3,NA
1,1963,5,3,NA
2,1971,5,3,NA
1,1956,6,3,NA
2,1959,5,3,NA
2,1947,4,3,60
2,1935,2,3,NA
1,1954,5,3,80
2,1955,4,3,NA
1,1944,2,3,NA
1,1952,4,3,NA
2,1962,3,3,135
1,1975,5,3,221
2,1977,5,3,NA
1,2004,5,3,NA
1,2005,5,3,NA
2,1944,2,3,27
2,1942,3,3,27
2,1952,3,3,NA
2,1945,3,3,27
2,1945,2,3,27
1,1945,3,3,27
2,1950,3,3,NA
1,1983,5,3,210
1,2007,4,3,NA
1,2012,3,3,NA
2,1960,3,3,NA
2,1950,3,3,NA
2,1936,2,3,NA
1,1954,4,3,NA
2,1947,3,3,NA
2,1940,3,3,40
2,1960,5,3,NA
1,1959,5,3,760
2,1963,6,3,190
2,1944,3,3,NA
2,1944,3,3,NA
1,1958,5,3,280
2,1961,4,3,NA
1,1956,5,3,210
2,1956,5,3,NA
2,1984,5,3,310
2,1994,5,3,180
1,1975,5,3,NA
2,1977,7,3,NA
1,2004,5,3,NA
2,2007,4,3,NA
1,1942,4,3,NA
2,1951,4,3,NA
2,1955,3,3,NA
2,1941,3,3,27
1,1942,2,3,NA
2,1944,2,3,NA
1,1944,4,3,NA
2,1960,2,3,NA
1,1959,5,3,235
2,1959,6,3,32
1,1987,6,3,NA
1,1948,4,3,NA
1,1984,7,3,337
2,1988,7,3,NA
2,1950,4,3,30
1,1951,7,3,NA
2,1952,5,3,NA
2,1958,4,3,NA
1,1939,5,3,NA
2,1945,3,3,NA
1,1957,3,3,NA
2,1961,3,3,NA
1,1987,7,3,255
2,1938,2,3,NA
2,1953,3,3,NA
1,1968,7,3,NA
2,1970,7,3,NA
1,1996,7,3,NA
2,2007,4,3,NA
1,1931,5,3,NA
2,1938,3,3,NA
1,1984,5,3,260
2,1939,3,3,NA
1,1959,5,3,NA
2,1942,3,3,NA
1,1944,4,3,NA
2,1947,4,3,NA
1,1988,7,3,568
2,1989,7,3,NA
2,2016,1,3,NA
1,1976,5,3,380
2,1980,5,3,NA
1,2003,5,3,NA
1,1986,5,3,543
2,1987,5,3,NA
2,2016,1,3,NA
1,1978,7,3,333
2,1980,7,3,NA
1,2015,1,3,NA
2,2018,1,3,NA
1,1979,7,3,552
2,1983,6,3,200
1,2016,1,3,NA
1,2018,1,3,NA
1,1987,7,3,527
2,1986,7,3,NA
1,2017,1,3,NA
1,1989,5,3,476
1,1955,8,3,174
2,1959,5,3,NA
1,1960,8,3,NA
2,1961,7,3,NA
1,1968,7,3,407
2,1971,7,3,210
1,1948,3,3,NA
2,1953,3,3,NA
2,1956,4,3,182
2,2002,7,3,82
1,1976,7,3,294
1,1959,4,3,NA
2,1947,4,3,NA
1,1954,5,3,34
2,1930,3,3,NA
1,1963,2,3,NA
2,1957,3,3,214
2,1940,3,3,NA
1,1995,5,3,263
2,1994,5,3,40
1,2018,1,3,NA
2,2018,1,3,NA
1,2019,1,3,NA
2,1941,3,3,NA
2,1962,5,3,NA
2,1990,7,3,250
2,1951,3,3,NA
1,1942,4,3,NA
2,1939,3,3,NA
2,1945,3,3,NA
1,1991,5,3,383
2,1990,5,3,NA
1,2019,1,3,NA
1,1962,5,3,475
2,1965,5,3,NA
1,1990,5,3,281
2,1945,3,3,NA
1,1966,5,3,NA
2,1959,5,3,80
1,1990,8,3,NA
1,1967,7,3,126
2,1939,2,3,NA
1,1950,2,3,NA
2,1957,3,3,NA
1,1971,7,3,332
2,1973,6,3,268
2,2004,5,3,NA
1,2009,3,3,NA
2,1960,4,3,NA
1,1977,7,3,208
1,1965,5,3,260
2,1970,5,3,260
1,2000,7,3,NA
1,1998,6,3,210
2,1949,3,3,27
1,1955,5,3,NA
2,1955,5,3,NA
2,1933,3,3,NA
1,1970,6,3,516
2,1969,5,3,517
1,2007,4,3,NA
1,1951,3,3,130
2,1955,4,3,NA
1,1963,6,3,420
2,1972,5,3,342
2,1990,7,3,NA
1,1974,6,3,NA
2,1974,7,3,391
2,2003,5,3,NA
1,1948,8,3,NA
2,1948,5,3,NA
2,1954,2,3,27
1,1978,7,3,NA
1,1951,3,3,NA
2,1955,3,3,NA
1,1975,6,3,NA
2,1974,6,3,NA
1,2016,1,3,NA
2,2018,1,3,NA
2,1964,5,3,83
1,1959,7,3,NA
2,1987,7,3,233
1,1965,5,3,NA
2,1971,6,3,240
1,1999,6,3,NA
2,1944,3,3,27
1,1943,4,3,NA
2,1947,3,3,NA
1,1947,3,3,NA
2,1953,3,3,NA
1,1983,6,3,400
2,1947,3,3,NA
2,1947,3,3,NA
1,1982,6,3,465
2,1983,6,3,NA
1,2017,1,3,NA
2,2019,1,3,NA
2,1955,3,3,NA
1,1959,5,3,NA
2,1964,5,3,319
2,1950,3,3,NA
1,2009,3,3,NA
2,2010,3,3,NA
1,1940,5,3,NA
2,1960,3,3,NA
1,1997,7,3,NA
1,1957,3,3,574
2,1955,5,3,NA
1,1953,5,3,175
1,1956,6,3,NA
2,1955,5,3,NA
1,1944,5,3,NA
2,1962,6,3,NA
1,1945,4,3,27
2,1943,4,3,NA
1,1953,5,3,NA
2,1955,4,3,NA
1,1941,3,3,NA
2,1941,3,3,NA
1,1968,7,3,NA
2,1971,7,3,197
2,2004,3,3,NA
1,1953,3,3,NA
2,1957,3,3,NA
2,1945,2,3,NA
1,1941,3,3,NA
2,1947,3,3,NA
2,1944,2,3,NA
2,1945,3,3,30
1,1933,3,3,NA
2,1942,2,3,NA
1,1942,3,3,NA
2,1949,3,3,NA
2,1938,2,3,NA
2,1935,2,3,NA
2,1935,2,3,27
1,1941,5,3,NA
2,1943,3,3,NA
1,1945,5,3,NA
2,1944,3,3,NA
2,1945,3,3,NA
2,1945,3,3,NA
2,1941,3,3,30
2,1950,2,3,NA
1,1937,2,3,NA
2,1941,3,3,NA
2,1938,2,3,NA
2,1939,3,3,NA
1,1942,5,3,NA
2,1942,4,3,NA
2,1947,4,3,NA
2,1952,3,3,NA
1,1953,5,3,NA
2,1960,5,3,200
2,1996,5,3,NA
1,1983,5,3,500
1,1949,4,3,NA
2,1953,3,3,130
2,1942,3,3,NA
1,1947,7,3,NA
2,1951,5,3,39
2,1953,3,3,NA
2,1980,7,3,NA
1,2014,3,3,NA
1,1957,5,3,NA
2,1960,4,3,NA
2,1984,7,3,229
1,1990,8,3,364
2,1977,9,3,333
1,2017,1,3,NA
1,1975,6,3,NA
2,1979,6,3,NA
1,2010,3,3,NA
1,2013,3,3,NA
2,2017,1,3,NA
1,1981,7,3,597
2,1982,7,3,NA
1,2013,3,3,NA
1,2018,1,3,NA
1,1969,5,4,311
2,1943,3,4,NA
2,1939,3,4,NA
2,1942,3,4,NA
1,1937,4,4,NA
2,1940,3,4,NA
1,1951,7,4,NA
2,1952,5,4,NA
2,1943,4,4,NA
1,1974,5,4,NA
1,1942,5,4,NA
2,1948,4,4,NA
2,1972,7,4,200
1,1956,4,4,NA
2,1961,4,4,180
1,1973,6,4,NA
2,1973,6,4,189
2,2001,7,4,194
2,1945,3,4,27
1,1955,5,4,NA
2,1956,5,4,NA
1,1972,5,4,NA
2,1941,3,4,NA
1,1972,6,4,750
2,1975,5,4,NA
2,2003,5,4,NA
1,2006,4,4,NA
1,2006,4,4,NA
1,1955,7,4,190
2,1955,5,4,NA
1,1984,7,4,NA
2,1957,3,4,NA
1,1936,4,4,NA
2,1947,3,4,NA
2,1944,3,4,NA
2,1938,2,4,NA
1,1964,7,4,195
2,1971,6,4,NA
1,1985,7,4,312
2,1946,3,4,27
1,1956,3,4,NA
2,1957,4,4,NA
2,1949,5,4,NA
1,1982,7,4,NA
1,1956,5,4,NA
1,1968,3,4,NA
2,1974,5,4,NA
2,2003,5,4,NA
1,1939,7,4,NA
2,1941,4,4,NA
2,1945,3,4,NA
2,1942,4,4,NA
2,1938,3,4,NA
1,1942,3,4,NA
1,1940,3,4,NA
2,1945,3,4,NA
2,1935,5,4,NA
1,1933,5,4,NA
2,1941,5,4,NA
1,1960,7,4,272
2,1961,5,4,192
2,1990,7,4,327
1,1995,7,4,NA
1,1953,5,4,NA
2,1955,5,4,NA
1,1957,5,4,NA
2,1962,5,4,NA
1,1970,5,4,515
2,1970,6,4,NA
1,1996,7,4,NA
1,2000,7,4,NA
2,1950,4,4,NA
2,1925,2,4,NA
1,1958,4,4,NA
2,1965,7,4,NA
1,2001,7,4,NA
1,1948,4,4,NA
2,1940,5,4,NA
2,1941,3,4,NA
2,1938,4,4,27
1,1953,4,4,93
2,1955,4,4,NA
1,1964,7,4,NA
2,1962,5,4,NA
1,1984,6,4,NA
2,1984,7,4,NA
1,2019,1,4,NA
2,2021,1,4,NA
1,1937,5,4,NA
2,1941,3,4,NA
1,1965,7,4,514
2,1969,7,4,673
2,2000,5,4,NA
1,2003,5,4,NA
1,1941,3,4,NA
2,1941,3,4,NA
1,1955,4,4,NA
2,1957,3,4,NA
2,1944,2,4,27
1,1963,7,4,458
2,1963,7,4,NA
2,1998,7,4,NA
1,1955,3,4,NA
1,1985,5,4,243
2,1983,7,4,0
2,2020,1,4,NA
2,1944,5,4,27
2,1951,7,4,NA
1,1945,3,4,NA
2,1949,4,4,NA
2,1948,2,4,NA
2,1951,3,4,27
2,1948,3,4,NA
2,1964,5,4,198
1,1944,4,4,NA
2,1967,7,4,NA
2,1957,3,4,NA
2,1939,2,4,NA
2,1936,2,4,NA
2,1945,2,4,NA
1,1940,5,4,NA
1,1983,7,4,NA
2,1988,7,4,NA
1,2017,1,4,NA
1,1973,5,4,500
2,1976,6,4,98
2,2009,3,4,NA
1,2014,3,4,NA
2,1952,2,4,NA
2,1970,5,4,108
2,1950,3,4,NA
2,1942,3,4,NA
2,1953,3,4,120
2,1943,3,4,NA
1,1972,7,4,427
1,2004,5,4,NA
2,1971,4,4,NA
1,1950,3,4,NA
2,1957,3,4,100
1,1978,7,4,NA
1,1981,7,4,NA
2,1965,5,4,236
2,1941,2,4,NA
1,1941,4,4,NA
2,1941,4,4,NA
2,1963,5,4,173
1,1957,7,4,232
2,1959,7,4,48
1,1974,5,4,279
2,1978,7,4,110
2,2020,1,4,NA
1,1954,5,4,NA
2,1962,5,4,130
2,1937,3,4,NA
2,1940,3,4,NA
1,1960,4,4,NA
1,1981,7,4,NA
2,1977,5,4,NA
2,2017,1,4,NA
2,1936,3,4,27
2,1939,3,4,27
2,1939,3,4,27
2,1937,2,4,NA
2,1938,2,4,NA
2,1943,2,4,NA
1,1942,3,4,NA
2,1940,2,4,NA
2,1939,2,4,27
1,1940,5,4,NA
2,1943,5,4,NA
1,1940,2,4,NA
2,1944,4,4,NA
2,1934,2,4,NA
1,1939,3,4,NA
2,1941,3,4,NA
1,1951,4,4,NA
2,1955,4,4,92
2,1938,2,4,27
1,1974,6,4,300
2,1948,3,4,27
1,1955,5,4,NA
2,1959,5,4,NA
2,1989,6,4,220
1,1949,5,4,20
2,1954,4,4,27
1,1968,5,4,803
2,1971,5,4,NA
2,1995,5,4,NA
2,2000,7,4,NA
2,2005,5,4,NA
2,2005,5,4,NA
1,1954,5,4,NA
2,1956,5,4,NA
1,1944,7,4,NA
2,1948,7,4,NA
1,1953,8,4,NA
2,1958,5,4,NA
1,1961,5,4,541
2,1963,5,4,NA
1,1992,7,4,292
1,1961,5,4,458
2,1960,5,4,108
1,1980,7,4,500
2,1981,7,4,400
2,2015,1,4,NA
1,1965,5,4,NA
2,1964,5,4,150
2,1985,5,4,150
1,2016,1,4,NA
2,1934,2,4,NA
1,1981,5,4,485
2,1981,6,4,57
2,2010,3,4,NA
1,2011,3,4,NA
1,1955,5,4,NA
2,1960,4,4,NA
1,1963,5,4,677
2,1965,4,4,NA
1,1967,5,4,NA
2,1992,7,4,260
1,1960,5,4,NA
2,1965,5,4,NA
1,1978,8,4,210
2,1984,7,4,130
1,2013,3,4,NA
1,2016,1,4,NA
1,1959,5,4,NA
2,1961,5,4,NA
1,1959,5,4,260
2,1965,5,4,NA
1,1954,5,4,NA
2,1958,5,4,NA
1,1957,5,4,NA
1,1947,5,4,NA
2,1947,3,4,NA
1,1955,5,4,170
2,1966,5,4,220
1,1983,5,4,NA
1,1989,7,4,505
1,1958,5,4,NA
2,1958,5,4,NA
1,1954,5,4,NA
2,1952,5,4,NA
1,1951,3,4,NA
2,1956,3,4,NA
2,1933,3,4,NA
1,1936,3,4,NA
2,1936,3,4,NA
2,1947,3,4,NA
1,1932,3,4,NA
1,1946,3,4,NA
2,1945,3,4,NA
1,1947,3,4,NA
2,1950,3,4,NA
1,1938,5,4,NA
2,1941,3,4,NA
1,1970,4,4,186
2,1946,4,4,NA
1,1941,4,4,27
2,1947,3,4,27
1,1944,3,4,NA
2,1949,3,4,NA
1,1962,6,4,272
2,1971,5,4,73
1,1951,4,4,NA
1,1962,5,4,236
2,1967,5,4,77
2,1994,7,4,243
2,1941,3,4,27
1,1966,5,4,NA
2,1967,5,4,NA
1,1957,5,4,292
2,1958,4,4,NA
1,1936,5,4,NA
2,1939,3,4,NA
2,1968,7,4,237
1,1961,4,4,NA
1,1972,5,4,464
2,1974,5,4,NA
1,2015,1,4,NA
1,1960,6,4,370
2,1969,6,4,214
1,1993,7,4,NA
1,1996,7,4,NA
1,1968,5,4,NA
2,1971,7,4,392
1,1997,6,4,NA
2,1999,8,4,NA
1,2009,3,4,NA
1,1956,3,4,NA
1,1987,7,4,NA
2,1992,7,4,210
1,2016,1,4,NA
2,1947,3,4,NA
1,1962,5,4,244
2,1965,5,4,85
2,1939,3,4,NA
1,1935,2,4,NA
1,1967,2,4,NA
1,1947,5,4,95
2,1906,2,4,NA
1,1954,4,4,NA
2,1958,4,4,32
1,1964,5,4,NA
2,1969,7,4,200
2,1969,5,4,NA
1,1964,5,4,NA
2,1968,5,4,NA
1,1979,5,4,345
2,1978,6,4,NA
1,2013,3,4,NA
1,1956,7,4,612
2,1961,7,4,298
2,1969,7,4,NA
2,1957,5,4,70
2,1933,2,4,NA
1,1989,5,4,335
2,1961,4,4,NA
1,1971,7,4,NA
1,1972,7,4,125
1,1990,5,4,NA
1,1994,7,4,290
2,1996,5,4,290
1,1942,3,4,NA
2,1948,3,4,NA
1,1941,3,4,NA
2,1948,3,4,NA
2,1958,4,4,NA
2,1982,7,4,NA
2,1934,3,4,NA
1,1959,5,4,NA
2,1962,4,4,533
1,2004,5,4,NA
1,1969,5,4,NA
2,1969,5,4,NA
1,1958,4,4,NA
2,1963,4,4,NA
2,1956,3,4,NA
1,1962,6,4,286
2,1962,3,4,211
2,2000,5,4,NA
1,1952,7,4,NA
1,1941,2,4,NA
2,1950,3,4,27
1,1951,5,4,NA
2,1957,4,4,NA
1,1947,3,4,NA
2,1950,3,4,NA
1,1962,5,4,414
2,1962,5,4,65
1,1949,3,4,NA
2,1949,4,4,NA
1,1974,7,4,NA
2,1941,3,4,NA
1,1939,3,4,NA
2,1942,3,4,NA
1,1932,2,4,NA
2,1936,2,4,NA
1,1952,3,4,NA
2,1957,3,4,NA
1,1983,7,4,NA
2,1960,4,4,192
1,1944,3,4,NA
2,1946,3,4,NA
1,1971,7,4,NA
1,1952,5,4,NA
2,1954,5,4,NA
1,1939,4,4,NA
2,1941,3,4,NA
1,1953,5,4,NA
2,1959,3,4,NA
1,1960,3,4,NA
2,1958,3,4,208
2,1953,4,4,NA
1,1950,5,4,NA
2,1957,4,4,168
2,1977,6,4,NA
1,1944,3,4,NA
2,1954,3,4,NA
1,1976,7,4,447
2,1979,6,4,NA
1,1988,7,4,292
1,1954,3,4,NA
2,1967,3,4,213
1,1950,4,4,NA
2,1953,5,4,27
1,1987,7,4,340
2,1987,7,4,70
1,2017,1,4,NA
2,2019,1,4,NA
1,1959,9,4,90
2,1964,7,4,NA
1,1999,7,4,NA
1,1944,5,4,27
2,1955,7,4,NA
2,1942,3,4,NA
2,1939,3,4,27
1,1943,5,4,NA
2,1944,3,4,NA
2,1944,3,4,27
2,1947,3,4,27
1,1935,3,4,NA
2,1940,3,4,NA
1,1972,5,4,NA
1,1950,3,4,NA
2,1957,3,4,NA
2,1942,3,4,NA
1,1940,5,4,NA
2,1947,3,4,NA
1,1974,6,4,NA
1,1948,3,4,NA
2,1949,4,4,NA
2,1948,3,4,NA
1,1946,3,4,NA
2,1950,3,4,NA
1,1958,5,4,NA
2,1964,5,4,NA
1,1957,6,4,180
2,1959,5,4,NA
2,1941,2,4,NA
2,1937,2,4,NA
1,1957,4,4,NA
2,1961,3,4,NA
1,1985,7,4,250
2,1995,5,4,NA
1,2018,1,4,NA
2,2020,1,4,NA
2,1939,2,4,NA
2,1936,3,4,NA
2,1947,3,4,NA
1,1937,3,4,NA
2,1942,3,4,NA
1,1970,5,4,NA
2,1941,3,4,NA
1,1960,7,4,NA
2,1966,5,4,218
1,1956,5,4,NA
2,1955,4,4,85
2,1981,6,4,NA
1,1941,3,4,27
2,1944,3,4,NA
1,1945,3,4,NA
2,1952,3,4,NA
1,1984,6,4,234
1,2013,3,4,NA
1,1981,6,4,535
2,1984,6,4,NA
1,2010,3,4,NA
2,2012,3,4,NA
1,1981,5,4,252
2,1998,5,4,216
1,1981,5,4,NA
2,1952,3,4,27
1,1969,5,4,NA
2,1987,4,4,NA
1,2008,4,4,NA
2,2010,3,4,NA
2,2011,3,4,NA
1,1946,4,4,NA
2,1950,3,4,NA
1,1955,7,4,NA
1,1939,3,4,NA
2,1943,3,4,NA
1,1961,4,4,NA
1,1935,3,4,NA
2,1939,3,4,NA
1,1943,3,4,NA
2,1948,3,4,27
1,1948,5,4,NA
2,1959,3,4,NA
1,1953,3,4,NA
1,1951,4,4,NA
2,1961,4,4,200
1,1960,3,4,NA
2,1966,4,4,NA
2,1949,3,4,NA
1,1984,7,4,NA
2,1980,5,4,NA
2,2011,3,4,NA
1,1946,3,4,NA
2,1956,3,4,NA
1,1970,5,4,NA
1,1942,5,4,NA
2,1944,3,4,NA
1,1947,3,4,140
2,1954,3,4,NA
2,1949,3,4,142
1,1948,4,4,NA
2,1952,4,4,27
1,1947,3,4,27
2,1947,3,4,27
2,1935,3,4,NA
1,1952,5,4,NA
2,1952,5,4,NA
1,1945,4,4,NA
2,1943,3,4,NA
2,1954,3,4,NA
1,1944,2,4,NA
2,1951,3,4,NA
2,1950,3,4,NA
1,1972,4,4,132
2,1970,5,4,NA
2,1997,6,4,272
2,1998,5,4,NA
1,1959,4,4,NA
1,1983,3,4,NA
2,1963,5,4,145
2,1936,3,4,NA
1,1963,7,4,250
2,1965,5,4,NA
2,1935,2,4,NA
1,1976,8,4,508
2,1976,7,4,NA
1,2012,3,4,NA
2,2018,1,4,NA
1,1945,7,4,NA
2,1950,5,4,NA
2,1938,3,5,NA
1,1971,6,5,NA
2,1972,7,5,72
1,2002,7,5,NA
1,2005,5,5,NA
1,1986,7,5,233
2,1963,4,5,NA
1,1947,4,5,NA
2,1947,3,5,NA
2,1946,5,5,27
1,1932,6,7,NA
2,1937,6,7,NA
1,1938,7,5,NA
1,1941,7,5,NA
2,1943,6,5,NA
1,1955,3,5,NA
2,1960,3,5,100
1,1954,5,5,NA
2,1960,7,5,70
1,1944,3,5,27
2,1948,3,5,100
1,1978,6,5,417
1,1959,6,5,NA
2,1962,7,5,400
1,1957,4,5,NA
2,1957,4,5,NA
2,1966,4,5,85
1,1948,3,5,NA
2,1953,3,5,NA
1,1968,7,5,NA
2,1961,3,5,NA
1,1949,2,5,NA
2,1951,3,5,NA
2,1943,2,5,NA
2,1964,4,5,45
1,1993,6,5,NA
1,1964,4,5,234
2,1956,4,5,180
1,1964,7,5,NA
2,1967,7,5,NA
1,1997,7,5,NA
1,1982,7,5,428
2,1981,5,5,NA
1,2021,1,5,NA
1,1972,8,5,428
2,1972,6,5,83
2,1998,7,5,NA
1,2000,7,5,NA
1,2002,7,5,NA
1,1968,6,5,548
2,1971,6,5,110
2,2001,7,5,NA
2,2002,7,5,NA
1,2009,3,5,NA
1,1991,7,5,286
1,1980,7,5,428
2,1976,7,5,NA
2,2004,5,5,NA
2,2007,4,5,NA
1,2012,3,5,NA
2,1958,4,5,NA
1,1952,3,5,27
2,1955,3,5,NA
1,1953,5,5,NA
2,1956,4,5,166
1,1940,7,5,NA
2,1941,5,5,27
1,1943,2,5,NA
1,1964,5,5,448
2,1962,7,5,192
2,2002,6,5,NA
1,1937,2,5,NA
1,1953,4,5,NA
2,1957,3,5,NA
2,1964,5,5,NA
1,1941,5,5,NA
2,1944,4,5,NA
1,1983,7,5,398
2,1983,7,5,NA
1,2017,1,5,NA
1,1942,7,5,NA
2,1940,7,5,NA
1,1974,5,5,NA
2,1983,6,5,NA
2,2009,3,5,NA
1,2015,1,5,NA
1,1976,7,5,541
2,1974,5,5,NA
1,2007,4,5,NA
1,2009,3,5,NA
1,2014,3,5,NA
1,1976,5,5,480
2,1976,5,5,NA
1,2010,3,5,NA
1,1967,7,5,633
2,1969,7,5,140
2,1996,7,5,NA
1,1961,7,5,850
2,1967,5,5,596
2,1995,7,5,250
1,1955,5,5,NA
2,1956,4,5,NA
1,1976,7,5,658
2,1977,7,5,658
1,2005,5,5,NA
1,2008,4,5,NA
2,1958,4,5,50
1,1962,5,5,170
2,1931,2,5,27
1,1964,5,5,710
2,1964,5,5,NA
1,2000,7,5,NA
1,1945,4,5,NA
2,1953,3,5,NA
1,2001,5,5,NA
1,1981,8,5,792
2,1982,5,5,NA
2,2007,4,5,NA
2,2009,3,5,NA
1,2011,3,5,NA
1,1954,4,5,NA
1,1968,8,5,NA
2,1968,5,5,NA
1,1939,3,5,NA
2,1941,3,5,NA
2,1933,2,5,NA
1,1949,5,5,225
2,1947,4,5,NA
1,1944,3,5,NA
2,1943,2,5,NA
2,1947,3,5,NA
1,1937,3,5,NA
2,1942,3,5,NA
1,1938,4,5,NA
2,1939,3,5,NA
1,1973,6,5,512
2,1974,6,5,250
2,2002,7,5,NA
2,2002,7,5,NA
1,1961,7,5,NA
2,1965,7,5,NA
2,1973,7,5,NA
1,1999,5,5,200
1,1954,4,5,NA
2,1954,3,5,90
2,1948,5,5,27
1,1972,9,5,312
2,1973,6,5,195
1,1974,7,5,677
2,1982,6,5,229
2,2009,3,5,NA
2,2018,1,5,NA
1,1956,5,5,NA
2,1955,5,5,NA
2,1938,2,5,NA
1,1946,3,5,NA
2,1950,2,5,NA
1,1975,5,5,386
2,1975,5,5,NA
2,2012,3,5,NA
1,2017,1,5,NA
1,1965,7,5,750
2,1974,8,5,608
2,1999,7,5,NA
2,2005,5,5,NA
1,1972,5,5,583
2,1970,8,5,583
1,2003,5,5,NA
2,1955,7,5,NA
2,1948,3,5,NA
2,1941,3,5,62
1,1974,5,5,NA
2,1999,6,5,NA
1,1950,3,5,NA
2,1956,3,5,NA
2,1989,6,5,NA
1,1949,4,5,NA
2,1956,3,5,NA
1,1953,5,5,NA
2,1953,4,5,NA
1,1947,3,5,NA
2,1950,3,5,27
1,1942,3,5,NA
2,1948,3,5,NA
2,1936,3,5,NA
1,1957,3,5,NA
2,1962,4,5,NA
2,1938,2,5,NA
2,1936,2,5,NA
1,1960,4,5,375
2,1961,4,5,NA
1,1955,3,5,NA
2,1962,3,5,241
1,1984,7,5,282
2,1935,2,5,NA
2,1961,4,5,NA
2,1934,3,5,NA
1,1954,5,5,NA
2,1958,4,5,NA
2,1964,5,5,NA
2,1941,3,5,NA
1,1985,7,5,367
1,1987,7,5,339
2,1989,7,5,NA
2,2018,1,5,NA
2,2020,1,5,NA
1,1984,5,5,NA
2,1984,5,5,NA
1,2005,5,5,NA
1,1978,7,5,500
2,1984,6,5,380
2,2013,3,5,NA
1,2017,1,5,NA
1,1958,3,5,NA
1,1941,3,5,NA
2,1948,3,5,NA
1,1968,7,5,NA
2,1968,7,5,NA
1,2002,7,5,NA
2,2007,4,5,NA
1,1944,3,5,NA
2,1950,3,5,NA
2,1981,6,5,512
2,2004,5,5,NA
2,2009,3,5,NA
1,2013,3,5,NA
1,1966,5,5,593
2,1964,5,5,400
1,1936,3,5,NA
2,1937,3,5,NA
1,1997,7,5,NA
1,2001,7,5,NA
1,1950,4,5,NA
2,1948,2,5,NA
2,1955,3,5,110
2,1950,2,5,27
2,1937,3,5,NA
1,1994,7,5,300
1,1990,7,5,NA
2,1968,5,5,NA
1,1994,5,5,180
1,1988,5,5,310
2,1988,7,5,190
1,1943,2,5,NA
2,1947,2,5,NA
1,1986,7,5,NA
2,1984,7,5,419
1,2017,1,5,NA
1,1946,4,5,NA
2,1945,3,5,NA
1,1950,4,5,NA
2,1951,3,5,NA
1,1944,7,5,NA
2,1950,7,5,NA
1,1949,3,5,180
2,1955,3,5,NA
1,1986,7,5,350
1,1942,3,5,NA
2,1944,3,5,27
1,1935,8,5,NA
2,1941,5,5,NA
1,1942,7,5,NA
2,1941,3,5,NA
2,1952,3,5,NA
2,1945,3,5,NA
1,1947,5,5,170
2,1951,3,5,NA
1,1944,3,5,NA
2,1951,3,5,NA
1,1961,5,5,210
2,1972,5,5,217
1,1947,5,5,NA
2,1947,4,5,NA
2,1941,5,5,NA
1,1942,3,5,NA
2,1944,3,5,NA
1,1957,4,5,200
2,1954,2,5,NA
2,1987,5,5,NA
1,1949,5,5,NA
2,1953,5,5,120
1,1943,3,5,NA
2,1947,3,5,NA
1,1952,3,5,NA
2,1956,3,5,NA
1,1949,5,5,NA
2,1951,4,5,NA
2,1957,4,5,100
1,1949,4,5,NA
2,1949,4,5,NA
1,1954,3,5,NA
2,1955,3,5,NA
1,1962,3,5,NA
1,1953,4,5,NA
2,1952,4,5,NA
1,1951,3,5,NA
2,1951,3,5,NA
1,1945,5,5,NA
2,1949,4,5,NA
2,1957,4,5,NA
1,1952,5,5,NA
2,1955,7,5,NA
1,1948,3,5,NA
2,1948,3,5,NA
1,1954,4,5,NA
2,1957,4,5,NA
1,1954,3,5,NA
2,1938,2,5,NA
2,1936,2,5,NA
1,1941,5,5,NA
2,1939,3,5,NA
1,1932,7,5,NA
2,1957,5,5,NA
1,1957,3,5,NA
2,1961,5,5,NA
2,1928,2,5,NA
1,1945,5,5,NA
2,1949,3,5,NA
1,1954,5,5,NA
2,1954,4,5,NA
2,1933,2,5,NA
1,1952,5,5,NA
2,1955,4,5,NA
1,1950,3,5,NA
2,1949,3,5,160
1,1949,3,5,NA
2,1959,3,5,NA
1,2006,4,5,NA
2,2006,4,5,NA
1,1974,7,5,593
2,1974,7,5,303
1,2001,7,5,311
2,2009,3,5,NA
2,1979,7,5,583
1,1980,7,5,NA
1,2013,3,5,NA
1,2015,1,5,NA
2,2017,1,5,NA
1,1945,7,5,195
2,1947,5,5,NA
1,1944,5,5,27
2,1947,3,5,27
1,1956,5,5,500
2,1935,3,5,NA
1,1970,5,5,342
2,1970,7,5,217
2,2000,7,5,NA
1,2003,5,5,NA
2,1942,3,5,27
2,1946,3,5,27
1,1941,3,5,NA
1,1933,5,5,NA
2,1934,3,5,NA
1,1950,5,5,NA
2,1954,5,5,200
1,1937,3,5,27
2,1942,3,5,27
1,1937,3,5,NA
2,1949,3,5,NA
2,1938,3,5,NA
1,1938,3,5,NA
2,1942,3,5,NA
2,1953,2,5,NA
1,1961,7,5,NA
2,1965,7,5,NA
2,1930,2,5,NA
1,1958,5,5,NA
2,1961,6,5,120
1,1941,5,5,NA
2,1944,3,5,NA
1,1978,6,5,345
1,1943,3,5,NA
1,1933,2,5,NA
1,1944,3,5,NA
2,1949,3,5,27
1,1946,3,5,NA
2,1955,3,5,NA
2,1935,3,5,NA
2,1949,3,5,27
2,1948,3,5,NA
2,1942,3,5,NA
1,1953,4,5,191
2,1957,3,5,63
2,1943,3,5,27
1,1949,3,5,NA
2,1946,3,5,NA
2,1937,5,5,NA
1,1965,6,5,NA
2,1968,6,5,253
2,1998,7,5,NA
2,1997,7,5,NA
2,1945,2,5,NA
1,1949,5,5,NA
2,1955,5,5,NA
1,1963,7,5,833
2,1964,6,5,NA
1,1988,7,5,385
1,1979,6,5,423
2,1980,7,5,NA
2,2012,3,5,NA
1,2015,1,5,NA
1,1981,7,5,NA
2,1982,6,5,100
1,2017,1,5,NA
1,2019,1,5,NA
1,1982,5,5,708
2,1988,7,5,NA
1,2017,1,5,NA
1,2019,1,5,NA
1,1956,7,5,NA
2,1958,5,5,NA
2,1944,3,5,NA
2,1948,2,5,NA
2,1946,2,5,125
2,1949,3,5,120
2,1942,2,5,NA
2,1940,3,5,27
2,1944,3,5,27
2,1945,3,5,27
1,1954,4,5,NA
2,1955,4,5,100
1,1984,7,5,311
2,1988,7,5,NA
2,2016,1,5,NA
1,1958,8,5,375
1,1947,2,6,NA
2,1973,5,6,NA
1,1997,7,6,NA
2,1999,7,6,58
1,1986,6,6,344
2,1979,7,6,NA
1,1987,5,6,NA
2,1983,4,6,NA
1,2011,3,6,NA
2,2020,1,6,NA
2,1951,6,6,NA
1,1956,3,6,NA
2,1964,3,6,NA
1,1962,5,6,130
2,1955,5,6,NA
1,1965,7,6,317
2,1966,6,6,208
1,2002,7,6,NA
1,1937,7,6,NA
2,1940,3,6,NA
1,1946,5,6,NA
2,1957,4,6,NA
2,1981,7,6,NA
1,1960,4,6,NA
2,1965,5,6,NA
2,1999,7,6,NA
2,1932,3,6,NA
2,1939,5,6,NA
1,1968,7,6,NA
1,1965,5,6,310
2,1962,5,6,40
1,1990,7,6,275
2,1935,3,6,NA
2,1943,2,6,NA
1,1984,7,6,667
1,1946,6,6,100
2,1949,4,6,68
2,1939,4,6,NA
1,1956,7,6,NA
2,1937,2,6,NA
1,1966,5,6,NA
2,1966,5,6,200
1,1994,7,6,NA
1,1969,5,6,338
2,1994,4,6,NA
1,2018,1,6,NA
1,1944,3,6,27
2,1959,3,6,131
1,1976,5,6,246
1,1940,3,6,NA
2,1937,2,6,NA
1,1942,2,6,NA
2,1968,5,6,NA
1,1944,4,6,NA
2,1943,3,6,NA
1,1973,5,6,296
2,1974,5,6,NA
1,1998,6,6,233
1,2001,6,6,NA
2,1950,2,6,27
2,1950,3,6,27
1,1969,4,6,NA
1,1968,5,6,NA
2,1973,5,6,204
2,1998,7,6,NA
1,2000,7,6,NA
2,1954,3,6,NA
1,1977,7,6,NA
1,1960,6,6,250
2,1957,6,6,NA
2,1945,2,6,27
2,1941,2,6,NA
1,1933,7,6,NA
2,1936,4,6,NA
1,1991,7,6,328
2,1994,7,6,333
2,1952,3,6,NA
2,1944,3,6,27
1,1956,3,6,NA
1,2014,3,6,NA
1,1933,5,6,NA
1,1941,4,6,NA
2,1942,2,6,NA
2,1977,7,6,180
1,2000,7,6,NA
1,1949,4,6,NA
2,1954,4,6,NA
1,1963,4,6,518
2,1962,3,6,229
2,1941,3,6,27
1,2004,5,6,NA
2,1942,2,6,27
1,1967,6,6,715
2,1975,5,6,NA
2,2005,5,6,NA
1,2007,4,6,NA
2,1970,5,6,NA
1,2002,7,6,118
1,1978,8,6,386
2,1981,7,6,0
1,2013,3,6,NA
1,1946,4,6,NA
2,1950,5,6,NA
1,1951,7,6,NA
2,1954,4,6,27
1,1960,5,6,213
2,1964,5,6,183
1,1946,6,6,NA
2,1944,4,6,NA
1,1960,7,6,280
2,1965,5,6,251
2,1936,2,6,27
1,1959,5,6,NA
2,1953,2,6,27
1,1936,2,6,NA
2,1942,2,6,27
2,1942,3,6,27
2,1937,3,6,NA
2,1947,2,6,27
1,1942,3,6,27
2,1952,3,6,NA
1,1942,3,6,NA
2,1948,3,6,27
1,1971,7,6,640
2,1973,7,6,NA
1,2000,7,6,NA
1,2002,7,6,NA
1,1949,5,6,136
2,1955,5,6,74
2,1936,2,6,27
2,1952,3,6,NA
1,1937,3,6,27
2,1942,3,6,NA
1,1942,4,6,27
2,1948,3,6,NA
1,1939,4,6,NA
2,1942,3,6,27
1,1964,7,6,284
2,1966,7,6,96
1,1992,7,6,NA
1,1996,7,6,NA
1,1931,5,6,NA
2,1940,2,6,NA
1,1960,4,6,NA
2,1961,4,6,160
1,1967,8,6,200
2,1967,7,6,NA
1,1940,3,6,27
1,1960,5,6,260
2,1962,5,6,90
1,1976,5,6,NA
2,1980,5,6,50
1,2015,1,6,NA
2,2017,1,6,NA
1,1977,5,6,NA
1,1952,3,6,NA
2,1959,2,6,150
1,1983,5,6,210
2,1952,2,6,NA
1,1953,3,6,NA
2,1956,2,6,NA
1,1946,4,6,NA
2,1954,4,6,NA
1,1943,3,6,NA
2,1945,4,6,NA
1,1970,5,6,NA
1,1948,3,6,NA
2,1951,3,6,NA
1,1953,8,6,NA
2,1964,5,6,NA
1,1936,8,6,NA
1,1997,7,6,NA
1,1951,3,6,168
2,1952,3,6,NA
1,1959,8,6,NA
2,1962,4,6,209
2,1944,5,6,37
2,1939,3,6,37
2,1957,7,6,NA
1,1944,4,6,NA
2,1946,3,6,NA
1,1961,5,6,NA
2,1967,5,6,NA
1,1953,5,6,268
2,1955,6,6,NA
1,1931,2,6,NA
2,1938,3,6,NA
1,1958,5,6,NA
2,1930,2,6,NA
1,1960,4,6,NA
2,1963,2,6,NA
1,1986,7,6,300
2,1985,7,6,NA
2,2017,1,6,NA
1,2020,1,6,NA
1,1951,4,6,NA
2,1959,4,6,80
2,1987,7,6,297
1,1942,8,6,NA
2,1947,5,6,NA
1,1956,5,6,NA
2,1957,4,6,NA
1,1991,7,6,267
1,1956,5,6,NA
2,1960,5,6,NA
2,1995,7,6,NA
1,1952,4,6,NA
2,1954,4,6,NA
1,2007,4,6,NA
1,1969,5,6,NA
1,1933,3,6,NA
2,1940,3,6,NA
1,1940,5,6,NA
2,1956,5,6,NA
1,1959,7,6,NA
2,1963,7,6,NA
2,1991,7,6,236
1,1958,4,6,NA
1,1937,3,6,NA
2,1942,3,6,NA
1,1941,4,6,NA
2,1947,3,6,NA
2,1946,2,6,NA
1,1942,5,6,NA
2,1952,4,6,100
1,1958,4,6,NA
2,1962,3,6,NA
1,1986,7,6,NA
2,1935,2,6,NA
2,1940,2,6,NA
1,1960,3,6,NA
2,1938,2,6,NA
2,1933,2,6,NA
1,1935,4,6,NA
2,1961,4,6,NA
1,1966,4,6,NA
1,1941,3,6,NA
2,1942,3,6,NA
1,1952,3,6,NA
2,1959,3,6,NA
1,1949,3,6,NA
2,1951,2,6,NA
1,1952,4,6,NA
2,1957,4,6,NA
1,1961,5,6,30
1,1957,2,6,345
2,1965,5,6,NA
2,1989,5,6,138
1,2009,3,6,NA
1,1952,3,6,NA
2,1959,5,6,NA
2,1922,2,6,NA
1,1954,5,6,300
2,1957,5,6,NA
2,1945,3,6,27
2,1935,3,6,NA
1,1956,3,6,230
2,1963,3,6,NA
1,1944,3,6,NA
2,1946,3,6,NA
1,1980,7,6,295
2,1984,7,6,NA
2,2018,1,6,NA
1,1938,8,6,NA
2,1943,3,6,NA
2,1944,3,6,27
2,1942,2,6,NA
2,1946,2,6,NA
2,1988,6,6,NA
2,1960,4,6,NA
1,1958,5,6,NA
2,1963,4,6,NA
1,1984,7,6,NA
2,1946,3,6,NA
1,1946,5,6,NA
2,1950,4,6,NA
1,1964,5,6,NA
2,1964,5,6,NA
2,1994,6,6,197
1,1954,5,6,NA
2,1950,4,6,27
1,1949,4,6,27
2,1953,3,6,81
1,1956,3,6,220
2,1958,3,6,NA
1,1954,5,6,NA
2,1960,5,6,NA
2,1969,5,6,100
1,1991,5,6,345
2,1964,7,6,205
1,1985,7,6,NA
1,1987,3,6,NA
2,1960,5,6,NA
2,1959,5,6,NA
2,1959,5,6,245
1,1974,5,6,320
2,1994,5,6,198
1,2015,1,6,NA
1,1950,4,6,NA
2,1952,3,6,NA
2,1950,2,6,27
1,1940,4,6,NA
2,1939,3,6,NA
2,1956,5,6,171
2,1983,7,6,424
1,1952,5,6,NA
2,1953,3,6,NA
2,2011,3,6,NA
1,1982,7,6,NA
2,1983,7,6,235
1,2016,1,6,NA
2,1972,5,6,NA
1,1990,6,6,419
1,1963,5,6,NA
2,1965,5,6,NA
1,1951,3,6,NA
1,1951,3,6,NA
2,1968,3,6,NA
1,1998,6,6,211
1,1964,5,6,NA
2,1969,5,6,NA
2,1933,2,6,NA
1,1994,7,6,NA
2,1992,7,6,NA
1,1970,5,6,NA
2,1976,5,6,NA
2,1948,3,6,35
1,1956,3,6,NA
2,1960,4,6,241
1,1983,6,6,261
2,1942,3,6,NA
1,1948,3,6,NA
2,1960,3,6,NA
2,1935,3,6,NA
1,1941,4,6,NA
2,1947,3,6,NA
2,1940,2,6,NA
1,1957,4,6,NA
2,1959,5,6,NA
2,1952,4,6,27
1,1973,5,6,NA
2,1976,5,6,210
1,2002,7,6,NA
2,2006,4,6,NA
1,1935,3,6,NA
2,1943,3,6,NA
2,1951,3,6,NA
2,1944,3,6,27
1,1985,7,6,265
2,1959,4,6,215
1,1957,5,6,463
2,1962,5,6,125
2,1953,3,6,27
1,1949,8,6,190
2,1944,4,6,27
1,1967,5,6,255
2,1937,3,6,NA
2,1952,4,6,NA
1,1955,4,6,400
2,1958,4,6,151
2,1951,3,6,NA
2,1950,3,6,89
1,1958,4,6,NA
2,1960,5,6,NA
1,1958,4,6,NA
2,1958,4,6,NA
1,1950,3,6,NA
2,1949,3,6,NA
1,1960,4,6,NA
2,1963,4,6,205
1,1959,4,6,NA
2,1958,3,6,NA
2,1938,2,6,NA
1,1966,5,6,NA
1,1966,7,6,NA
2,1967,6,6,NA
1,2002,7,6,NA
2,2009,3,6,NA
1,1961,4,6,NA
2,1961,4,6,NA
2,1940,2,6,NA
1,1947,7,6,NA
2,1951,5,6,NA
1,1939,3,6,NA
2,1944,3,6,27
1,1960,7,6,NA
2,1962,7,6,NA
1,1989,7,6,NA
1,1954,4,6,NA
2,1961,4,6,NA
1,1983,7,6,NA
1,1944,4,6,NA
2,1952,3,6,NA
1,1940,3,6,NA
2,1943,3,6,NA
1,1955,4,6,NA
2,1960,4,6,NA
1,1954,8,6,NA
2,1957,7,6,NA
1,1964,4,6,NA
2,1941,4,6,27
2,1949,3,6,27
2,1940,3,6,27
1,1943,4,6,NA
2,1947,3,6,NA
1,1966,4,6,NA
2,1970,4,6,210
2,1945,2,6,27
2,1946,3,6,NA
1,1968,4,6,NA
2,1945,2,6,27
2,1941,2,6,NA
1,1948,3,6,NA
2,1955,3,6,NA
1,1933,2,6,NA
2,1933,2,6,NA
2,1950,3,6,NA
1,1948,3,6,NA
2,1957,3,6,NA
1,1954,4,6,NA
2,1955,4,6,NA
1,1978,7,6,NA
2,1940,3,6,NA
1,1969,5,6,NA
2,1974,5,6,NA
1,1969,7,6,NA
1,1935,3,6,NA
2,1944,3,6,NA
1,1970,5,6,315
1,1980,7,6,368
1,1950,3,6,NA
2,1953,3,6,30
1,1977,7,6,265
1,1977,5,6,580
2,1979,7,6,103
1,2008,4,6,NA
2,2011,3,6,NA
2,1960,6,6,NA
2,1969,5,6,NA
1,1990,5,6,NA
2,2016,1,6,NA
1,1993,5,6,NA
2,1958,3,6,NA
2,1940,3,6,NA
1,1944,3,6,NA
2,1937,3,7,NA
2,1941,6,7,NA
2,1942,5,7,NA
2,1940,4,7,NA
2,1965,7,7,288
2,1935,3,7,NA
1,1941,4,7,NA
2,1947,3,7,27
1,1944,5,7,NA
2,1945,5,7,NA
2,1939,3,7,NA
1,1945,3,7,NA
2,1945,3,7,NA
2,1945,3,7,NA
1,1942,4,7,NA
2,1946,3,7,NA
1,1962,7,7,150
2,1963,5,7,NA
2,1992,7,7,187
2,1998,7,7,NA
1,1974,7,7,917
2,1973,6,7,100
1,2003,5,7,NA
1,2005,5,7,NA
1,1942,5,7,NA
2,1939,2,7,27
2,1939,4,7,NA
2,1964,5,7,250
1,1958,5,7,90
1,1963,6,7,800
2,1969,6,7,293
2,1941,2,7,NA
1,1964,5,7,197
2,1959,5,7,NA
1,1990,5,7,180
1,1983,5,7,280
1,1955,4,7,NA
2,1957,4,7,NA
2,1945,4,7,NA
1,1955,5,7,NA
2,1955,5,7,NA
1,1937,2,7,NA
2,1942,2,7,NA
2,1955,3,7,NA
2,1955,2,7,NA
1,1941,5,7,175
2,1946,4,7,27
1,1969,7,7,417
2,1971,7,7,100
1,1996,7,7,NA
1,2000,7,7,NA
1,2003,5,7,NA
2,1963,7,7,350
1,1948,8,7,400
2,1953,8,7,NA
2,1937,3,7,NA
2,1954,4,7,NA
2,1942,4,7,NA
1,1947,5,7,NA
2,1972,7,7,NA
2,1952,2,7,NA
1,1971,7,7,NA
2,1968,7,7,302
1,2000,7,7,NA
1,1958,5,7,22
2,1964,5,7,148
2,1997,7,7,152
2,1944,2,7,NA
2,1942,3,7,27
2,1943,2,7,27
1,1970,5,7,NA
2,1943,3,7,NA
2,1942,3,7,NA
2,1949,3,7,NA
1,1948,7,7,NA
1,1938,4,7,NA
2,1949,4,7,200
2,1944,2,7,27
1,1943,3,7,27
2,1953,3,7,27
2,1941,5,7,NA
1,1937,2,7,27
2,1941,2,7,NA
1,1935,2,7,NA
2,1943,2,7,27
2,1935,3,7,NA
1,1971,7,7,375
2,1972,5,7,NA
1,2008,4,7,NA
1,1935,2,7,NA
2,1947,2,7,27
2,1944,3,7,NA
1,1952,5,7,NA
2,1958,5,7,NA
1,1952,3,7,27
2,1996,7,7,182
1,1953,5,7,NA
2,1953,7,7,NA
1,1959,2,7,NA
2,1947,3,7,NA
1,1946,5,7,NA
2,1950,4,7,NA
2,1978,7,7,60
1,1947,3,7,27
2,1947,4,7,NA
1,1961,5,7,304
1,1956,5,7,217
2,1952,5,7,NA
1,1952,5,7,NA
2,1959,4,7,NA
2,1942,3,7,27
2,1942,3,7,NA
1,1972,5,7,NA
2,1977,5,7,NA
1,1943,3,7,NA
2,1943,2,7,NA
1,1970,7,7,697
2,1975,6,7,NA
2,2003,5,7,NA
1,2005,5,7,NA
1,1961,7,7,1100
2,1966,8,7,767
2,1964,4,7,NA
1,1950,4,7,NA
1,1960,3,7,NA
1,1943,5,7,NA
1,1967,5,7,200
1,1959,3,7,NA
1,1955,4,7,NA
2,1957,4,7,NA
1,1985,7,7,NA
1,1945,7,7,80
2,1951,6,7,40
2,1952,3,7,27
2,1936,3,7,27
1,1947,3,7,NA
2,1952,4,7,58
2,1941,3,7,NA
2,1942,3,7,27
2,1959,3,7,NA
1,1953,6,7,NA
2,1967,5,7,NA
1,1940,5,7,NA
2,1946,5,7,NA
1,1954,6,7,NA
2,1958,3,7,NA
1,1972,6,7,NA
2,1976,6,7,NA
2,2007,4,7,NA
2,2011,3,7,NA
1,1980,5,7,590
2,1991,5,7,NA
1,1959,4,7,NA
2,1958,3,7,NA
2,2011,3,7,NA
1,1984,4,7,NA
2,1935,2,7,NA
2,1951,3,7,NA
1,1956,5,7,NA
2,1954,4,7,NA
1,1959,5,7,NA
2,1929,2,7,NA
2,1940,3,7,NA
1,1958,6,7,NA
1,1989,8,7,300
1,1943,4,7,NA
2,1948,3,7,NA
1,1936,5,7,NA
2,1943,3,7,NA
1,1961,3,7,NA
2,1966,5,7,NA
2,1939,2,7,NA
2,1956,4,7,NA
1,1938,5,7,NA
2,1940,2,7,NA
1,1984,8,7,208
2,1990,7,7,NA
2,2017,1,7,NA
1,2019,1,7,NA
1,1947,4,7,NA
2,1949,4,7,NA
2,1940,2,7,27
1,1974,5,7,NA
1,1958,5,7,NA
2,1958,3,7,NA
1,1941,5,7,NA
2,1946,5,7,NA
2,1946,3,7,27
1,1968,5,7,NA
2,1967,5,7,NA
1,1979,7,7,595
2,1984,7,7,NA
1,2011,3,7,NA
1,2014,3,7,NA
2,2016,1,7,NA
2,1941,5,7,27
1,1955,5,7,NA
2,1960,5,7,190
1,1949,4,7,NA
2,1951,3,7,27
2,1941,4,7,27
1,1951,6,7,NA
2,1949,3,7,30
1,1971,5,7,227
2,1981,5,7,NA
1,2008,3,7,NA
1,1957,5,7,NA
2,1941,5,7,NA
2,1943,3,7,27
1,1979,7,7,400
2,1975,6,7,NA
1,2009,3,7,NA
1,1974,5,7,250
2,1978,5,7,NA
2,2011,3,7,NA
2,1956,3,7,NA
1,1935,3,7,NA
2,1939,3,7,NA
2,1934,2,7,27
2,1948,3,7,NA
1,1974,7,7,225
1,1950,3,7,NA
2,1956,3,7,66
1,1966,7,7,340
2,1966,7,7,NA
1,1947,5,7,NA
2,1953,3,7,NA
2,1934,2,7,27
2,1932,3,7,NA
2,1937,2,7,NA
1,1970,5,7,NA
2,1972,5,7,NA
1,1951,5,7,NA
2,1957,6,7,NA
1,1952,5,7,200
2,1953,3,7,NA
2,1935,3,7,NA
2,1943,2,7,NA
1,1950,3,7,NA
2,1932,3,7,NA
2,1945,3,7,27
2,1949,3,7,NA
1,1949,3,7,NA
2,1957,3,7,NA
1,1957,4,7,NA
2,1962,4,7,182
1,1954,3,7,NA
2,1954,3,7,NA
2,1939,2,7,27
2,1949,3,7,NA
2,1976,3,7,NA
1,1997,5,7,NA
1,1948,3,7,NA
2,1945,3,7,NA
1,1935,3,7,NA
2,1942,3,7,NA
1,1954,3,7,NA
2,1932,2,7,NA
1,1947,7,7,NA
1,1942,5,7,27
2,1946,4,7,27
1,1973,4,7,358
2,2006,4,7,NA
1,2009,3,7,NA
1,1985,6,7,NA
2,1977,6,7,NA
1,1959,6,7,NA
2,1967,5,7,228
1,1966,7,7,NA
1,1949,5,7,NA
2,1955,3,7,NA
1,1963,5,7,380
2,1937,2,7,NA
1,1930,2,7,NA
2,1938,3,7,NA
1,1945,3,7,NA
2,1948,3,7,NA
1,1958,3,7,NA
1,1947,3,7,NA
1,1948,4,7,NA
2,1950,3,7,NA
2,1945,2,7,NA
1,1956,5,7,232
2,1954,3,7,NA
1,1978,6,7,250
2,1979,6,7,NA
1,2009,3,7,NA
2,2015,1,7,NA
1,1962,4,7,NA
2,1963,4,7,NA
1,1954,3,7,NA
2,1957,3,7,NA
1,1980,5,7,NA
1,1960,7,7,NA
2,1960,5,7,NA
2,1964,5,7,NA
1,1947,2,7,NA
2,1950,3,7,NA
1,1935,3,7,27
1,1943,2,7,27
2,1938,2,7,NA
1,1951,3,7,NA
2,1955,3,7,NA
1,1941,4,7,NA
2,1947,3,7,NA
1,1955,4,7,NA
2,1957,4,7,NA
1,2008,4,7,NA
2,1936,2,7,NA
1,1937,4,7,NA
1,1961,3,7,252
2,1960,3,7,NA
1,1967,7,7,NA
2,1935,2,7,NA
2,1934,2,7,NA
1,1949,3,7,NA
2,1952,2,7,NA
1,1967,5,7,NA
2,1967,5,7,NA
2,1959,3,7,NA
2,1955,2,7,NA
2,1935,2,7,NA
2,1950,3,7,27
1,1948,2,7,NA
2,1955,2,7,NA
2,1937,2,7,NA
1,1955,4,7,200
2,1956,2,7,NA
1,1940,7,7,NA
2,1940,3,7,NA
1,1974,5,7,NA
2,1946,2,7,NA
2,1956,3,7,NA
1,1944,4,7,NA
2,1953,3,7,NA
2,1936,3,7,NA
1,1945,3,7,NA
2,1953,3,7,NA
1,1961,5,7,NA
2,1961,5,7,NA
2,1991,7,7,230
1,1995,7,7,NA
1,1955,3,7,NA
2,1960,4,7,120
1,1949,3,7,49
2,1950,2,7,NA
1,1975,4,7,80
2,2006,4,7,NA
2,1936,2,7,NA
2,1941,2,7,NA
2,1951,2,7,NA
2,1941,2,7,27
1,1950,3,7,NA
2,1954,5,7,NA
1,1981,7,7,NA
2,1954,2,7,27
1,1982,6,7,250
2,1961,3,7,NA
2,1958,4,7,NA
1,1981,7,7,333
2,1979,7,7,225
1,2013,3,7,NA
2,2015,1,7,NA
2,1945,3,7,NA
1,1954,3,7,NA
2,1959,3,7,220
2,1928,2,7,NA
1,1941,2,7,NA
2,1945,2,7,NA
1,1939,3,7,NA
2,1943,3,7,NA
1,1981,6,7,200
1,1950,4,7,NA
2,1956,3,7,180
1,1944,3,7,NA
2,1954,3,7,125
2,1953,3,7,NA
1,1943,2,7,NA
2,1952,2,7,NA
2,1948,2,7,NA
1,1965,8,7,NA
2,1965,7,7,180
2,2012,3,7,NA
1,1951,3,7,NA
2,1954,3,7,NA
1,1973,5,7,NA
2,1983,5,7,NA
1,2011,3,7,NA
2,2013,3,7,NA
1,1957,6,7,550
2,1960,4,7,220
1,1961,5,7,405
2,1963,5,7,NA
2,1947,3,7,NA
2,1940,2,7,NA
2,1947,2,7,NA
2,1941,2,7,NA
2,1939,3,7,NA
1,1943,4,7,NA
2,1947,3,7,NA
2,1950,3,7,27
2,1938,3,7,NA
2,1950,3,7,NA
1,1975,7,7,310
2,1974,7,7,NA
2,2008,4,7,NA
2,2011,3,7,NA
1,1970,6,7,1333
2,1970,6,7,250
2,1996,7,7,NA
1,2001,7,7,NA
1,1957,7,7,63
2,1961,5,7,NA
1,1951,4,7,NA
2,1951,3,7,NA
1,1944,3,7,NA
2,1951,3,7,NA
2,1944,3,7,NA
1,1949,3,7,27
2,1957,3,7,70
1,1944,3,7,NA
2,1959,3,7,49
1,1981,7,7,258
2,1982,7,7,308
2,2015,1,7,NA
2,1976,5,7,NA
1,1996,5,7,NA
1,1997,5,7,500
1,1953,7,7,NA
2,1993,7,7,354
2,1962,7,7,500
1,1951,4,7,NA
2,1955,3,7,NA
1,1945,4,7,NA
2,1946,3,7,NA
1,1954,3,7,NA
2,1948,3,7,NA
1,1938,4,7,NA
2,1951,4,7,NA
2,1945,3,7,NA
1,1944,2,7,NA
2,1951,2,7,NA
1,1965,5,7,550
2,1965,3,7,NA
1,1967,4,7,348
1,1965,3,7,200
2,1937,2,7,NA
1,1955,6,7,NA
2,1946,2,7,NA
1,2000,7,7,NA
1,1998,6,7,190
2,1942,3,7,27
1,1978,8,7,605
2,1983,9,7,NA
1,2013,3,7,NA
1,2015,1,7,NA
1,2018,1,7,NA
1,1962,5,7,NA
1,1953,3,7,NA
2,1960,6,7,200
1,1955,3,7,NA
1,1946,4,7,NA
2,1943,5,7,68
1,1955,3,7,NA
2,1960,3,7,NA
1,1941,3,7,27
2,1940,3,7,NA
1,1952,3,7,NA
2,1957,3,7,27
2,1943,2,7,27
1,1968,7,7,500
2,1973,6,7,417
2,2000,7,7,NA
1,1943,3,7,NA
1,1957,4,7,NA
2,1959,5,7,NA
1,1952,4,7,NA
2,1957,3,7,NA
2,1951,3,7,27
1,1953,5,7,NA
1,1948,4,7,27
2,1953,4,7,NA
2,1945,3,7,27
1,1941,6,7,NA
2,1946,6,7,NA
2,1957,4,7,NA
1,1966,4,7,NA
2,2003,5,7,NA
1,1962,6,7,NA
2,1965,5,7,NA
1,1970,5,7,385
2,1975,7,7,NA
2,2001,7,7,NA
2,2004,5,7,NA
1,2007,4,7,NA
1,1954,4,7,NA
2,1958,4,7,NA
1,1953,6,7,NA
2,1955,2,7,NA
2,1959,7,7,58
1,1945,4,7,NA
2,1952,3,7,NA
2,1954,3,7,NA
1,1968,5,7,200
2,1954,4,7,NA
1,1949,3,7,NA
2,1957,2,7,250
2,1953,3,7,70
1,1950,4,7,NA
2,1954,3,7,NA
1,1968,5,7,NA
2,1970,5,7,NA
2,1971,5,7,NA
2,1955,2,7,NA
1,1933,5,7,NA
2,1936,3,7,NA
1,1943,2,7,NA
2,1949,2,7,NA
2,1943,2,7,NA
2,1949,3,7,NA
1,1943,7,7,NA
2,1941,3,7,NA
1,1939,2,7,NA
2,1949,3,7,NA
1,1953,4,7,NA
2,1956,5,7,NA
2,1947,2,7,NA
2,1940,3,7,NA
1,1946,3,7,NA
2,1951,3,7,NA
1,1965,7,7,NA
2,1967,7,7,NA
1,1947,3,7,27
2,1950,3,7,NA
1,1948,3,7,27
2,1957,4,7,NA
1,1979,7,7,200
1,1997,6,7,70
2,1941,4,7,NA
2,1935,2,7,27
2,1948,2,7,27
1,1940,3,7,25
2,1946,3,7,NA
1,1952,3,7,NA
2,1953,3,7,NA
1,1936,3,7,NA
2,1943,3,7,NA
1,1935,3,7,NA
2,1935,2,7,NA
2,1935,2,7,NA
1,1947,3,7,NA
1,1947,3,7,NA
1,1957,4,7,NA
2,1963,2,7,180
1,1987,7,7,35
1,1985,7,7,250
2,1997,4,7,NA
1,2020,1,7,NA
1,1962,5,7,NA
2,1963,3,7,NA
2,1934,3,7,NA
1,1941,2,7,NA
2,1950,2,7,NA
1,1952,3,7,NA
2,1952,2,7,NA
2,1936,2,7,NA
1,2007,4,7,NA
1,1940,3,7,NA
2,1943,2,7,NA
2,1941,2,7,27
1,1945,3,7,NA
2,1953,2,7,68
1,1936,5,7,NA
1,1947,3,7,NA
1,1946,3,7,NA
2,1955,3,7,27
1,1939,4,7,NA
2,1943,2,7,NA
1,1945,3,7,NA
2,1948,3,7,NA
1,1958,7,7,NA
2,1962,7,7,NA
1,1985,7,7,295
1,1971,7,7,NA
2,1946,3,7,27
1,1981,7,7,520
2,1981,7,7,NA
2,2010,3,7,NA
2,2012,3,7,NA
1,1955,7,7,NA
2,1956,7,7,NA
1,1941,3,7,NA
2,1947,2,7,NA
1,1938,3,7,NA
2,1950,2,7,NA
1,1952,4,7,NA
2,1958,2,7,NA
1,1963,5,7,NA
2,1965,5,7,NA
1,1958,7,7,NA
2,1961,7,7,NA
1,1997,6,7,NA
2,1946,3,7,NA
1,1974,5,7,350
2,1980,5,7,NA
1,2004,5,7,NA
1,1982,7,7,280
2,1990,7,7,165
1,2016,1,7,NA
1,1947,5,7,NA
2,1949,4,7,NA
2,1944,3,7,NA
1,1962,5,7,NA
2,1962,4,7,NA
1,1990,7,7,195
1,1952,5,7,NA
2,1954,5,7,NA
1,1951,4,7,NA
2,1954,4,7,NA
1,1948,2,7,102
2,1946,2,7,NA
1,1969,7,7,NA
2,1974,6,7,NA
2,2000,7,7,NA
2,2002,7,7,NA
2,2009,3,7,NA
1,1957,5,7,NA
2,1960,5,7,NA
2,1994,5,7,NA
2,1999,6,7,NA
2,1953,3,7,NA
1,1950,3,7,140
2,1955,3,7,160
1,1975,6,7,NA
2,1975,5,7,120
2,2006,4,7,NA
2,2009,3,7,NA
1,2012,3,7,NA
1,1943,2,7,NA
2,1948,4,7,NA
1,1995,5,7,400
2,1996,5,7,NA
2,2019,1,7,NA
1,1963,5,7,NA
1,1949,2,7,NA
2,1951,2,7,NA
1,1975,7,7,NA
2,1974,7,7,NA
2,1935,2,7,96
2,1932,2,7,NA
1,1966,4,7,NA
2,1998,6,7,NA
2,2000,5,7,NA
1,2002,5,7,NA
1,1977,5,7,NA
2,1975,5,7,NA
2,2017,1,7,NA
1,1968,7,7,NA
2,1973,5,7,NA
1,1995,7,7,NA
1,2000,6,7,NA
2,2013,3,7,NA
1,1940,2,7,27
2,1940,2,7,NA
2,1948,4,7,NA
1,1961,5,7,NA
1,1958,7,7,NA
2,1960,7,7,NA
2,2006,4,7,NA
2,1974,7,7,NA
1,2002,5,7,NA
1,1946,5,7,NA
2,1948,5,7,NA
1,1958,8,7,250
2,1963,8,7,500
1,1991,6,7,373
2,1992,7,7,110
2,2017,1,7,NA
1,1956,7,7,NA
2,1959,7,7,NA
1,1967,5,7,220
1,1952,7,7,NA
2,1954,7,7,NA
2,1940,2,7,27
2,1951,4,7,NA
2,1978,7,7,NA
1,1978,7,7,480
2,1981,6,7,460
1,2009,3,7,NA
1,2011,3,7,NA
1,1980,6,7,NA
2,1982,6,7,340
2,2008,4,7,NA
2,2012,3,7,NA
1,1967,7,7,758
2,1969,7,7,670
2,2007,4,7,NA
1,2009,3,7,NA
1,1952,4,7,NA
2,1960,4,7,NA
1,1992,7,7,350
2,1991,7,7,NA
1,1955,5,7,NA
2,1957,5,7,222
2,1952,3,7,NA
1,1959,4,7,NA
2,1959,4,7,NA
1,1996,7,7,NA
2,1932,3,7,NA
2,1953,3,7,NA
1,1944,3,7,NA
1,1982,7,7,375
1,1977,5,7,NA
2,1995,5,7,300
1,1984,7,7,420
2,1984,7,7,333
1,2016,1,7,NA
1,1977,5,7,292
2,1980,7,7,NA
2,2012,3,7,NA
2,2013,3,7,NA
1,2015,1,7,NA
1,1987,7,7,270
2,1987,5,7,220
1,2013,3,7,NA
1,2015,1,7,NA
1,1981,8,7,NA
2,1982,7,7,416
2,2012,3,7,NA
1,2015,1,7,NA
1,1988,7,7,333
2,1993,7,7,NA
1,1955,5,7,NA
2,1955,4,7,200
1,1963,4,7,200
2,1968,7,7,300
2,1948,2,7,NA
2,1948,3,7,NA
1,1946,3,7,NA
2,1953,3,7,NA
2,1956,7,7,NA
2,1958,3,7,NA
1,1983,7,7,NA
2,1956,3,7,NA
2,1997,5,7,NA
1,1960,7,7,NA
2,1960,7,7,NA
1,1954,5,7,250
2,1957,4,7,200
1,1962,7,7,210
1,1982,7,7,250
2,1959,4,7,220
1,1975,3,7,280
1,1950,4,7,NA
2,1954,4,7,NA
1,1952,5,7,NA
2,1956,4,7,NA
1,1958,5,7,NA
2,1959,4,7,NA
1,1972,5,7,333
1,1954,4,7,150
2,1959,4,7,223
2,1966,5,7,120
2,1944,2,7,NA
1,1952,6,7,30
2,1953,3,7,NA
1,1950,4,7,NA
2,1952,3,7,NA
1,1979,7,7,245
2,1982,6,7,235
2,2009,3,7,NA
2,2011,3,7,NA
1,1972,5,7,453
2,1973,7,7,150
2,2009,3,7,NA
1,2011,3,7,NA
1,1961,5,7,NA
2,1962,5,7,328
1,1939,5,7,27
1,1971,5,7,870
2,1977,5,7,NA
2,2002,7,7,NA
1,1942,4,7,27
2,1942,2,7,27
2,1941,4,7,NA
1,1938,5,7,NA
2,1932,2,7,NA
2,1943,3,5,27
1,1944,4,5,27
2,1947,4,5,80
1,1968,5,5,NA
1,1961,5,5,NA
2,1961,5,5,70
1,1943,3,5,NA
2,1952,3,5,NA
1,1958,5,5,NA
2,1962,4,5,NA
1,1942,5,5,27
2,1954,4,5,NA
2,1952,3,5,NA
2,1935,4,5,NA
2,1946,3,5,NA
2,1944,2,5,NA
2,1952,5,5,27
2,1939,3,5,NA
1,1943,3,5,NA
2,1944,2,5,NA
2,1944,3,5,NA
1,1982,5,5,278
2,1992,5,5,NA
2,1952,4,5,158
1,2021,1,5,NA
1,1959,4,5,NA
2,1961,4,5,231
2,1937,2,5,NA
1,1963,4,5,418
2,1962,4,5,90
2,2004,5,5,NA
2,1937,3,5,27
1,1953,3,5,NA
2,1949,3,5,NA
1,1967,5,5,345
2,1977,5,5,100
1,1998,5,5,216
1,1996,7,5,391
1,1952,4,5,NA
1,1955,7,5,250
2,1957,5,5,NA
1,1945,5,5,NA
2,1954,5,5,NA
1,1980,7,5,271
1,1952,5,5,NA
2,1953,5,5,237
2,1928,3,5,NA
1,1956,5,5,NA
2,1955,4,5,NA
1,1970,5,5,335
2,1986,5,5,205
1,2010,3,5,NA
2,2012,3,5,NA
2,1938,2,5,NA
1,1959,5,5,NA
2,1960,4,5,NA
2,1960,3,5,NA
1,1946,4,5,NA
2,1955,4,5,NA
1,1971,7,5,1083
2,1971,7,5,NA
2,2004,5,5,NA
2,2006,4,5,NA
2,2005,5,5,NA
1,1980,7,5,450
2,1983,7,5,0
1,2012,3,5,NA
1,2017,1,5,NA
1,2020,1,5,NA
2,1949,6,5,NA
2,1944,3,5,27
1,1944,3,5,NA
2,1950,4,5,NA
1,1941,5,5,27
2,1946,3,5,27
1,1944,3,5,NA
2,1950,5,5,27
1,1937,3,5,NA
2,1942,3,5,NA
1,1950,5,5,50
2,1953,5,5,50
1,1962,7,5,658
2,1995,7,5,100
1,1977,7,5,714
2,1979,7,5,NA
1,2016,1,5,NA
1,1982,7,5,437
2,1988,7,5,170
2,2016,1,5,NA
1,1977,8,5,478
2,1983,8,5,434
2,2008,4,5,NA
2,2010,3,5,NA
1,1943,3,5,NA
2,1944,3,5,27
1,1943,7,5,NA
2,1946,5,5,NA
2,1946,3,5,27
1,1968,7,5,NA
1,1934,3,5,NA
2,1941,2,5,NA
1,1940,2,5,27
2,1942,3,5,NA
2,1943,3,5,27
2,1943,3,5,27
2,1936,2,5,27
2,1943,3,5,27
1,1937,3,5,NA
1,1961,5,5,145
2,1961,7,5,250
1,1986,7,5,708
2,1985,7,5,NA
1,2013,3,5,NA
1,2017,1,5,NA
1,1970,6,5,537
2,1978,5,5,120
1,2006,4,5,NA
1,2013,3,5,NA
2,2017,1,5,NA
1,1984,8,5,687
2,1986,8,5,NA
1,2014,3,5,NA
1,2017,1,5,NA
1,1979,9,5,671
2,1982,8,5,85
1,2015,1,5,NA
1,2017,1,5,NA
1,1982,7,5,594
2,1983,7,5,NA
1,2017,1,5,NA
1,1958,6,5,380
2,1964,5,5,70
1,1990,7,5,NA
2,1997,6,5,230
2,1977,8,5,592
1,1974,7,5,667
1,2009,3,5,NA
1,1981,6,5,297
2,1982,6,5,217
1,2016,1,5,NA
1,2016,1,5,NA
1,1977,7,5,420
2,1977,7,5,405
2,2004,5,5,NA
1,2005,5,5,NA
1,1976,7,5,NA
2,1977,7,5,NA
2,2006,4,5,NA
1,2009,3,5,NA
1,1975,7,2,833
2,1976,7,2,NA
2,2009,3,2,NA
1,1964,7,6,NA
2,1964,7,6,NA
